12/07/2025 14:56:23 - INFO - __main__ - Initialized tokenizer
12/07/2025 14:56:23 - INFO - __main__ - Found 15 models to evaluate.
12/07/2025 14:56:23 - INFO - __main__ - Constructing StereoSet dataloaders
12/07/2025 14:56:23 - INFO - __main__ - Constructed StereoSet dataloaders
12/07/2025 14:56:23 - INFO - __main__ - Evaluating model at ./models/bert-base-cased/notall/inp/adv/2e-06/64/3000/model_7
12/07/2025 14:56:23 - INFO - __main__ - ==================================================1/15==================================================
12/07/2025 14:56:25 - INFO - __main__ - Got result: {
    "path": "./models/bert-base-cased/notall/inp/adv/2e-06/64/3000/model_7",
    "gender": {
        "dev": {
            "ss": 0.6538461538461539,
            "lms": 0.9134615384615384,
            "icat": 0.632396449704142
        },
        "test": {
            "ss": 0.6153846153846154,
            "lms": 0.8557692307692307,
            "icat": 0.6582840236686389
        },
        "dev_count": 156,
        "test_count": 156
    },
    "profession": {
        "dev": {
            "ss": 0.519774011299435,
            "lms": 0.8615819209039548,
            "icat": 0.8275080596252673
        },
        "test": {
            "ss": 0.615819209039548,
            "lms": 0.8587570621468926,
            "icat": 0.6598359347569345
        },
        "dev_count": 531,
        "test_count": 531
    },
    "race": {
        "dev": {
            "ss": 0.48695652173913045,
            "lms": 0.8630434782608696,
            "icat": 0.8405293005671078
        },
        "test": {
            "ss": 0.4675324675324675,
            "lms": 0.854978354978355,
            "icat": 0.7994602799797604
        },
        "dev_count": 690,
        "test_count": 693
    },
    "religion": {
        "dev": {
            "ss": 0.5333333333333333,
            "lms": 0.8,
            "icat": 0.7466666666666667
        },
        "test": {
            "ss": 0.5625,
            "lms": 0.75,
            "icat": 0.65625
        },
        "dev_count": 45,
        "test_count": 48
    }
}
12/07/2025 14:56:25 - INFO - __main__ - ====================================================================================================
12/07/2025 14:56:25 - INFO - __main__ - Evaluating model at ./models/bert-base-cased/notall/inp/adv/2e-06/64/3000/model_6
12/07/2025 14:56:25 - INFO - __main__ - ==================================================2/15==================================================
12/07/2025 14:56:26 - INFO - __main__ - Got result: {
    "path": "./models/bert-base-cased/notall/inp/adv/2e-06/64/3000/model_6",
    "gender": {
        "dev": {
            "ss": 0.6923076923076923,
            "lms": 0.9038461538461539,
            "icat": 0.5562130177514794
        },
        "test": {
            "ss": 0.6153846153846154,
            "lms": 0.8557692307692307,
            "icat": 0.6582840236686389
        },
        "dev_count": 156,
        "test_count": 156
    },
    "profession": {
        "dev": {
            "ss": 0.5254237288135594,
            "lms": 0.864406779661017,
            "icat": 0.8204538925596092
        },
        "test": {
            "ss": 0.615819209039548,
            "lms": 0.8615819209039548,
            "icat": 0.6620064477002139
        },
        "dev_count": 531,
        "test_count": 531
    },
    "race": {
        "dev": {
            "ss": 0.49130434782608695,
            "lms": 0.8673913043478261,
            "icat": 0.8523062381852552
        },
        "test": {
            "ss": 0.4675324675324675,
            "lms": 0.8528138528138528,
            "icat": 0.7974363299038624
        },
        "dev_count": 690,
        "test_count": 693
    },
    "religion": {
        "dev": {
            "ss": 0.5333333333333333,
            "lms": 0.8333333333333334,
            "icat": 0.7777777777777778
        },
        "test": {
            "ss": 0.625,
            "lms": 0.75,
            "icat": 0.5625
        },
        "dev_count": 45,
        "test_count": 48
    }
}
12/07/2025 14:56:26 - INFO - __main__ - ====================================================================================================
12/07/2025 14:56:26 - INFO - __main__ - Evaluating model at ./models/bert-base-cased/notall/inp/adv/2e-06/64/3000/model_3
12/07/2025 14:56:26 - INFO - __main__ - ==================================================3/15==================================================
12/07/2025 14:56:27 - INFO - __main__ - Got result: {
    "path": "./models/bert-base-cased/notall/inp/adv/2e-06/64/3000/model_3",
    "gender": {
        "dev": {
            "ss": 0.7307692307692307,
            "lms": 0.9134615384615384,
            "icat": 0.49186390532544383
        },
        "test": {
            "ss": 0.6346153846153846,
            "lms": 0.875,
            "icat": 0.639423076923077
        },
        "dev_count": 156,
        "test_count": 156
    },
    "profession": {
        "dev": {
            "ss": 0.5819209039548022,
            "lms": 0.8728813559322034,
            "icat": 0.7298668964856843
        },
        "test": {
            "ss": 0.6384180790960452,
            "lms": 0.8813559322033898,
            "icat": 0.6373647419323949
        },
        "dev_count": 531,
        "test_count": 531
    },
    "race": {
        "dev": {
            "ss": 0.4956521739130435,
            "lms": 0.8739130434782608,
            "icat": 0.8663137996219281
        },
        "test": {
            "ss": 0.49783549783549785,
            "lms": 0.8571428571428571,
            "icat": 0.8534322820037106
        },
        "dev_count": 690,
        "test_count": 693
    },
    "religion": {
        "dev": {
            "ss": 0.6,
            "lms": 0.8666666666666667,
            "icat": 0.6933333333333334
        },
        "test": {
            "ss": 0.625,
            "lms": 0.78125,
            "icat": 0.5859375
        },
        "dev_count": 45,
        "test_count": 48
    }
}
12/07/2025 14:56:27 - INFO - __main__ - ====================================================================================================
12/07/2025 14:56:27 - INFO - __main__ - Evaluating model at ./models/bert-base-cased/notall/inp/adv/2e-06/64/3000/model_8
12/07/2025 14:56:27 - INFO - __main__ - ==================================================4/15==================================================
12/07/2025 14:56:27 - INFO - __main__ - Got result: {
    "path": "./models/bert-base-cased/notall/inp/adv/2e-06/64/3000/model_8",
    "gender": {
        "dev": {
            "ss": 0.6538461538461539,
            "lms": 0.9038461538461539,
            "icat": 0.6257396449704142
        },
        "test": {
            "ss": 0.6153846153846154,
            "lms": 0.8557692307692307,
            "icat": 0.6582840236686389
        },
        "dev_count": 156,
        "test_count": 156
    },
    "profession": {
        "dev": {
            "ss": 0.519774011299435,
            "lms": 0.864406779661017,
            "icat": 0.8302212008043666
        },
        "test": {
            "ss": 0.6045197740112994,
            "lms": 0.8559322033898306,
            "icat": 0.6770085224552332
        },
        "dev_count": 531,
        "test_count": 531
    },
    "race": {
        "dev": {
            "ss": 0.4826086956521739,
            "lms": 0.8695652173913043,
            "icat": 0.8393194706994328
        },
        "test": {
            "ss": 0.46320346320346323,
            "lms": 0.8528138528138528,
            "icat": 0.7900526601825304
        },
        "dev_count": 690,
        "test_count": 693
    },
    "religion": {
        "dev": {
            "ss": 0.5333333333333333,
            "lms": 0.8,
            "icat": 0.7466666666666667
        },
        "test": {
            "ss": 0.5625,
            "lms": 0.75,
            "icat": 0.65625
        },
        "dev_count": 45,
        "test_count": 48
    }
}
12/07/2025 14:56:27 - INFO - __main__ - ====================================================================================================
12/07/2025 14:56:27 - INFO - __main__ - Evaluating model at ./models/bert-base-cased/notall/inp/adv/2e-06/64/3000/model_14
12/07/2025 14:56:27 - INFO - __main__ - ==================================================5/15==================================================
12/07/2025 14:56:28 - INFO - __main__ - Got result: {
    "path": "./models/bert-base-cased/notall/inp/adv/2e-06/64/3000/model_14",
    "gender": {
        "dev": {
            "ss": 0.6346153846153846,
            "lms": 0.8846153846153846,
            "icat": 0.6464497041420119
        },
        "test": {
            "ss": 0.5769230769230769,
            "lms": 0.8173076923076923,
            "icat": 0.6915680473372782
        },
        "dev_count": 156,
        "test_count": 156
    },
    "profession": {
        "dev": {
            "ss": 0.5141242937853108,
            "lms": 0.8220338983050848,
            "icat": 0.7988126017427942
        },
        "test": {
            "ss": 0.6101694915254238,
            "lms": 0.8163841807909604,
            "icat": 0.6365029206166809
        },
        "dev_count": 531,
        "test_count": 531
    },
    "race": {
        "dev": {
            "ss": 0.4652173913043478,
            "lms": 0.8456521739130435,
            "icat": 0.7868241965973535
        },
        "test": {
            "ss": 0.45454545454545453,
            "lms": 0.829004329004329,
            "icat": 0.7536402990948445
        },
        "dev_count": 690,
        "test_count": 693
    },
    "religion": {
        "dev": {
            "ss": 0.5333333333333333,
            "lms": 0.7333333333333333,
            "icat": 0.6844444444444444
        },
        "test": {
            "ss": 0.5,
            "lms": 0.6875,
            "icat": 0.6875
        },
        "dev_count": 45,
        "test_count": 48
    }
}
12/07/2025 14:56:28 - INFO - __main__ - ====================================================================================================
12/07/2025 14:56:28 - INFO - __main__ - Evaluating model at ./models/bert-base-cased/notall/inp/adv/2e-06/64/3000/model_15
12/07/2025 14:56:28 - INFO - __main__ - ==================================================6/15==================================================
12/07/2025 14:56:29 - INFO - __main__ - Got result: {
    "path": "./models/bert-base-cased/notall/inp/adv/2e-06/64/3000/model_15",
    "gender": {
        "dev": {
            "ss": 0.6538461538461539,
            "lms": 0.8846153846153846,
            "icat": 0.6124260355029585
        },
        "test": {
            "ss": 0.5769230769230769,
            "lms": 0.7980769230769231,
            "icat": 0.6752958579881658
        },
        "dev_count": 156,
        "test_count": 156
    },
    "profession": {
        "dev": {
            "ss": 0.5141242937853108,
            "lms": 0.8192090395480226,
            "icat": 0.7960675412557056
        },
        "test": {
            "ss": 0.6045197740112994,
            "lms": 0.807909604519774,
            "icat": 0.6390245459478439
        },
        "dev_count": 531,
        "test_count": 531
    },
    "race": {
        "dev": {
            "ss": 0.4608695652173913,
            "lms": 0.8434782608695652,
            "icat": 0.7774669187145558
        },
        "test": {
            "ss": 0.45454545454545453,
            "lms": 0.8268398268398268,
            "icat": 0.751672569854388
        },
        "dev_count": 690,
        "test_count": 693
    },
    "religion": {
        "dev": {
            "ss": 0.5333333333333333,
            "lms": 0.7333333333333333,
            "icat": 0.6844444444444444
        },
        "test": {
            "ss": 0.5625,
            "lms": 0.6875,
            "icat": 0.6015625
        },
        "dev_count": 45,
        "test_count": 48
    }
}
12/07/2025 14:56:29 - INFO - __main__ - ====================================================================================================
12/07/2025 14:56:29 - INFO - __main__ - Evaluating model at ./models/bert-base-cased/notall/inp/adv/2e-06/64/3000/model_5
12/07/2025 14:56:29 - INFO - __main__ - ==================================================7/15==================================================
12/07/2025 14:56:29 - INFO - __main__ - Got result: {
    "path": "./models/bert-base-cased/notall/inp/adv/2e-06/64/3000/model_5",
    "gender": {
        "dev": {
            "ss": 0.6923076923076923,
            "lms": 0.9038461538461539,
            "icat": 0.5562130177514794
        },
        "test": {
            "ss": 0.6346153846153846,
            "lms": 0.875,
            "icat": 0.639423076923077
        },
        "dev_count": 156,
        "test_count": 156
    },
    "profession": {
        "dev": {
            "ss": 0.536723163841808,
            "lms": 0.867231638418079,
            "icat": 0.8035366593252257
        },
        "test": {
            "ss": 0.6101694915254238,
            "lms": 0.8700564971751412,
            "icat": 0.678349133390788
        },
        "dev_count": 531,
        "test_count": 531
    },
    "race": {
        "dev": {
            "ss": 0.49130434782608695,
            "lms": 0.8717391304347826,
            "icat": 0.856578449905482
        },
        "test": {
            "ss": 0.48917748917748916,
            "lms": 0.8528138528138528,
            "icat": 0.8343546785105226
        },
        "dev_count": 690,
        "test_count": 693
    },
    "religion": {
        "dev": {
            "ss": 0.5333333333333333,
            "lms": 0.8666666666666667,
            "icat": 0.8088888888888889
        },
        "test": {
            "ss": 0.625,
            "lms": 0.78125,
            "icat": 0.5859375
        },
        "dev_count": 45,
        "test_count": 48
    }
}
12/07/2025 14:56:29 - INFO - __main__ - ====================================================================================================
12/07/2025 14:56:29 - INFO - __main__ - Evaluating model at ./models/bert-base-cased/notall/inp/adv/2e-06/64/3000/model_4
12/07/2025 14:56:29 - INFO - __main__ - ==================================================8/15==================================================
12/07/2025 14:56:30 - INFO - __main__ - Got result: {
    "path": "./models/bert-base-cased/notall/inp/adv/2e-06/64/3000/model_4",
    "gender": {
        "dev": {
            "ss": 0.7115384615384616,
            "lms": 0.9038461538461539,
            "icat": 0.5214497041420117
        },
        "test": {
            "ss": 0.6346153846153846,
            "lms": 0.875,
            "icat": 0.639423076923077
        },
        "dev_count": 156,
        "test_count": 156
    },
    "profession": {
        "dev": {
            "ss": 0.5480225988700564,
            "lms": 0.8728813559322034,
            "icat": 0.7890452934980371
        },
        "test": {
            "ss": 0.6214689265536724,
            "lms": 0.8785310734463276,
            "icat": 0.6651026205751858
        },
        "dev_count": 531,
        "test_count": 531
    },
    "race": {
        "dev": {
            "ss": 0.4956521739130435,
            "lms": 0.8739130434782608,
            "icat": 0.8663137996219281
        },
        "test": {
            "ss": 0.49783549783549785,
            "lms": 0.854978354978355,
            "icat": 0.8512771499784487
        },
        "dev_count": 690,
        "test_count": 693
    },
    "religion": {
        "dev": {
            "ss": 0.5333333333333333,
            "lms": 0.8666666666666667,
            "icat": 0.8088888888888889
        },
        "test": {
            "ss": 0.625,
            "lms": 0.78125,
            "icat": 0.5859375
        },
        "dev_count": 45,
        "test_count": 48
    }
}
12/07/2025 14:56:30 - INFO - __main__ - ====================================================================================================
12/07/2025 14:56:30 - INFO - __main__ - Evaluating model at ./models/bert-base-cased/notall/inp/adv/2e-06/64/3000/model_10
12/07/2025 14:56:30 - INFO - __main__ - ==================================================9/15==================================================
12/07/2025 14:56:31 - INFO - __main__ - Got result: {
    "path": "./models/bert-base-cased/notall/inp/adv/2e-06/64/3000/model_10",
    "gender": {
        "dev": {
            "ss": 0.6538461538461539,
            "lms": 0.9038461538461539,
            "icat": 0.6257396449704142
        },
        "test": {
            "ss": 0.5961538461538461,
            "lms": 0.8365384615384616,
            "icat": 0.6756656804733728
        },
        "dev_count": 156,
        "test_count": 156
    },
    "profession": {
        "dev": {
            "ss": 0.5028248587570622,
            "lms": 0.847457627118644,
            "icat": 0.8426697309202336
        },
        "test": {
            "ss": 0.5988700564971752,
            "lms": 0.8389830508474576,
            "icat": 0.6730824475725365
        },
        "dev_count": 531,
        "test_count": 531
    },
    "race": {
        "dev": {
            "ss": 0.4782608695652174,
            "lms": 0.8630434782608696,
            "icat": 0.8255198487712666
        },
        "test": {
            "ss": 0.4675324675324675,
            "lms": 0.8441558441558441,
            "icat": 0.7893405296002698
        },
        "dev_count": 690,
        "test_count": 693
    },
    "religion": {
        "dev": {
            "ss": 0.4666666666666667,
            "lms": 0.7666666666666667,
            "icat": 0.7155555555555556
        },
        "test": {
            "ss": 0.5,
            "lms": 0.6875,
            "icat": 0.6875
        },
        "dev_count": 45,
        "test_count": 48
    }
}
12/07/2025 14:56:31 - INFO - __main__ - ====================================================================================================
12/07/2025 14:56:31 - INFO - __main__ - Evaluating model at ./models/bert-base-cased/notall/inp/adv/2e-06/64/3000/model_1
12/07/2025 14:56:31 - INFO - __main__ - ==================================================10/15==================================================
12/07/2025 14:56:31 - INFO - __main__ - Got result: {
    "path": "./models/bert-base-cased/notall/inp/adv/2e-06/64/3000/model_1",
    "gender": {
        "dev": {
            "ss": 0.7307692307692307,
            "lms": 0.9134615384615384,
            "icat": 0.49186390532544383
        },
        "test": {
            "ss": 0.6153846153846154,
            "lms": 0.8557692307692307,
            "icat": 0.6582840236686389
        },
        "dev_count": 156,
        "test_count": 156
    },
    "profession": {
        "dev": {
            "ss": 0.5988700564971752,
            "lms": 0.8700564971751412,
            "icat": 0.6980114271122602
        },
        "test": {
            "ss": 0.6384180790960452,
            "lms": 0.8870056497175142,
            "icat": 0.6414504133550385
        },
        "dev_count": 531,
        "test_count": 531
    },
    "race": {
        "dev": {
            "ss": 0.5043478260869565,
            "lms": 0.8826086956521739,
            "icat": 0.8749338374291116
        },
        "test": {
            "ss": 0.5064935064935064,
            "lms": 0.8701298701298701,
            "icat": 0.8588294822061057
        },
        "dev_count": 690,
        "test_count": 693
    },
    "religion": {
        "dev": {
            "ss": 0.6,
            "lms": 0.9333333333333333,
            "icat": 0.7466666666666667
        },
        "test": {
            "ss": 0.625,
            "lms": 0.8125,
            "icat": 0.609375
        },
        "dev_count": 45,
        "test_count": 48
    }
}
12/07/2025 14:56:31 - INFO - __main__ - ====================================================================================================
12/07/2025 14:56:31 - INFO - __main__ - Evaluating model at ./models/bert-base-cased/notall/inp/adv/2e-06/64/3000/model_9
12/07/2025 14:56:31 - INFO - __main__ - ==================================================11/15==================================================
12/07/2025 14:56:32 - INFO - __main__ - Got result: {
    "path": "./models/bert-base-cased/notall/inp/adv/2e-06/64/3000/model_9",
    "gender": {
        "dev": {
            "ss": 0.6538461538461539,
            "lms": 0.9038461538461539,
            "icat": 0.6257396449704142
        },
        "test": {
            "ss": 0.5961538461538461,
            "lms": 0.8365384615384616,
            "icat": 0.6756656804733728
        },
        "dev_count": 156,
        "test_count": 156
    },
    "profession": {
        "dev": {
            "ss": 0.5028248587570622,
            "lms": 0.8615819209039548,
            "icat": 0.8567142264355708
        },
        "test": {
            "ss": 0.5932203389830508,
            "lms": 0.8531073446327684,
            "icat": 0.6940534329215743
        },
        "dev_count": 531,
        "test_count": 531
    },
    "race": {
        "dev": {
            "ss": 0.48695652173913045,
            "lms": 0.8695652173913043,
            "icat": 0.8468809073724007
        },
        "test": {
            "ss": 0.4588744588744589,
            "lms": 0.8463203463203464,
            "icat": 0.7767095819043871
        },
        "dev_count": 690,
        "test_count": 693
    },
    "religion": {
        "dev": {
            "ss": 0.5333333333333333,
            "lms": 0.7666666666666667,
            "icat": 0.7155555555555556
        },
        "test": {
            "ss": 0.5,
            "lms": 0.71875,
            "icat": 0.71875
        },
        "dev_count": 45,
        "test_count": 48
    }
}
12/07/2025 14:56:32 - INFO - __main__ - ====================================================================================================
12/07/2025 14:56:32 - INFO - __main__ - Evaluating model at ./models/bert-base-cased/notall/inp/adv/2e-06/64/3000/model_11
12/07/2025 14:56:32 - INFO - __main__ - ==================================================12/15==================================================
12/07/2025 14:56:33 - INFO - __main__ - Got result: {
    "path": "./models/bert-base-cased/notall/inp/adv/2e-06/64/3000/model_11",
    "gender": {
        "dev": {
            "ss": 0.6346153846153846,
            "lms": 0.9038461538461539,
            "icat": 0.6605029585798817
        },
        "test": {
            "ss": 0.5961538461538461,
            "lms": 0.8365384615384616,
            "icat": 0.6756656804733728
        },
        "dev_count": 156,
        "test_count": 156
    },
    "profession": {
        "dev": {
            "ss": 0.5084745762711864,
            "lms": 0.8361581920903954,
            "icat": 0.8219860193431007
        },
        "test": {
            "ss": 0.5988700564971752,
            "lms": 0.8361581920903954,
            "icat": 0.6708161767052889
        },
        "dev_count": 531,
        "test_count": 531
    },
    "race": {
        "dev": {
            "ss": 0.47391304347826085,
            "lms": 0.8565217391304348,
            "icat": 0.8118336483931947
        },
        "test": {
            "ss": 0.4588744588744589,
            "lms": 0.8376623376623377,
            "icat": 0.7687637038286389
        },
        "dev_count": 690,
        "test_count": 693
    },
    "religion": {
        "dev": {
            "ss": 0.5333333333333333,
            "lms": 0.7666666666666667,
            "icat": 0.7155555555555556
        },
        "test": {
            "ss": 0.5,
            "lms": 0.71875,
            "icat": 0.71875
        },
        "dev_count": 45,
        "test_count": 48
    }
}
12/07/2025 14:56:33 - INFO - __main__ - ====================================================================================================
12/07/2025 14:56:33 - INFO - __main__ - Evaluating model at ./models/bert-base-cased/notall/inp/adv/2e-06/64/3000/model_13
12/07/2025 14:56:33 - INFO - __main__ - ==================================================13/15==================================================
12/07/2025 14:56:33 - INFO - __main__ - Got result: {
    "path": "./models/bert-base-cased/notall/inp/adv/2e-06/64/3000/model_13",
    "gender": {
        "dev": {
            "ss": 0.6346153846153846,
            "lms": 0.8846153846153846,
            "icat": 0.6464497041420119
        },
        "test": {
            "ss": 0.5769230769230769,
            "lms": 0.8173076923076923,
            "icat": 0.6915680473372782
        },
        "dev_count": 156,
        "test_count": 156
    },
    "profession": {
        "dev": {
            "ss": 0.519774011299435,
            "lms": 0.827683615819209,
            "icat": 0.7949503654760764
        },
        "test": {
            "ss": 0.6101694915254238,
            "lms": 0.8192090395480226,
            "icat": 0.6387053528679497
        },
        "dev_count": 531,
        "test_count": 531
    },
    "race": {
        "dev": {
            "ss": 0.4826086956521739,
            "lms": 0.8521739130434782,
            "icat": 0.8225330812854442
        },
        "test": {
            "ss": 0.45454545454545453,
            "lms": 0.8311688311688312,
            "icat": 0.755608028335301
        },
        "dev_count": 690,
        "test_count": 693
    },
    "religion": {
        "dev": {
            "ss": 0.5333333333333333,
            "lms": 0.7666666666666667,
            "icat": 0.7155555555555556
        },
        "test": {
            "ss": 0.5,
            "lms": 0.6875,
            "icat": 0.6875
        },
        "dev_count": 45,
        "test_count": 48
    }
}
12/07/2025 14:56:33 - INFO - __main__ - ====================================================================================================
12/07/2025 14:56:33 - INFO - __main__ - Evaluating model at ./models/bert-base-cased/notall/inp/adv/2e-06/64/3000/model_2
12/07/2025 14:56:33 - INFO - __main__ - ==================================================14/15==================================================
12/07/2025 14:56:34 - INFO - __main__ - Got result: {
    "path": "./models/bert-base-cased/notall/inp/adv/2e-06/64/3000/model_2",
    "gender": {
        "dev": {
            "ss": 0.7307692307692307,
            "lms": 0.9134615384615384,
            "icat": 0.49186390532544383
        },
        "test": {
            "ss": 0.6153846153846154,
            "lms": 0.8653846153846154,
            "icat": 0.665680473372781
        },
        "dev_count": 156,
        "test_count": 156
    },
    "profession": {
        "dev": {
            "ss": 0.5875706214689266,
            "lms": 0.8728813559322034,
            "icat": 0.7200038303169587
        },
        "test": {
            "ss": 0.632768361581921,
            "lms": 0.884180790960452,
            "icat": 0.6493983210443997
        },
        "dev_count": 531,
        "test_count": 531
    },
    "race": {
        "dev": {
            "ss": 0.5,
            "lms": 0.8760869565217392,
            "icat": 0.8760869565217392
        },
        "test": {
            "ss": 0.49783549783549785,
            "lms": 0.8636363636363636,
            "icat": 0.8598976780794964
        },
        "dev_count": 690,
        "test_count": 693
    },
    "religion": {
        "dev": {
            "ss": 0.6,
            "lms": 0.9,
            "icat": 0.7200000000000001
        },
        "test": {
            "ss": 0.625,
            "lms": 0.78125,
            "icat": 0.5859375
        },
        "dev_count": 45,
        "test_count": 48
    }
}
12/07/2025 14:56:34 - INFO - __main__ - ====================================================================================================
12/07/2025 14:56:34 - INFO - __main__ - Evaluating model at ./models/bert-base-cased/notall/inp/adv/2e-06/64/3000/model_12
12/07/2025 14:56:34 - INFO - __main__ - ==================================================15/15==================================================
12/07/2025 14:56:35 - INFO - __main__ - Got result: {
    "path": "./models/bert-base-cased/notall/inp/adv/2e-06/64/3000/model_12",
    "gender": {
        "dev": {
            "ss": 0.6346153846153846,
            "lms": 0.8942307692307693,
            "icat": 0.6534763313609468
        },
        "test": {
            "ss": 0.5576923076923077,
            "lms": 0.8173076923076923,
            "icat": 0.7230029585798816
        },
        "dev_count": 156,
        "test_count": 156
    },
    "profession": {
        "dev": {
            "ss": 0.5141242937853108,
            "lms": 0.827683615819209,
            "icat": 0.8043027227169715
        },
        "test": {
            "ss": 0.615819209039548,
            "lms": 0.8305084745762712,
            "icat": 0.6381308053241406
        },
        "dev_count": 531,
        "test_count": 531
    },
    "race": {
        "dev": {
            "ss": 0.4782608695652174,
            "lms": 0.8543478260869565,
            "icat": 0.8172022684310019
        },
        "test": {
            "ss": 0.4588744588744589,
            "lms": 0.8311688311688312,
            "icat": 0.7628042952718278
        },
        "dev_count": 690,
        "test_count": 693
    },
    "religion": {
        "dev": {
            "ss": 0.5333333333333333,
            "lms": 0.7666666666666667,
            "icat": 0.7155555555555556
        },
        "test": {
            "ss": 0.5,
            "lms": 0.71875,
            "icat": 0.71875
        },
        "dev_count": 45,
        "test_count": 48
    }
}
12/07/2025 14:56:35 - INFO - __main__ - ====================================================================================================
12/07/2025 14:56:35 - INFO - __main__ - Got results map {
    "notall": {
        "inp": {
            "adv": {
                "2e-06": {
                    "64": {
                        "3000": {
                            "model_7": {
                                "path": "./models/bert-base-cased/notall/inp/adv/2e-06/64/3000/model_7",
                                "gender": {
                                    "dev": {
                                        "ss": 0.6538461538461539,
                                        "lms": 0.9134615384615384,
                                        "icat": 0.632396449704142
                                    },
                                    "test": {
                                        "ss": 0.6153846153846154,
                                        "lms": 0.8557692307692307,
                                        "icat": 0.6582840236686389
                                    },
                                    "dev_count": 156,
                                    "test_count": 156
                                },
                                "profession": {
                                    "dev": {
                                        "ss": 0.519774011299435,
                                        "lms": 0.8615819209039548,
                                        "icat": 0.8275080596252673
                                    },
                                    "test": {
                                        "ss": 0.615819209039548,
                                        "lms": 0.8587570621468926,
                                        "icat": 0.6598359347569345
                                    },
                                    "dev_count": 531,
                                    "test_count": 531
                                },
                                "race": {
                                    "dev": {
                                        "ss": 0.48695652173913045,
                                        "lms": 0.8630434782608696,
                                        "icat": 0.8405293005671078
                                    },
                                    "test": {
                                        "ss": 0.4675324675324675,
                                        "lms": 0.854978354978355,
                                        "icat": 0.7994602799797604
                                    },
                                    "dev_count": 690,
                                    "test_count": 693
                                },
                                "religion": {
                                    "dev": {
                                        "ss": 0.5333333333333333,
                                        "lms": 0.8,
                                        "icat": 0.7466666666666667
                                    },
                                    "test": {
                                        "ss": 0.5625,
                                        "lms": 0.75,
                                        "icat": 0.65625
                                    },
                                    "dev_count": 45,
                                    "test_count": 48
                                }
                            },
                            "model_6": {
                                "path": "./models/bert-base-cased/notall/inp/adv/2e-06/64/3000/model_6",
                                "gender": {
                                    "dev": {
                                        "ss": 0.6923076923076923,
                                        "lms": 0.9038461538461539,
                                        "icat": 0.5562130177514794
                                    },
                                    "test": {
                                        "ss": 0.6153846153846154,
                                        "lms": 0.8557692307692307,
                                        "icat": 0.6582840236686389
                                    },
                                    "dev_count": 156,
                                    "test_count": 156
                                },
                                "profession": {
                                    "dev": {
                                        "ss": 0.5254237288135594,
                                        "lms": 0.864406779661017,
                                        "icat": 0.8204538925596092
                                    },
                                    "test": {
                                        "ss": 0.615819209039548,
                                        "lms": 0.8615819209039548,
                                        "icat": 0.6620064477002139
                                    },
                                    "dev_count": 531,
                                    "test_count": 531
                                },
                                "race": {
                                    "dev": {
                                        "ss": 0.49130434782608695,
                                        "lms": 0.8673913043478261,
                                        "icat": 0.8523062381852552
                                    },
                                    "test": {
                                        "ss": 0.4675324675324675,
                                        "lms": 0.8528138528138528,
                                        "icat": 0.7974363299038624
                                    },
                                    "dev_count": 690,
                                    "test_count": 693
                                },
                                "religion": {
                                    "dev": {
                                        "ss": 0.5333333333333333,
                                        "lms": 0.8333333333333334,
                                        "icat": 0.7777777777777778
                                    },
                                    "test": {
                                        "ss": 0.625,
                                        "lms": 0.75,
                                        "icat": 0.5625
                                    },
                                    "dev_count": 45,
                                    "test_count": 48
                                }
                            },
                            "model_3": {
                                "path": "./models/bert-base-cased/notall/inp/adv/2e-06/64/3000/model_3",
                                "gender": {
                                    "dev": {
                                        "ss": 0.7307692307692307,
                                        "lms": 0.9134615384615384,
                                        "icat": 0.49186390532544383
                                    },
                                    "test": {
                                        "ss": 0.6346153846153846,
                                        "lms": 0.875,
                                        "icat": 0.639423076923077
                                    },
                                    "dev_count": 156,
                                    "test_count": 156
                                },
                                "profession": {
                                    "dev": {
                                        "ss": 0.5819209039548022,
                                        "lms": 0.8728813559322034,
                                        "icat": 0.7298668964856843
                                    },
                                    "test": {
                                        "ss": 0.6384180790960452,
                                        "lms": 0.8813559322033898,
                                        "icat": 0.6373647419323949
                                    },
                                    "dev_count": 531,
                                    "test_count": 531
                                },
                                "race": {
                                    "dev": {
                                        "ss": 0.4956521739130435,
                                        "lms": 0.8739130434782608,
                                        "icat": 0.8663137996219281
                                    },
                                    "test": {
                                        "ss": 0.49783549783549785,
                                        "lms": 0.8571428571428571,
                                        "icat": 0.8534322820037106
                                    },
                                    "dev_count": 690,
                                    "test_count": 693
                                },
                                "religion": {
                                    "dev": {
                                        "ss": 0.6,
                                        "lms": 0.8666666666666667,
                                        "icat": 0.6933333333333334
                                    },
                                    "test": {
                                        "ss": 0.625,
                                        "lms": 0.78125,
                                        "icat": 0.5859375
                                    },
                                    "dev_count": 45,
                                    "test_count": 48
                                }
                            },
                            "model_8": {
                                "path": "./models/bert-base-cased/notall/inp/adv/2e-06/64/3000/model_8",
                                "gender": {
                                    "dev": {
                                        "ss": 0.6538461538461539,
                                        "lms": 0.9038461538461539,
                                        "icat": 0.6257396449704142
                                    },
                                    "test": {
                                        "ss": 0.6153846153846154,
                                        "lms": 0.8557692307692307,
                                        "icat": 0.6582840236686389
                                    },
                                    "dev_count": 156,
                                    "test_count": 156
                                },
                                "profession": {
                                    "dev": {
                                        "ss": 0.519774011299435,
                                        "lms": 0.864406779661017,
                                        "icat": 0.8302212008043666
                                    },
                                    "test": {
                                        "ss": 0.6045197740112994,
                                        "lms": 0.8559322033898306,
                                        "icat": 0.6770085224552332
                                    },
                                    "dev_count": 531,
                                    "test_count": 531
                                },
                                "race": {
                                    "dev": {
                                        "ss": 0.4826086956521739,
                                        "lms": 0.8695652173913043,
                                        "icat": 0.8393194706994328
                                    },
                                    "test": {
                                        "ss": 0.46320346320346323,
                                        "lms": 0.8528138528138528,
                                        "icat": 0.7900526601825304
                                    },
                                    "dev_count": 690,
                                    "test_count": 693
                                },
                                "religion": {
                                    "dev": {
                                        "ss": 0.5333333333333333,
                                        "lms": 0.8,
                                        "icat": 0.7466666666666667
                                    },
                                    "test": {
                                        "ss": 0.5625,
                                        "lms": 0.75,
                                        "icat": 0.65625
                                    },
                                    "dev_count": 45,
                                    "test_count": 48
                                }
                            },
                            "model_14": {
                                "path": "./models/bert-base-cased/notall/inp/adv/2e-06/64/3000/model_14",
                                "gender": {
                                    "dev": {
                                        "ss": 0.6346153846153846,
                                        "lms": 0.8846153846153846,
                                        "icat": 0.6464497041420119
                                    },
                                    "test": {
                                        "ss": 0.5769230769230769,
                                        "lms": 0.8173076923076923,
                                        "icat": 0.6915680473372782
                                    },
                                    "dev_count": 156,
                                    "test_count": 156
                                },
                                "profession": {
                                    "dev": {
                                        "ss": 0.5141242937853108,
                                        "lms": 0.8220338983050848,
                                        "icat": 0.7988126017427942
                                    },
                                    "test": {
                                        "ss": 0.6101694915254238,
                                        "lms": 0.8163841807909604,
                                        "icat": 0.6365029206166809
                                    },
                                    "dev_count": 531,
                                    "test_count": 531
                                },
                                "race": {
                                    "dev": {
                                        "ss": 0.4652173913043478,
                                        "lms": 0.8456521739130435,
                                        "icat": 0.7868241965973535
                                    },
                                    "test": {
                                        "ss": 0.45454545454545453,
                                        "lms": 0.829004329004329,
                                        "icat": 0.7536402990948445
                                    },
                                    "dev_count": 690,
                                    "test_count": 693
                                },
                                "religion": {
                                    "dev": {
                                        "ss": 0.5333333333333333,
                                        "lms": 0.7333333333333333,
                                        "icat": 0.6844444444444444
                                    },
                                    "test": {
                                        "ss": 0.5,
                                        "lms": 0.6875,
                                        "icat": 0.6875
                                    },
                                    "dev_count": 45,
                                    "test_count": 48
                                }
                            },
                            "model_15": {
                                "path": "./models/bert-base-cased/notall/inp/adv/2e-06/64/3000/model_15",
                                "gender": {
                                    "dev": {
                                        "ss": 0.6538461538461539,
                                        "lms": 0.8846153846153846,
                                        "icat": 0.6124260355029585
                                    },
                                    "test": {
                                        "ss": 0.5769230769230769,
                                        "lms": 0.7980769230769231,
                                        "icat": 0.6752958579881658
                                    },
                                    "dev_count": 156,
                                    "test_count": 156
                                },
                                "profession": {
                                    "dev": {
                                        "ss": 0.5141242937853108,
                                        "lms": 0.8192090395480226,
                                        "icat": 0.7960675412557056
                                    },
                                    "test": {
                                        "ss": 0.6045197740112994,
                                        "lms": 0.807909604519774,
                                        "icat": 0.6390245459478439
                                    },
                                    "dev_count": 531,
                                    "test_count": 531
                                },
                                "race": {
                                    "dev": {
                                        "ss": 0.4608695652173913,
                                        "lms": 0.8434782608695652,
                                        "icat": 0.7774669187145558
                                    },
                                    "test": {
                                        "ss": 0.45454545454545453,
                                        "lms": 0.8268398268398268,
                                        "icat": 0.751672569854388
                                    },
                                    "dev_count": 690,
                                    "test_count": 693
                                },
                                "religion": {
                                    "dev": {
                                        "ss": 0.5333333333333333,
                                        "lms": 0.7333333333333333,
                                        "icat": 0.6844444444444444
                                    },
                                    "test": {
                                        "ss": 0.5625,
                                        "lms": 0.6875,
                                        "icat": 0.6015625
                                    },
                                    "dev_count": 45,
                                    "test_count": 48
                                }
                            },
                            "model_5": {
                                "path": "./models/bert-base-cased/notall/inp/adv/2e-06/64/3000/model_5",
                                "gender": {
                                    "dev": {
                                        "ss": 0.6923076923076923,
                                        "lms": 0.9038461538461539,
                                        "icat": 0.5562130177514794
                                    },
                                    "test": {
                                        "ss": 0.6346153846153846,
                                        "lms": 0.875,
                                        "icat": 0.639423076923077
                                    },
                                    "dev_count": 156,
                                    "test_count": 156
                                },
                                "profession": {
                                    "dev": {
                                        "ss": 0.536723163841808,
                                        "lms": 0.867231638418079,
                                        "icat": 0.8035366593252257
                                    },
                                    "test": {
                                        "ss": 0.6101694915254238,
                                        "lms": 0.8700564971751412,
                                        "icat": 0.678349133390788
                                    },
                                    "dev_count": 531,
                                    "test_count": 531
                                },
                                "race": {
                                    "dev": {
                                        "ss": 0.49130434782608695,
                                        "lms": 0.8717391304347826,
                                        "icat": 0.856578449905482
                                    },
                                    "test": {
                                        "ss": 0.48917748917748916,
                                        "lms": 0.8528138528138528,
                                        "icat": 0.8343546785105226
                                    },
                                    "dev_count": 690,
                                    "test_count": 693
                                },
                                "religion": {
                                    "dev": {
                                        "ss": 0.5333333333333333,
                                        "lms": 0.8666666666666667,
                                        "icat": 0.8088888888888889
                                    },
                                    "test": {
                                        "ss": 0.625,
                                        "lms": 0.78125,
                                        "icat": 0.5859375
                                    },
                                    "dev_count": 45,
                                    "test_count": 48
                                }
                            },
                            "model_4": {
                                "path": "./models/bert-base-cased/notall/inp/adv/2e-06/64/3000/model_4",
                                "gender": {
                                    "dev": {
                                        "ss": 0.7115384615384616,
                                        "lms": 0.9038461538461539,
                                        "icat": 0.5214497041420117
                                    },
                                    "test": {
                                        "ss": 0.6346153846153846,
                                        "lms": 0.875,
                                        "icat": 0.639423076923077
                                    },
                                    "dev_count": 156,
                                    "test_count": 156
                                },
                                "profession": {
                                    "dev": {
                                        "ss": 0.5480225988700564,
                                        "lms": 0.8728813559322034,
                                        "icat": 0.7890452934980371
                                    },
                                    "test": {
                                        "ss": 0.6214689265536724,
                                        "lms": 0.8785310734463276,
                                        "icat": 0.6651026205751858
                                    },
                                    "dev_count": 531,
                                    "test_count": 531
                                },
                                "race": {
                                    "dev": {
                                        "ss": 0.4956521739130435,
                                        "lms": 0.8739130434782608,
                                        "icat": 0.8663137996219281
                                    },
                                    "test": {
                                        "ss": 0.49783549783549785,
                                        "lms": 0.854978354978355,
                                        "icat": 0.8512771499784487
                                    },
                                    "dev_count": 690,
                                    "test_count": 693
                                },
                                "religion": {
                                    "dev": {
                                        "ss": 0.5333333333333333,
                                        "lms": 0.8666666666666667,
                                        "icat": 0.8088888888888889
                                    },
                                    "test": {
                                        "ss": 0.625,
                                        "lms": 0.78125,
                                        "icat": 0.5859375
                                    },
                                    "dev_count": 45,
                                    "test_count": 48
                                }
                            },
                            "model_10": {
                                "path": "./models/bert-base-cased/notall/inp/adv/2e-06/64/3000/model_10",
                                "gender": {
                                    "dev": {
                                        "ss": 0.6538461538461539,
                                        "lms": 0.9038461538461539,
                                        "icat": 0.6257396449704142
                                    },
                                    "test": {
                                        "ss": 0.5961538461538461,
                                        "lms": 0.8365384615384616,
                                        "icat": 0.6756656804733728
                                    },
                                    "dev_count": 156,
                                    "test_count": 156
                                },
                                "profession": {
                                    "dev": {
                                        "ss": 0.5028248587570622,
                                        "lms": 0.847457627118644,
                                        "icat": 0.8426697309202336
                                    },
                                    "test": {
                                        "ss": 0.5988700564971752,
                                        "lms": 0.8389830508474576,
                                        "icat": 0.6730824475725365
                                    },
                                    "dev_count": 531,
                                    "test_count": 531
                                },
                                "race": {
                                    "dev": {
                                        "ss": 0.4782608695652174,
                                        "lms": 0.8630434782608696,
                                        "icat": 0.8255198487712666
                                    },
                                    "test": {
                                        "ss": 0.4675324675324675,
                                        "lms": 0.8441558441558441,
                                        "icat": 0.7893405296002698
                                    },
                                    "dev_count": 690,
                                    "test_count": 693
                                },
                                "religion": {
                                    "dev": {
                                        "ss": 0.4666666666666667,
                                        "lms": 0.7666666666666667,
                                        "icat": 0.7155555555555556
                                    },
                                    "test": {
                                        "ss": 0.5,
                                        "lms": 0.6875,
                                        "icat": 0.6875
                                    },
                                    "dev_count": 45,
                                    "test_count": 48
                                }
                            },
                            "model_1": {
                                "path": "./models/bert-base-cased/notall/inp/adv/2e-06/64/3000/model_1",
                                "gender": {
                                    "dev": {
                                        "ss": 0.7307692307692307,
                                        "lms": 0.9134615384615384,
                                        "icat": 0.49186390532544383
                                    },
                                    "test": {
                                        "ss": 0.6153846153846154,
                                        "lms": 0.8557692307692307,
                                        "icat": 0.6582840236686389
                                    },
                                    "dev_count": 156,
                                    "test_count": 156
                                },
                                "profession": {
                                    "dev": {
                                        "ss": 0.5988700564971752,
                                        "lms": 0.8700564971751412,
                                        "icat": 0.6980114271122602
                                    },
                                    "test": {
                                        "ss": 0.6384180790960452,
                                        "lms": 0.8870056497175142,
                                        "icat": 0.6414504133550385
                                    },
                                    "dev_count": 531,
                                    "test_count": 531
                                },
                                "race": {
                                    "dev": {
                                        "ss": 0.5043478260869565,
                                        "lms": 0.8826086956521739,
                                        "icat": 0.8749338374291116
                                    },
                                    "test": {
                                        "ss": 0.5064935064935064,
                                        "lms": 0.8701298701298701,
                                        "icat": 0.8588294822061057
                                    },
                                    "dev_count": 690,
                                    "test_count": 693
                                },
                                "religion": {
                                    "dev": {
                                        "ss": 0.6,
                                        "lms": 0.9333333333333333,
                                        "icat": 0.7466666666666667
                                    },
                                    "test": {
                                        "ss": 0.625,
                                        "lms": 0.8125,
                                        "icat": 0.609375
                                    },
                                    "dev_count": 45,
                                    "test_count": 48
                                }
                            },
                            "model_9": {
                                "path": "./models/bert-base-cased/notall/inp/adv/2e-06/64/3000/model_9",
                                "gender": {
                                    "dev": {
                                        "ss": 0.6538461538461539,
                                        "lms": 0.9038461538461539,
                                        "icat": 0.6257396449704142
                                    },
                                    "test": {
                                        "ss": 0.5961538461538461,
                                        "lms": 0.8365384615384616,
                                        "icat": 0.6756656804733728
                                    },
                                    "dev_count": 156,
                                    "test_count": 156
                                },
                                "profession": {
                                    "dev": {
                                        "ss": 0.5028248587570622,
                                        "lms": 0.8615819209039548,
                                        "icat": 0.8567142264355708
                                    },
                                    "test": {
                                        "ss": 0.5932203389830508,
                                        "lms": 0.8531073446327684,
                                        "icat": 0.6940534329215743
                                    },
                                    "dev_count": 531,
                                    "test_count": 531
                                },
                                "race": {
                                    "dev": {
                                        "ss": 0.48695652173913045,
                                        "lms": 0.8695652173913043,
                                        "icat": 0.8468809073724007
                                    },
                                    "test": {
                                        "ss": 0.4588744588744589,
                                        "lms": 0.8463203463203464,
                                        "icat": 0.7767095819043871
                                    },
                                    "dev_count": 690,
                                    "test_count": 693
                                },
                                "religion": {
                                    "dev": {
                                        "ss": 0.5333333333333333,
                                        "lms": 0.7666666666666667,
                                        "icat": 0.7155555555555556
                                    },
                                    "test": {
                                        "ss": 0.5,
                                        "lms": 0.71875,
                                        "icat": 0.71875
                                    },
                                    "dev_count": 45,
                                    "test_count": 48
                                }
                            },
                            "model_11": {
                                "path": "./models/bert-base-cased/notall/inp/adv/2e-06/64/3000/model_11",
                                "gender": {
                                    "dev": {
                                        "ss": 0.6346153846153846,
                                        "lms": 0.9038461538461539,
                                        "icat": 0.6605029585798817
                                    },
                                    "test": {
                                        "ss": 0.5961538461538461,
                                        "lms": 0.8365384615384616,
                                        "icat": 0.6756656804733728
                                    },
                                    "dev_count": 156,
                                    "test_count": 156
                                },
                                "profession": {
                                    "dev": {
                                        "ss": 0.5084745762711864,
                                        "lms": 0.8361581920903954,
                                        "icat": 0.8219860193431007
                                    },
                                    "test": {
                                        "ss": 0.5988700564971752,
                                        "lms": 0.8361581920903954,
                                        "icat": 0.6708161767052889
                                    },
                                    "dev_count": 531,
                                    "test_count": 531
                                },
                                "race": {
                                    "dev": {
                                        "ss": 0.47391304347826085,
                                        "lms": 0.8565217391304348,
                                        "icat": 0.8118336483931947
                                    },
                                    "test": {
                                        "ss": 0.4588744588744589,
                                        "lms": 0.8376623376623377,
                                        "icat": 0.7687637038286389
                                    },
                                    "dev_count": 690,
                                    "test_count": 693
                                },
                                "religion": {
                                    "dev": {
                                        "ss": 0.5333333333333333,
                                        "lms": 0.7666666666666667,
                                        "icat": 0.7155555555555556
                                    },
                                    "test": {
                                        "ss": 0.5,
                                        "lms": 0.71875,
                                        "icat": 0.71875
                                    },
                                    "dev_count": 45,
                                    "test_count": 48
                                }
                            },
                            "model_13": {
                                "path": "./models/bert-base-cased/notall/inp/adv/2e-06/64/3000/model_13",
                                "gender": {
                                    "dev": {
                                        "ss": 0.6346153846153846,
                                        "lms": 0.8846153846153846,
                                        "icat": 0.6464497041420119
                                    },
                                    "test": {
                                        "ss": 0.5769230769230769,
                                        "lms": 0.8173076923076923,
                                        "icat": 0.6915680473372782
                                    },
                                    "dev_count": 156,
                                    "test_count": 156
                                },
                                "profession": {
                                    "dev": {
                                        "ss": 0.519774011299435,
                                        "lms": 0.827683615819209,
                                        "icat": 0.7949503654760764
                                    },
                                    "test": {
                                        "ss": 0.6101694915254238,
                                        "lms": 0.8192090395480226,
                                        "icat": 0.6387053528679497
                                    },
                                    "dev_count": 531,
                                    "test_count": 531
                                },
                                "race": {
                                    "dev": {
                                        "ss": 0.4826086956521739,
                                        "lms": 0.8521739130434782,
                                        "icat": 0.8225330812854442
                                    },
                                    "test": {
                                        "ss": 0.45454545454545453,
                                        "lms": 0.8311688311688312,
                                        "icat": 0.755608028335301
                                    },
                                    "dev_count": 690,
                                    "test_count": 693
                                },
                                "religion": {
                                    "dev": {
                                        "ss": 0.5333333333333333,
                                        "lms": 0.7666666666666667,
                                        "icat": 0.7155555555555556
                                    },
                                    "test": {
                                        "ss": 0.5,
                                        "lms": 0.6875,
                                        "icat": 0.6875
                                    },
                                    "dev_count": 45,
                                    "test_count": 48
                                }
                            },
                            "model_2": {
                                "path": "./models/bert-base-cased/notall/inp/adv/2e-06/64/3000/model_2",
                                "gender": {
                                    "dev": {
                                        "ss": 0.7307692307692307,
                                        "lms": 0.9134615384615384,
                                        "icat": 0.49186390532544383
                                    },
                                    "test": {
                                        "ss": 0.6153846153846154,
                                        "lms": 0.8653846153846154,
                                        "icat": 0.665680473372781
                                    },
                                    "dev_count": 156,
                                    "test_count": 156
                                },
                                "profession": {
                                    "dev": {
                                        "ss": 0.5875706214689266,
                                        "lms": 0.8728813559322034,
                                        "icat": 0.7200038303169587
                                    },
                                    "test": {
                                        "ss": 0.632768361581921,
                                        "lms": 0.884180790960452,
                                        "icat": 0.6493983210443997
                                    },
                                    "dev_count": 531,
                                    "test_count": 531
                                },
                                "race": {
                                    "dev": {
                                        "ss": 0.5,
                                        "lms": 0.8760869565217392,
                                        "icat": 0.8760869565217392
                                    },
                                    "test": {
                                        "ss": 0.49783549783549785,
                                        "lms": 0.8636363636363636,
                                        "icat": 0.8598976780794964
                                    },
                                    "dev_count": 690,
                                    "test_count": 693
                                },
                                "religion": {
                                    "dev": {
                                        "ss": 0.6,
                                        "lms": 0.9,
                                        "icat": 0.7200000000000001
                                    },
                                    "test": {
                                        "ss": 0.625,
                                        "lms": 0.78125,
                                        "icat": 0.5859375
                                    },
                                    "dev_count": 45,
                                    "test_count": 48
                                }
                            },
                            "model_12": {
                                "path": "./models/bert-base-cased/notall/inp/adv/2e-06/64/3000/model_12",
                                "gender": {
                                    "dev": {
                                        "ss": 0.6346153846153846,
                                        "lms": 0.8942307692307693,
                                        "icat": 0.6534763313609468
                                    },
                                    "test": {
                                        "ss": 0.5576923076923077,
                                        "lms": 0.8173076923076923,
                                        "icat": 0.7230029585798816
                                    },
                                    "dev_count": 156,
                                    "test_count": 156
                                },
                                "profession": {
                                    "dev": {
                                        "ss": 0.5141242937853108,
                                        "lms": 0.827683615819209,
                                        "icat": 0.8043027227169715
                                    },
                                    "test": {
                                        "ss": 0.615819209039548,
                                        "lms": 0.8305084745762712,
                                        "icat": 0.6381308053241406
                                    },
                                    "dev_count": 531,
                                    "test_count": 531
                                },
                                "race": {
                                    "dev": {
                                        "ss": 0.4782608695652174,
                                        "lms": 0.8543478260869565,
                                        "icat": 0.8172022684310019
                                    },
                                    "test": {
                                        "ss": 0.4588744588744589,
                                        "lms": 0.8311688311688312,
                                        "icat": 0.7628042952718278
                                    },
                                    "dev_count": 690,
                                    "test_count": 693
                                },
                                "religion": {
                                    "dev": {
                                        "ss": 0.5333333333333333,
                                        "lms": 0.7666666666666667,
                                        "icat": 0.7155555555555556
                                    },
                                    "test": {
                                        "ss": 0.5,
                                        "lms": 0.71875,
                                        "icat": 0.71875
                                    },
                                    "dev_count": 45,
                                    "test_count": 48
                                }
                            }
                        }
                    }
                }
            }
        }
    }
}
12/07/2025 14:56:35 - INFO - __main__ - Got best results {
    "best_model": {
        "path": "./models/bert-base-cased/notall/inp/adv/2e-06/64/3000/model_10",
        "gender": {
            "dev": {
                "ss": 0.6538461538461539,
                "lms": 0.9038461538461539,
                "icat": 0.6257396449704142
            },
            "test": {
                "ss": 0.5961538461538461,
                "lms": 0.8365384615384616,
                "icat": 0.6756656804733728
            },
            "dev_count": 156,
            "test_count": 156
        },
        "profession": {
            "dev": {
                "ss": 0.5028248587570622,
                "lms": 0.847457627118644,
                "icat": 0.8426697309202336
            },
            "test": {
                "ss": 0.5988700564971752,
                "lms": 0.8389830508474576,
                "icat": 0.6730824475725365
            },
            "dev_count": 531,
            "test_count": 531
        },
        "race": {
            "dev": {
                "ss": 0.4782608695652174,
                "lms": 0.8630434782608696,
                "icat": 0.8255198487712666
            },
            "test": {
                "ss": 0.4675324675324675,
                "lms": 0.8441558441558441,
                "icat": 0.7893405296002698
            },
            "dev_count": 690,
            "test_count": 693
        },
        "religion": {
            "dev": {
                "ss": 0.4666666666666667,
                "lms": 0.7666666666666667,
                "icat": 0.7155555555555556
            },
            "test": {
                "ss": 0.5,
                "lms": 0.6875,
                "icat": 0.6875
            },
            "dev_count": 45,
            "test_count": 48
        },
        "dev_criterion_score": -0.537117903930131,
        "test_criterion_score": -0.5982532751091703
    },
    "notall": {
        "best_model": {
            "path": "./models/bert-base-cased/notall/inp/adv/2e-06/64/3000/model_10",
            "gender": {
                "dev": {
                    "ss": 0.6538461538461539,
                    "lms": 0.9038461538461539,
                    "icat": 0.6257396449704142
                },
                "test": {
                    "ss": 0.5961538461538461,
                    "lms": 0.8365384615384616,
                    "icat": 0.6756656804733728
                },
                "dev_count": 156,
                "test_count": 156
            },
            "profession": {
                "dev": {
                    "ss": 0.5028248587570622,
                    "lms": 0.847457627118644,
                    "icat": 0.8426697309202336
                },
                "test": {
                    "ss": 0.5988700564971752,
                    "lms": 0.8389830508474576,
                    "icat": 0.6730824475725365
                },
                "dev_count": 531,
                "test_count": 531
            },
            "race": {
                "dev": {
                    "ss": 0.4782608695652174,
                    "lms": 0.8630434782608696,
                    "icat": 0.8255198487712666
                },
                "test": {
                    "ss": 0.4675324675324675,
                    "lms": 0.8441558441558441,
                    "icat": 0.7893405296002698
                },
                "dev_count": 690,
                "test_count": 693
            },
            "religion": {
                "dev": {
                    "ss": 0.4666666666666667,
                    "lms": 0.7666666666666667,
                    "icat": 0.7155555555555556
                },
                "test": {
                    "ss": 0.5,
                    "lms": 0.6875,
                    "icat": 0.6875
                },
                "dev_count": 45,
                "test_count": 48
            },
            "dev_criterion_score": -0.537117903930131,
            "test_criterion_score": -0.5982532751091703
        },
        "inp": {
            "best_model": {
                "path": "./models/bert-base-cased/notall/inp/adv/2e-06/64/3000/model_10",
                "gender": {
                    "dev": {
                        "ss": 0.6538461538461539,
                        "lms": 0.9038461538461539,
                        "icat": 0.6257396449704142
                    },
                    "test": {
                        "ss": 0.5961538461538461,
                        "lms": 0.8365384615384616,
                        "icat": 0.6756656804733728
                    },
                    "dev_count": 156,
                    "test_count": 156
                },
                "profession": {
                    "dev": {
                        "ss": 0.5028248587570622,
                        "lms": 0.847457627118644,
                        "icat": 0.8426697309202336
                    },
                    "test": {
                        "ss": 0.5988700564971752,
                        "lms": 0.8389830508474576,
                        "icat": 0.6730824475725365
                    },
                    "dev_count": 531,
                    "test_count": 531
                },
                "race": {
                    "dev": {
                        "ss": 0.4782608695652174,
                        "lms": 0.8630434782608696,
                        "icat": 0.8255198487712666
                    },
                    "test": {
                        "ss": 0.4675324675324675,
                        "lms": 0.8441558441558441,
                        "icat": 0.7893405296002698
                    },
                    "dev_count": 690,
                    "test_count": 693
                },
                "religion": {
                    "dev": {
                        "ss": 0.4666666666666667,
                        "lms": 0.7666666666666667,
                        "icat": 0.7155555555555556
                    },
                    "test": {
                        "ss": 0.5,
                        "lms": 0.6875,
                        "icat": 0.6875
                    },
                    "dev_count": 45,
                    "test_count": 48
                },
                "dev_criterion_score": -0.537117903930131,
                "test_criterion_score": -0.5982532751091703
            },
            "adv": {
                "best_model": {
                    "path": "./models/bert-base-cased/notall/inp/adv/2e-06/64/3000/model_10",
                    "gender": {
                        "dev": {
                            "ss": 0.6538461538461539,
                            "lms": 0.9038461538461539,
                            "icat": 0.6257396449704142
                        },
                        "test": {
                            "ss": 0.5961538461538461,
                            "lms": 0.8365384615384616,
                            "icat": 0.6756656804733728
                        },
                        "dev_count": 156,
                        "test_count": 156
                    },
                    "profession": {
                        "dev": {
                            "ss": 0.5028248587570622,
                            "lms": 0.847457627118644,
                            "icat": 0.8426697309202336
                        },
                        "test": {
                            "ss": 0.5988700564971752,
                            "lms": 0.8389830508474576,
                            "icat": 0.6730824475725365
                        },
                        "dev_count": 531,
                        "test_count": 531
                    },
                    "race": {
                        "dev": {
                            "ss": 0.4782608695652174,
                            "lms": 0.8630434782608696,
                            "icat": 0.8255198487712666
                        },
                        "test": {
                            "ss": 0.4675324675324675,
                            "lms": 0.8441558441558441,
                            "icat": 0.7893405296002698
                        },
                        "dev_count": 690,
                        "test_count": 693
                    },
                    "religion": {
                        "dev": {
                            "ss": 0.4666666666666667,
                            "lms": 0.7666666666666667,
                            "icat": 0.7155555555555556
                        },
                        "test": {
                            "ss": 0.5,
                            "lms": 0.6875,
                            "icat": 0.6875
                        },
                        "dev_count": 45,
                        "test_count": 48
                    },
                    "dev_criterion_score": -0.537117903930131,
                    "test_criterion_score": -0.5982532751091703
                },
                "2e-06": {
                    "best_model": {
                        "path": "./models/bert-base-cased/notall/inp/adv/2e-06/64/3000/model_10",
                        "gender": {
                            "dev": {
                                "ss": 0.6538461538461539,
                                "lms": 0.9038461538461539,
                                "icat": 0.6257396449704142
                            },
                            "test": {
                                "ss": 0.5961538461538461,
                                "lms": 0.8365384615384616,
                                "icat": 0.6756656804733728
                            },
                            "dev_count": 156,
                            "test_count": 156
                        },
                        "profession": {
                            "dev": {
                                "ss": 0.5028248587570622,
                                "lms": 0.847457627118644,
                                "icat": 0.8426697309202336
                            },
                            "test": {
                                "ss": 0.5988700564971752,
                                "lms": 0.8389830508474576,
                                "icat": 0.6730824475725365
                            },
                            "dev_count": 531,
                            "test_count": 531
                        },
                        "race": {
                            "dev": {
                                "ss": 0.4782608695652174,
                                "lms": 0.8630434782608696,
                                "icat": 0.8255198487712666
                            },
                            "test": {
                                "ss": 0.4675324675324675,
                                "lms": 0.8441558441558441,
                                "icat": 0.7893405296002698
                            },
                            "dev_count": 690,
                            "test_count": 693
                        },
                        "religion": {
                            "dev": {
                                "ss": 0.4666666666666667,
                                "lms": 0.7666666666666667,
                                "icat": 0.7155555555555556
                            },
                            "test": {
                                "ss": 0.5,
                                "lms": 0.6875,
                                "icat": 0.6875
                            },
                            "dev_count": 45,
                            "test_count": 48
                        },
                        "dev_criterion_score": -0.537117903930131,
                        "test_criterion_score": -0.5982532751091703
                    },
                    "64": {
                        "best_model": {
                            "path": "./models/bert-base-cased/notall/inp/adv/2e-06/64/3000/model_10",
                            "gender": {
                                "dev": {
                                    "ss": 0.6538461538461539,
                                    "lms": 0.9038461538461539,
                                    "icat": 0.6257396449704142
                                },
                                "test": {
                                    "ss": 0.5961538461538461,
                                    "lms": 0.8365384615384616,
                                    "icat": 0.6756656804733728
                                },
                                "dev_count": 156,
                                "test_count": 156
                            },
                            "profession": {
                                "dev": {
                                    "ss": 0.5028248587570622,
                                    "lms": 0.847457627118644,
                                    "icat": 0.8426697309202336
                                },
                                "test": {
                                    "ss": 0.5988700564971752,
                                    "lms": 0.8389830508474576,
                                    "icat": 0.6730824475725365
                                },
                                "dev_count": 531,
                                "test_count": 531
                            },
                            "race": {
                                "dev": {
                                    "ss": 0.4782608695652174,
                                    "lms": 0.8630434782608696,
                                    "icat": 0.8255198487712666
                                },
                                "test": {
                                    "ss": 0.4675324675324675,
                                    "lms": 0.8441558441558441,
                                    "icat": 0.7893405296002698
                                },
                                "dev_count": 690,
                                "test_count": 693
                            },
                            "religion": {
                                "dev": {
                                    "ss": 0.4666666666666667,
                                    "lms": 0.7666666666666667,
                                    "icat": 0.7155555555555556
                                },
                                "test": {
                                    "ss": 0.5,
                                    "lms": 0.6875,
                                    "icat": 0.6875
                                },
                                "dev_count": 45,
                                "test_count": 48
                            },
                            "dev_criterion_score": -0.537117903930131,
                            "test_criterion_score": -0.5982532751091703
                        },
                        "3000": {
                            "best_model": {
                                "path": "./models/bert-base-cased/notall/inp/adv/2e-06/64/3000/model_10",
                                "gender": {
                                    "dev": {
                                        "ss": 0.6538461538461539,
                                        "lms": 0.9038461538461539,
                                        "icat": 0.6257396449704142
                                    },
                                    "test": {
                                        "ss": 0.5961538461538461,
                                        "lms": 0.8365384615384616,
                                        "icat": 0.6756656804733728
                                    },
                                    "dev_count": 156,
                                    "test_count": 156
                                },
                                "profession": {
                                    "dev": {
                                        "ss": 0.5028248587570622,
                                        "lms": 0.847457627118644,
                                        "icat": 0.8426697309202336
                                    },
                                    "test": {
                                        "ss": 0.5988700564971752,
                                        "lms": 0.8389830508474576,
                                        "icat": 0.6730824475725365
                                    },
                                    "dev_count": 531,
                                    "test_count": 531
                                },
                                "race": {
                                    "dev": {
                                        "ss": 0.4782608695652174,
                                        "lms": 0.8630434782608696,
                                        "icat": 0.8255198487712666
                                    },
                                    "test": {
                                        "ss": 0.4675324675324675,
                                        "lms": 0.8441558441558441,
                                        "icat": 0.7893405296002698
                                    },
                                    "dev_count": 690,
                                    "test_count": 693
                                },
                                "religion": {
                                    "dev": {
                                        "ss": 0.4666666666666667,
                                        "lms": 0.7666666666666667,
                                        "icat": 0.7155555555555556
                                    },
                                    "test": {
                                        "ss": 0.5,
                                        "lms": 0.6875,
                                        "icat": 0.6875
                                    },
                                    "dev_count": 45,
                                    "test_count": 48
                                },
                                "dev_criterion_score": -0.537117903930131,
                                "test_criterion_score": -0.5982532751091703
                            },
                            "model_7": {
                                "best_model": {
                                    "path": "./models/bert-base-cased/notall/inp/adv/2e-06/64/3000/model_7",
                                    "gender": {
                                        "dev": {
                                            "ss": 0.6538461538461539,
                                            "lms": 0.9134615384615384,
                                            "icat": 0.632396449704142
                                        },
                                        "test": {
                                            "ss": 0.6153846153846154,
                                            "lms": 0.8557692307692307,
                                            "icat": 0.6582840236686389
                                        },
                                        "dev_count": 156,
                                        "test_count": 156
                                    },
                                    "profession": {
                                        "dev": {
                                            "ss": 0.519774011299435,
                                            "lms": 0.8615819209039548,
                                            "icat": 0.8275080596252673
                                        },
                                        "test": {
                                            "ss": 0.615819209039548,
                                            "lms": 0.8587570621468926,
                                            "icat": 0.6598359347569345
                                        },
                                        "dev_count": 531,
                                        "test_count": 531
                                    },
                                    "race": {
                                        "dev": {
                                            "ss": 0.48695652173913045,
                                            "lms": 0.8630434782608696,
                                            "icat": 0.8405293005671078
                                        },
                                        "test": {
                                            "ss": 0.4675324675324675,
                                            "lms": 0.854978354978355,
                                            "icat": 0.7994602799797604
                                        },
                                        "dev_count": 690,
                                        "test_count": 693
                                    },
                                    "religion": {
                                        "dev": {
                                            "ss": 0.5333333333333333,
                                            "lms": 0.8,
                                            "icat": 0.7466666666666667
                                        },
                                        "test": {
                                            "ss": 0.5625,
                                            "lms": 0.75,
                                            "icat": 0.65625
                                        },
                                        "dev_count": 45,
                                        "test_count": 48
                                    },
                                    "dev_criterion_score": -0.5502183406113537,
                                    "test_criterion_score": -0.6157205240174672
                                }
                            },
                            "model_6": {
                                "best_model": {
                                    "path": "./models/bert-base-cased/notall/inp/adv/2e-06/64/3000/model_6",
                                    "gender": {
                                        "dev": {
                                            "ss": 0.6923076923076923,
                                            "lms": 0.9038461538461539,
                                            "icat": 0.5562130177514794
                                        },
                                        "test": {
                                            "ss": 0.6153846153846154,
                                            "lms": 0.8557692307692307,
                                            "icat": 0.6582840236686389
                                        },
                                        "dev_count": 156,
                                        "test_count": 156
                                    },
                                    "profession": {
                                        "dev": {
                                            "ss": 0.5254237288135594,
                                            "lms": 0.864406779661017,
                                            "icat": 0.8204538925596092
                                        },
                                        "test": {
                                            "ss": 0.615819209039548,
                                            "lms": 0.8615819209039548,
                                            "icat": 0.6620064477002139
                                        },
                                        "dev_count": 531,
                                        "test_count": 531
                                    },
                                    "race": {
                                        "dev": {
                                            "ss": 0.49130434782608695,
                                            "lms": 0.8673913043478261,
                                            "icat": 0.8523062381852552
                                        },
                                        "test": {
                                            "ss": 0.4675324675324675,
                                            "lms": 0.8528138528138528,
                                            "icat": 0.7974363299038624
                                        },
                                        "dev_count": 690,
                                        "test_count": 693
                                    },
                                    "religion": {
                                        "dev": {
                                            "ss": 0.5333333333333333,
                                            "lms": 0.8333333333333334,
                                            "icat": 0.7777777777777778
                                        },
                                        "test": {
                                            "ss": 0.625,
                                            "lms": 0.75,
                                            "icat": 0.5625
                                        },
                                        "dev_count": 45,
                                        "test_count": 48
                                    },
                                    "dev_criterion_score": -0.5633187772925764,
                                    "test_criterion_score": -0.6157205240174672
                                }
                            },
                            "model_3": {
                                "best_model": {
                                    "path": "./models/bert-base-cased/notall/inp/adv/2e-06/64/3000/model_3",
                                    "gender": {
                                        "dev": {
                                            "ss": 0.7307692307692307,
                                            "lms": 0.9134615384615384,
                                            "icat": 0.49186390532544383
                                        },
                                        "test": {
                                            "ss": 0.6346153846153846,
                                            "lms": 0.875,
                                            "icat": 0.639423076923077
                                        },
                                        "dev_count": 156,
                                        "test_count": 156
                                    },
                                    "profession": {
                                        "dev": {
                                            "ss": 0.5819209039548022,
                                            "lms": 0.8728813559322034,
                                            "icat": 0.7298668964856843
                                        },
                                        "test": {
                                            "ss": 0.6384180790960452,
                                            "lms": 0.8813559322033898,
                                            "icat": 0.6373647419323949
                                        },
                                        "dev_count": 531,
                                        "test_count": 531
                                    },
                                    "race": {
                                        "dev": {
                                            "ss": 0.4956521739130435,
                                            "lms": 0.8739130434782608,
                                            "icat": 0.8663137996219281
                                        },
                                        "test": {
                                            "ss": 0.49783549783549785,
                                            "lms": 0.8571428571428571,
                                            "icat": 0.8534322820037106
                                        },
                                        "dev_count": 690,
                                        "test_count": 693
                                    },
                                    "religion": {
                                        "dev": {
                                            "ss": 0.6,
                                            "lms": 0.8666666666666667,
                                            "icat": 0.6933333333333334
                                        },
                                        "test": {
                                            "ss": 0.625,
                                            "lms": 0.78125,
                                            "icat": 0.5859375
                                        },
                                        "dev_count": 45,
                                        "test_count": 48
                                    },
                                    "dev_criterion_score": -0.6157205240174672,
                                    "test_criterion_score": -0.6375545851528385
                                }
                            },
                            "model_8": {
                                "best_model": {
                                    "path": "./models/bert-base-cased/notall/inp/adv/2e-06/64/3000/model_8",
                                    "gender": {
                                        "dev": {
                                            "ss": 0.6538461538461539,
                                            "lms": 0.9038461538461539,
                                            "icat": 0.6257396449704142
                                        },
                                        "test": {
                                            "ss": 0.6153846153846154,
                                            "lms": 0.8557692307692307,
                                            "icat": 0.6582840236686389
                                        },
                                        "dev_count": 156,
                                        "test_count": 156
                                    },
                                    "profession": {
                                        "dev": {
                                            "ss": 0.519774011299435,
                                            "lms": 0.864406779661017,
                                            "icat": 0.8302212008043666
                                        },
                                        "test": {
                                            "ss": 0.6045197740112994,
                                            "lms": 0.8559322033898306,
                                            "icat": 0.6770085224552332
                                        },
                                        "dev_count": 531,
                                        "test_count": 531
                                    },
                                    "race": {
                                        "dev": {
                                            "ss": 0.4826086956521739,
                                            "lms": 0.8695652173913043,
                                            "icat": 0.8393194706994328
                                        },
                                        "test": {
                                            "ss": 0.46320346320346323,
                                            "lms": 0.8528138528138528,
                                            "icat": 0.7900526601825304
                                        },
                                        "dev_count": 690,
                                        "test_count": 693
                                    },
                                    "religion": {
                                        "dev": {
                                            "ss": 0.5333333333333333,
                                            "lms": 0.8,
                                            "icat": 0.7466666666666667
                                        },
                                        "test": {
                                            "ss": 0.5625,
                                            "lms": 0.75,
                                            "icat": 0.65625
                                        },
                                        "dev_count": 45,
                                        "test_count": 48
                                    },
                                    "dev_criterion_score": -0.5502183406113537,
                                    "test_criterion_score": -0.6069868995633187
                                }
                            },
                            "model_14": {
                                "best_model": {
                                    "path": "./models/bert-base-cased/notall/inp/adv/2e-06/64/3000/model_14",
                                    "gender": {
                                        "dev": {
                                            "ss": 0.6346153846153846,
                                            "lms": 0.8846153846153846,
                                            "icat": 0.6464497041420119
                                        },
                                        "test": {
                                            "ss": 0.5769230769230769,
                                            "lms": 0.8173076923076923,
                                            "icat": 0.6915680473372782
                                        },
                                        "dev_count": 156,
                                        "test_count": 156
                                    },
                                    "profession": {
                                        "dev": {
                                            "ss": 0.5141242937853108,
                                            "lms": 0.8220338983050848,
                                            "icat": 0.7988126017427942
                                        },
                                        "test": {
                                            "ss": 0.6101694915254238,
                                            "lms": 0.8163841807909604,
                                            "icat": 0.6365029206166809
                                        },
                                        "dev_count": 531,
                                        "test_count": 531
                                    },
                                    "race": {
                                        "dev": {
                                            "ss": 0.4652173913043478,
                                            "lms": 0.8456521739130435,
                                            "icat": 0.7868241965973535
                                        },
                                        "test": {
                                            "ss": 0.45454545454545453,
                                            "lms": 0.829004329004329,
                                            "icat": 0.7536402990948445
                                        },
                                        "dev_count": 690,
                                        "test_count": 693
                                    },
                                    "religion": {
                                        "dev": {
                                            "ss": 0.5333333333333333,
                                            "lms": 0.7333333333333333,
                                            "icat": 0.6844444444444444
                                        },
                                        "test": {
                                            "ss": 0.5,
                                            "lms": 0.6875,
                                            "icat": 0.6875
                                        },
                                        "dev_count": 45,
                                        "test_count": 48
                                    },
                                    "dev_criterion_score": -0.5414847161572053,
                                    "test_criterion_score": -0.6026200873362445
                                }
                            },
                            "model_15": {
                                "best_model": {
                                    "path": "./models/bert-base-cased/notall/inp/adv/2e-06/64/3000/model_15",
                                    "gender": {
                                        "dev": {
                                            "ss": 0.6538461538461539,
                                            "lms": 0.8846153846153846,
                                            "icat": 0.6124260355029585
                                        },
                                        "test": {
                                            "ss": 0.5769230769230769,
                                            "lms": 0.7980769230769231,
                                            "icat": 0.6752958579881658
                                        },
                                        "dev_count": 156,
                                        "test_count": 156
                                    },
                                    "profession": {
                                        "dev": {
                                            "ss": 0.5141242937853108,
                                            "lms": 0.8192090395480226,
                                            "icat": 0.7960675412557056
                                        },
                                        "test": {
                                            "ss": 0.6045197740112994,
                                            "lms": 0.807909604519774,
                                            "icat": 0.6390245459478439
                                        },
                                        "dev_count": 531,
                                        "test_count": 531
                                    },
                                    "race": {
                                        "dev": {
                                            "ss": 0.4608695652173913,
                                            "lms": 0.8434782608695652,
                                            "icat": 0.7774669187145558
                                        },
                                        "test": {
                                            "ss": 0.45454545454545453,
                                            "lms": 0.8268398268398268,
                                            "icat": 0.751672569854388
                                        },
                                        "dev_count": 690,
                                        "test_count": 693
                                    },
                                    "religion": {
                                        "dev": {
                                            "ss": 0.5333333333333333,
                                            "lms": 0.7333333333333333,
                                            "icat": 0.6844444444444444
                                        },
                                        "test": {
                                            "ss": 0.5625,
                                            "lms": 0.6875,
                                            "icat": 0.6015625
                                        },
                                        "dev_count": 45,
                                        "test_count": 48
                                    },
                                    "dev_criterion_score": -0.5458515283842795,
                                    "test_criterion_score": -0.5982532751091703
                                }
                            },
                            "model_5": {
                                "best_model": {
                                    "path": "./models/bert-base-cased/notall/inp/adv/2e-06/64/3000/model_5",
                                    "gender": {
                                        "dev": {
                                            "ss": 0.6923076923076923,
                                            "lms": 0.9038461538461539,
                                            "icat": 0.5562130177514794
                                        },
                                        "test": {
                                            "ss": 0.6346153846153846,
                                            "lms": 0.875,
                                            "icat": 0.639423076923077
                                        },
                                        "dev_count": 156,
                                        "test_count": 156
                                    },
                                    "profession": {
                                        "dev": {
                                            "ss": 0.536723163841808,
                                            "lms": 0.867231638418079,
                                            "icat": 0.8035366593252257
                                        },
                                        "test": {
                                            "ss": 0.6101694915254238,
                                            "lms": 0.8700564971751412,
                                            "icat": 0.678349133390788
                                        },
                                        "dev_count": 531,
                                        "test_count": 531
                                    },
                                    "race": {
                                        "dev": {
                                            "ss": 0.49130434782608695,
                                            "lms": 0.8717391304347826,
                                            "icat": 0.856578449905482
                                        },
                                        "test": {
                                            "ss": 0.48917748917748916,
                                            "lms": 0.8528138528138528,
                                            "icat": 0.8343546785105226
                                        },
                                        "dev_count": 690,
                                        "test_count": 693
                                    },
                                    "religion": {
                                        "dev": {
                                            "ss": 0.5333333333333333,
                                            "lms": 0.8666666666666667,
                                            "icat": 0.8088888888888889
                                        },
                                        "test": {
                                            "ss": 0.625,
                                            "lms": 0.78125,
                                            "icat": 0.5859375
                                        },
                                        "dev_count": 45,
                                        "test_count": 48
                                    },
                                    "dev_criterion_score": -0.5720524017467249,
                                    "test_criterion_score": -0.6157205240174672
                                }
                            },
                            "model_4": {
                                "best_model": {
                                    "path": "./models/bert-base-cased/notall/inp/adv/2e-06/64/3000/model_4",
                                    "gender": {
                                        "dev": {
                                            "ss": 0.7115384615384616,
                                            "lms": 0.9038461538461539,
                                            "icat": 0.5214497041420117
                                        },
                                        "test": {
                                            "ss": 0.6346153846153846,
                                            "lms": 0.875,
                                            "icat": 0.639423076923077
                                        },
                                        "dev_count": 156,
                                        "test_count": 156
                                    },
                                    "profession": {
                                        "dev": {
                                            "ss": 0.5480225988700564,
                                            "lms": 0.8728813559322034,
                                            "icat": 0.7890452934980371
                                        },
                                        "test": {
                                            "ss": 0.6214689265536724,
                                            "lms": 0.8785310734463276,
                                            "icat": 0.6651026205751858
                                        },
                                        "dev_count": 531,
                                        "test_count": 531
                                    },
                                    "race": {
                                        "dev": {
                                            "ss": 0.4956521739130435,
                                            "lms": 0.8739130434782608,
                                            "icat": 0.8663137996219281
                                        },
                                        "test": {
                                            "ss": 0.49783549783549785,
                                            "lms": 0.854978354978355,
                                            "icat": 0.8512771499784487
                                        },
                                        "dev_count": 690,
                                        "test_count": 693
                                    },
                                    "religion": {
                                        "dev": {
                                            "ss": 0.5333333333333333,
                                            "lms": 0.8666666666666667,
                                            "icat": 0.8088888888888889
                                        },
                                        "test": {
                                            "ss": 0.625,
                                            "lms": 0.78125,
                                            "icat": 0.5859375
                                        },
                                        "dev_count": 45,
                                        "test_count": 48
                                    },
                                    "dev_criterion_score": -0.5851528384279475,
                                    "test_criterion_score": -0.6244541484716157
                                }
                            },
                            "model_10": {
                                "best_model": {
                                    "path": "./models/bert-base-cased/notall/inp/adv/2e-06/64/3000/model_10",
                                    "gender": {
                                        "dev": {
                                            "ss": 0.6538461538461539,
                                            "lms": 0.9038461538461539,
                                            "icat": 0.6257396449704142
                                        },
                                        "test": {
                                            "ss": 0.5961538461538461,
                                            "lms": 0.8365384615384616,
                                            "icat": 0.6756656804733728
                                        },
                                        "dev_count": 156,
                                        "test_count": 156
                                    },
                                    "profession": {
                                        "dev": {
                                            "ss": 0.5028248587570622,
                                            "lms": 0.847457627118644,
                                            "icat": 0.8426697309202336
                                        },
                                        "test": {
                                            "ss": 0.5988700564971752,
                                            "lms": 0.8389830508474576,
                                            "icat": 0.6730824475725365
                                        },
                                        "dev_count": 531,
                                        "test_count": 531
                                    },
                                    "race": {
                                        "dev": {
                                            "ss": 0.4782608695652174,
                                            "lms": 0.8630434782608696,
                                            "icat": 0.8255198487712666
                                        },
                                        "test": {
                                            "ss": 0.4675324675324675,
                                            "lms": 0.8441558441558441,
                                            "icat": 0.7893405296002698
                                        },
                                        "dev_count": 690,
                                        "test_count": 693
                                    },
                                    "religion": {
                                        "dev": {
                                            "ss": 0.4666666666666667,
                                            "lms": 0.7666666666666667,
                                            "icat": 0.7155555555555556
                                        },
                                        "test": {
                                            "ss": 0.5,
                                            "lms": 0.6875,
                                            "icat": 0.6875
                                        },
                                        "dev_count": 45,
                                        "test_count": 48
                                    },
                                    "dev_criterion_score": -0.537117903930131,
                                    "test_criterion_score": -0.5982532751091703
                                }
                            },
                            "model_1": {
                                "best_model": {
                                    "path": "./models/bert-base-cased/notall/inp/adv/2e-06/64/3000/model_1",
                                    "gender": {
                                        "dev": {
                                            "ss": 0.7307692307692307,
                                            "lms": 0.9134615384615384,
                                            "icat": 0.49186390532544383
                                        },
                                        "test": {
                                            "ss": 0.6153846153846154,
                                            "lms": 0.8557692307692307,
                                            "icat": 0.6582840236686389
                                        },
                                        "dev_count": 156,
                                        "test_count": 156
                                    },
                                    "profession": {
                                        "dev": {
                                            "ss": 0.5988700564971752,
                                            "lms": 0.8700564971751412,
                                            "icat": 0.6980114271122602
                                        },
                                        "test": {
                                            "ss": 0.6384180790960452,
                                            "lms": 0.8870056497175142,
                                            "icat": 0.6414504133550385
                                        },
                                        "dev_count": 531,
                                        "test_count": 531
                                    },
                                    "race": {
                                        "dev": {
                                            "ss": 0.5043478260869565,
                                            "lms": 0.8826086956521739,
                                            "icat": 0.8749338374291116
                                        },
                                        "test": {
                                            "ss": 0.5064935064935064,
                                            "lms": 0.8701298701298701,
                                            "icat": 0.8588294822061057
                                        },
                                        "dev_count": 690,
                                        "test_count": 693
                                    },
                                    "religion": {
                                        "dev": {
                                            "ss": 0.6,
                                            "lms": 0.9333333333333333,
                                            "icat": 0.7466666666666667
                                        },
                                        "test": {
                                            "ss": 0.625,
                                            "lms": 0.8125,
                                            "icat": 0.609375
                                        },
                                        "dev_count": 45,
                                        "test_count": 48
                                    },
                                    "dev_criterion_score": -0.62882096069869,
                                    "test_criterion_score": -0.6331877729257642
                                }
                            },
                            "model_9": {
                                "best_model": {
                                    "path": "./models/bert-base-cased/notall/inp/adv/2e-06/64/3000/model_9",
                                    "gender": {
                                        "dev": {
                                            "ss": 0.6538461538461539,
                                            "lms": 0.9038461538461539,
                                            "icat": 0.6257396449704142
                                        },
                                        "test": {
                                            "ss": 0.5961538461538461,
                                            "lms": 0.8365384615384616,
                                            "icat": 0.6756656804733728
                                        },
                                        "dev_count": 156,
                                        "test_count": 156
                                    },
                                    "profession": {
                                        "dev": {
                                            "ss": 0.5028248587570622,
                                            "lms": 0.8615819209039548,
                                            "icat": 0.8567142264355708
                                        },
                                        "test": {
                                            "ss": 0.5932203389830508,
                                            "lms": 0.8531073446327684,
                                            "icat": 0.6940534329215743
                                        },
                                        "dev_count": 531,
                                        "test_count": 531
                                    },
                                    "race": {
                                        "dev": {
                                            "ss": 0.48695652173913045,
                                            "lms": 0.8695652173913043,
                                            "icat": 0.8468809073724007
                                        },
                                        "test": {
                                            "ss": 0.4588744588744589,
                                            "lms": 0.8463203463203464,
                                            "icat": 0.7767095819043871
                                        },
                                        "dev_count": 690,
                                        "test_count": 693
                                    },
                                    "religion": {
                                        "dev": {
                                            "ss": 0.5333333333333333,
                                            "lms": 0.7666666666666667,
                                            "icat": 0.7155555555555556
                                        },
                                        "test": {
                                            "ss": 0.5,
                                            "lms": 0.71875,
                                            "icat": 0.71875
                                        },
                                        "dev_count": 45,
                                        "test_count": 48
                                    },
                                    "dev_criterion_score": -0.537117903930131,
                                    "test_criterion_score": -0.5938864628820961
                                }
                            },
                            "model_11": {
                                "best_model": {
                                    "path": "./models/bert-base-cased/notall/inp/adv/2e-06/64/3000/model_11",
                                    "gender": {
                                        "dev": {
                                            "ss": 0.6346153846153846,
                                            "lms": 0.9038461538461539,
                                            "icat": 0.6605029585798817
                                        },
                                        "test": {
                                            "ss": 0.5961538461538461,
                                            "lms": 0.8365384615384616,
                                            "icat": 0.6756656804733728
                                        },
                                        "dev_count": 156,
                                        "test_count": 156
                                    },
                                    "profession": {
                                        "dev": {
                                            "ss": 0.5084745762711864,
                                            "lms": 0.8361581920903954,
                                            "icat": 0.8219860193431007
                                        },
                                        "test": {
                                            "ss": 0.5988700564971752,
                                            "lms": 0.8361581920903954,
                                            "icat": 0.6708161767052889
                                        },
                                        "dev_count": 531,
                                        "test_count": 531
                                    },
                                    "race": {
                                        "dev": {
                                            "ss": 0.47391304347826085,
                                            "lms": 0.8565217391304348,
                                            "icat": 0.8118336483931947
                                        },
                                        "test": {
                                            "ss": 0.4588744588744589,
                                            "lms": 0.8376623376623377,
                                            "icat": 0.7687637038286389
                                        },
                                        "dev_count": 690,
                                        "test_count": 693
                                    },
                                    "religion": {
                                        "dev": {
                                            "ss": 0.5333333333333333,
                                            "lms": 0.7666666666666667,
                                            "icat": 0.7155555555555556
                                        },
                                        "test": {
                                            "ss": 0.5,
                                            "lms": 0.71875,
                                            "icat": 0.71875
                                        },
                                        "dev_count": 45,
                                        "test_count": 48
                                    },
                                    "dev_criterion_score": -0.537117903930131,
                                    "test_criterion_score": -0.5982532751091703
                                }
                            },
                            "model_13": {
                                "best_model": {
                                    "path": "./models/bert-base-cased/notall/inp/adv/2e-06/64/3000/model_13",
                                    "gender": {
                                        "dev": {
                                            "ss": 0.6346153846153846,
                                            "lms": 0.8846153846153846,
                                            "icat": 0.6464497041420119
                                        },
                                        "test": {
                                            "ss": 0.5769230769230769,
                                            "lms": 0.8173076923076923,
                                            "icat": 0.6915680473372782
                                        },
                                        "dev_count": 156,
                                        "test_count": 156
                                    },
                                    "profession": {
                                        "dev": {
                                            "ss": 0.519774011299435,
                                            "lms": 0.827683615819209,
                                            "icat": 0.7949503654760764
                                        },
                                        "test": {
                                            "ss": 0.6101694915254238,
                                            "lms": 0.8192090395480226,
                                            "icat": 0.6387053528679497
                                        },
                                        "dev_count": 531,
                                        "test_count": 531
                                    },
                                    "race": {
                                        "dev": {
                                            "ss": 0.4826086956521739,
                                            "lms": 0.8521739130434782,
                                            "icat": 0.8225330812854442
                                        },
                                        "test": {
                                            "ss": 0.45454545454545453,
                                            "lms": 0.8311688311688312,
                                            "icat": 0.755608028335301
                                        },
                                        "dev_count": 690,
                                        "test_count": 693
                                    },
                                    "religion": {
                                        "dev": {
                                            "ss": 0.5333333333333333,
                                            "lms": 0.7666666666666667,
                                            "icat": 0.7155555555555556
                                        },
                                        "test": {
                                            "ss": 0.5,
                                            "lms": 0.6875,
                                            "icat": 0.6875
                                        },
                                        "dev_count": 45,
                                        "test_count": 48
                                    },
                                    "dev_criterion_score": -0.5458515283842795,
                                    "test_criterion_score": -0.6026200873362445
                                }
                            },
                            "model_2": {
                                "best_model": {
                                    "path": "./models/bert-base-cased/notall/inp/adv/2e-06/64/3000/model_2",
                                    "gender": {
                                        "dev": {
                                            "ss": 0.7307692307692307,
                                            "lms": 0.9134615384615384,
                                            "icat": 0.49186390532544383
                                        },
                                        "test": {
                                            "ss": 0.6153846153846154,
                                            "lms": 0.8653846153846154,
                                            "icat": 0.665680473372781
                                        },
                                        "dev_count": 156,
                                        "test_count": 156
                                    },
                                    "profession": {
                                        "dev": {
                                            "ss": 0.5875706214689266,
                                            "lms": 0.8728813559322034,
                                            "icat": 0.7200038303169587
                                        },
                                        "test": {
                                            "ss": 0.632768361581921,
                                            "lms": 0.884180790960452,
                                            "icat": 0.6493983210443997
                                        },
                                        "dev_count": 531,
                                        "test_count": 531
                                    },
                                    "race": {
                                        "dev": {
                                            "ss": 0.5,
                                            "lms": 0.8760869565217392,
                                            "icat": 0.8760869565217392
                                        },
                                        "test": {
                                            "ss": 0.49783549783549785,
                                            "lms": 0.8636363636363636,
                                            "icat": 0.8598976780794964
                                        },
                                        "dev_count": 690,
                                        "test_count": 693
                                    },
                                    "religion": {
                                        "dev": {
                                            "ss": 0.6,
                                            "lms": 0.9,
                                            "icat": 0.7200000000000001
                                        },
                                        "test": {
                                            "ss": 0.625,
                                            "lms": 0.78125,
                                            "icat": 0.5859375
                                        },
                                        "dev_count": 45,
                                        "test_count": 48
                                    },
                                    "dev_criterion_score": -0.6200873362445415,
                                    "test_criterion_score": -0.62882096069869
                                }
                            },
                            "model_12": {
                                "best_model": {
                                    "path": "./models/bert-base-cased/notall/inp/adv/2e-06/64/3000/model_12",
                                    "gender": {
                                        "dev": {
                                            "ss": 0.6346153846153846,
                                            "lms": 0.8942307692307693,
                                            "icat": 0.6534763313609468
                                        },
                                        "test": {
                                            "ss": 0.5576923076923077,
                                            "lms": 0.8173076923076923,
                                            "icat": 0.7230029585798816
                                        },
                                        "dev_count": 156,
                                        "test_count": 156
                                    },
                                    "profession": {
                                        "dev": {
                                            "ss": 0.5141242937853108,
                                            "lms": 0.827683615819209,
                                            "icat": 0.8043027227169715
                                        },
                                        "test": {
                                            "ss": 0.615819209039548,
                                            "lms": 0.8305084745762712,
                                            "icat": 0.6381308053241406
                                        },
                                        "dev_count": 531,
                                        "test_count": 531
                                    },
                                    "race": {
                                        "dev": {
                                            "ss": 0.4782608695652174,
                                            "lms": 0.8543478260869565,
                                            "icat": 0.8172022684310019
                                        },
                                        "test": {
                                            "ss": 0.4588744588744589,
                                            "lms": 0.8311688311688312,
                                            "icat": 0.7628042952718278
                                        },
                                        "dev_count": 690,
                                        "test_count": 693
                                    },
                                    "religion": {
                                        "dev": {
                                            "ss": 0.5333333333333333,
                                            "lms": 0.7666666666666667,
                                            "icat": 0.7155555555555556
                                        },
                                        "test": {
                                            "ss": 0.5,
                                            "lms": 0.71875,
                                            "icat": 0.71875
                                        },
                                        "dev_count": 45,
                                        "test_count": 48
                                    },
                                    "dev_criterion_score": -0.5414847161572053,
                                    "test_criterion_score": -0.6026200873362445
                                }
                            }
                        }
                    }
                }
            }
        }
    }
}
12/07/2025 14:56:35 - INFO - __main__ - Got all results {
    "./models/bert-base-cased/notall/inp/adv/2e-06/64/3000/model_7": {
        "path": "./models/bert-base-cased/notall/inp/adv/2e-06/64/3000/model_7",
        "gender": {
            "dev": {
                "ss": 0.6538461538461539,
                "lms": 0.9134615384615384,
                "icat": 0.632396449704142
            },
            "test": {
                "ss": 0.6153846153846154,
                "lms": 0.8557692307692307,
                "icat": 0.6582840236686389
            },
            "dev_count": 156,
            "test_count": 156
        },
        "profession": {
            "dev": {
                "ss": 0.519774011299435,
                "lms": 0.8615819209039548,
                "icat": 0.8275080596252673
            },
            "test": {
                "ss": 0.615819209039548,
                "lms": 0.8587570621468926,
                "icat": 0.6598359347569345
            },
            "dev_count": 531,
            "test_count": 531
        },
        "race": {
            "dev": {
                "ss": 0.48695652173913045,
                "lms": 0.8630434782608696,
                "icat": 0.8405293005671078
            },
            "test": {
                "ss": 0.4675324675324675,
                "lms": 0.854978354978355,
                "icat": 0.7994602799797604
            },
            "dev_count": 690,
            "test_count": 693
        },
        "religion": {
            "dev": {
                "ss": 0.5333333333333333,
                "lms": 0.8,
                "icat": 0.7466666666666667
            },
            "test": {
                "ss": 0.5625,
                "lms": 0.75,
                "icat": 0.65625
            },
            "dev_count": 45,
            "test_count": 48
        },
        "dev_criterion_score": -0.5502183406113537,
        "test_criterion_score": -0.6157205240174672
    },
    "./models/bert-base-cased/notall/inp/adv/2e-06/64/3000/model_6": {
        "path": "./models/bert-base-cased/notall/inp/adv/2e-06/64/3000/model_6",
        "gender": {
            "dev": {
                "ss": 0.6923076923076923,
                "lms": 0.9038461538461539,
                "icat": 0.5562130177514794
            },
            "test": {
                "ss": 0.6153846153846154,
                "lms": 0.8557692307692307,
                "icat": 0.6582840236686389
            },
            "dev_count": 156,
            "test_count": 156
        },
        "profession": {
            "dev": {
                "ss": 0.5254237288135594,
                "lms": 0.864406779661017,
                "icat": 0.8204538925596092
            },
            "test": {
                "ss": 0.615819209039548,
                "lms": 0.8615819209039548,
                "icat": 0.6620064477002139
            },
            "dev_count": 531,
            "test_count": 531
        },
        "race": {
            "dev": {
                "ss": 0.49130434782608695,
                "lms": 0.8673913043478261,
                "icat": 0.8523062381852552
            },
            "test": {
                "ss": 0.4675324675324675,
                "lms": 0.8528138528138528,
                "icat": 0.7974363299038624
            },
            "dev_count": 690,
            "test_count": 693
        },
        "religion": {
            "dev": {
                "ss": 0.5333333333333333,
                "lms": 0.8333333333333334,
                "icat": 0.7777777777777778
            },
            "test": {
                "ss": 0.625,
                "lms": 0.75,
                "icat": 0.5625
            },
            "dev_count": 45,
            "test_count": 48
        },
        "dev_criterion_score": -0.5633187772925764,
        "test_criterion_score": -0.6157205240174672
    },
    "./models/bert-base-cased/notall/inp/adv/2e-06/64/3000/model_3": {
        "path": "./models/bert-base-cased/notall/inp/adv/2e-06/64/3000/model_3",
        "gender": {
            "dev": {
                "ss": 0.7307692307692307,
                "lms": 0.9134615384615384,
                "icat": 0.49186390532544383
            },
            "test": {
                "ss": 0.6346153846153846,
                "lms": 0.875,
                "icat": 0.639423076923077
            },
            "dev_count": 156,
            "test_count": 156
        },
        "profession": {
            "dev": {
                "ss": 0.5819209039548022,
                "lms": 0.8728813559322034,
                "icat": 0.7298668964856843
            },
            "test": {
                "ss": 0.6384180790960452,
                "lms": 0.8813559322033898,
                "icat": 0.6373647419323949
            },
            "dev_count": 531,
            "test_count": 531
        },
        "race": {
            "dev": {
                "ss": 0.4956521739130435,
                "lms": 0.8739130434782608,
                "icat": 0.8663137996219281
            },
            "test": {
                "ss": 0.49783549783549785,
                "lms": 0.8571428571428571,
                "icat": 0.8534322820037106
            },
            "dev_count": 690,
            "test_count": 693
        },
        "religion": {
            "dev": {
                "ss": 0.6,
                "lms": 0.8666666666666667,
                "icat": 0.6933333333333334
            },
            "test": {
                "ss": 0.625,
                "lms": 0.78125,
                "icat": 0.5859375
            },
            "dev_count": 45,
            "test_count": 48
        },
        "dev_criterion_score": -0.6157205240174672,
        "test_criterion_score": -0.6375545851528385
    },
    "./models/bert-base-cased/notall/inp/adv/2e-06/64/3000/model_8": {
        "path": "./models/bert-base-cased/notall/inp/adv/2e-06/64/3000/model_8",
        "gender": {
            "dev": {
                "ss": 0.6538461538461539,
                "lms": 0.9038461538461539,
                "icat": 0.6257396449704142
            },
            "test": {
                "ss": 0.6153846153846154,
                "lms": 0.8557692307692307,
                "icat": 0.6582840236686389
            },
            "dev_count": 156,
            "test_count": 156
        },
        "profession": {
            "dev": {
                "ss": 0.519774011299435,
                "lms": 0.864406779661017,
                "icat": 0.8302212008043666
            },
            "test": {
                "ss": 0.6045197740112994,
                "lms": 0.8559322033898306,
                "icat": 0.6770085224552332
            },
            "dev_count": 531,
            "test_count": 531
        },
        "race": {
            "dev": {
                "ss": 0.4826086956521739,
                "lms": 0.8695652173913043,
                "icat": 0.8393194706994328
            },
            "test": {
                "ss": 0.46320346320346323,
                "lms": 0.8528138528138528,
                "icat": 0.7900526601825304
            },
            "dev_count": 690,
            "test_count": 693
        },
        "religion": {
            "dev": {
                "ss": 0.5333333333333333,
                "lms": 0.8,
                "icat": 0.7466666666666667
            },
            "test": {
                "ss": 0.5625,
                "lms": 0.75,
                "icat": 0.65625
            },
            "dev_count": 45,
            "test_count": 48
        },
        "dev_criterion_score": -0.5502183406113537,
        "test_criterion_score": -0.6069868995633187
    },
    "./models/bert-base-cased/notall/inp/adv/2e-06/64/3000/model_14": {
        "path": "./models/bert-base-cased/notall/inp/adv/2e-06/64/3000/model_14",
        "gender": {
            "dev": {
                "ss": 0.6346153846153846,
                "lms": 0.8846153846153846,
                "icat": 0.6464497041420119
            },
            "test": {
                "ss": 0.5769230769230769,
                "lms": 0.8173076923076923,
                "icat": 0.6915680473372782
            },
            "dev_count": 156,
            "test_count": 156
        },
        "profession": {
            "dev": {
                "ss": 0.5141242937853108,
                "lms": 0.8220338983050848,
                "icat": 0.7988126017427942
            },
            "test": {
                "ss": 0.6101694915254238,
                "lms": 0.8163841807909604,
                "icat": 0.6365029206166809
            },
            "dev_count": 531,
            "test_count": 531
        },
        "race": {
            "dev": {
                "ss": 0.4652173913043478,
                "lms": 0.8456521739130435,
                "icat": 0.7868241965973535
            },
            "test": {
                "ss": 0.45454545454545453,
                "lms": 0.829004329004329,
                "icat": 0.7536402990948445
            },
            "dev_count": 690,
            "test_count": 693
        },
        "religion": {
            "dev": {
                "ss": 0.5333333333333333,
                "lms": 0.7333333333333333,
                "icat": 0.6844444444444444
            },
            "test": {
                "ss": 0.5,
                "lms": 0.6875,
                "icat": 0.6875
            },
            "dev_count": 45,
            "test_count": 48
        },
        "dev_criterion_score": -0.5414847161572053,
        "test_criterion_score": -0.6026200873362445
    },
    "./models/bert-base-cased/notall/inp/adv/2e-06/64/3000/model_15": {
        "path": "./models/bert-base-cased/notall/inp/adv/2e-06/64/3000/model_15",
        "gender": {
            "dev": {
                "ss": 0.6538461538461539,
                "lms": 0.8846153846153846,
                "icat": 0.6124260355029585
            },
            "test": {
                "ss": 0.5769230769230769,
                "lms": 0.7980769230769231,
                "icat": 0.6752958579881658
            },
            "dev_count": 156,
            "test_count": 156
        },
        "profession": {
            "dev": {
                "ss": 0.5141242937853108,
                "lms": 0.8192090395480226,
                "icat": 0.7960675412557056
            },
            "test": {
                "ss": 0.6045197740112994,
                "lms": 0.807909604519774,
                "icat": 0.6390245459478439
            },
            "dev_count": 531,
            "test_count": 531
        },
        "race": {
            "dev": {
                "ss": 0.4608695652173913,
                "lms": 0.8434782608695652,
                "icat": 0.7774669187145558
            },
            "test": {
                "ss": 0.45454545454545453,
                "lms": 0.8268398268398268,
                "icat": 0.751672569854388
            },
            "dev_count": 690,
            "test_count": 693
        },
        "religion": {
            "dev": {
                "ss": 0.5333333333333333,
                "lms": 0.7333333333333333,
                "icat": 0.6844444444444444
            },
            "test": {
                "ss": 0.5625,
                "lms": 0.6875,
                "icat": 0.6015625
            },
            "dev_count": 45,
            "test_count": 48
        },
        "dev_criterion_score": -0.5458515283842795,
        "test_criterion_score": -0.5982532751091703
    },
    "./models/bert-base-cased/notall/inp/adv/2e-06/64/3000/model_5": {
        "path": "./models/bert-base-cased/notall/inp/adv/2e-06/64/3000/model_5",
        "gender": {
            "dev": {
                "ss": 0.6923076923076923,
                "lms": 0.9038461538461539,
                "icat": 0.5562130177514794
            },
            "test": {
                "ss": 0.6346153846153846,
                "lms": 0.875,
                "icat": 0.639423076923077
            },
            "dev_count": 156,
            "test_count": 156
        },
        "profession": {
            "dev": {
                "ss": 0.536723163841808,
                "lms": 0.867231638418079,
                "icat": 0.8035366593252257
            },
            "test": {
                "ss": 0.6101694915254238,
                "lms": 0.8700564971751412,
                "icat": 0.678349133390788
            },
            "dev_count": 531,
            "test_count": 531
        },
        "race": {
            "dev": {
                "ss": 0.49130434782608695,
                "lms": 0.8717391304347826,
                "icat": 0.856578449905482
            },
            "test": {
                "ss": 0.48917748917748916,
                "lms": 0.8528138528138528,
                "icat": 0.8343546785105226
            },
            "dev_count": 690,
            "test_count": 693
        },
        "religion": {
            "dev": {
                "ss": 0.5333333333333333,
                "lms": 0.8666666666666667,
                "icat": 0.8088888888888889
            },
            "test": {
                "ss": 0.625,
                "lms": 0.78125,
                "icat": 0.5859375
            },
            "dev_count": 45,
            "test_count": 48
        },
        "dev_criterion_score": -0.5720524017467249,
        "test_criterion_score": -0.6157205240174672
    },
    "./models/bert-base-cased/notall/inp/adv/2e-06/64/3000/model_4": {
        "path": "./models/bert-base-cased/notall/inp/adv/2e-06/64/3000/model_4",
        "gender": {
            "dev": {
                "ss": 0.7115384615384616,
                "lms": 0.9038461538461539,
                "icat": 0.5214497041420117
            },
            "test": {
                "ss": 0.6346153846153846,
                "lms": 0.875,
                "icat": 0.639423076923077
            },
            "dev_count": 156,
            "test_count": 156
        },
        "profession": {
            "dev": {
                "ss": 0.5480225988700564,
                "lms": 0.8728813559322034,
                "icat": 0.7890452934980371
            },
            "test": {
                "ss": 0.6214689265536724,
                "lms": 0.8785310734463276,
                "icat": 0.6651026205751858
            },
            "dev_count": 531,
            "test_count": 531
        },
        "race": {
            "dev": {
                "ss": 0.4956521739130435,
                "lms": 0.8739130434782608,
                "icat": 0.8663137996219281
            },
            "test": {
                "ss": 0.49783549783549785,
                "lms": 0.854978354978355,
                "icat": 0.8512771499784487
            },
            "dev_count": 690,
            "test_count": 693
        },
        "religion": {
            "dev": {
                "ss": 0.5333333333333333,
                "lms": 0.8666666666666667,
                "icat": 0.8088888888888889
            },
            "test": {
                "ss": 0.625,
                "lms": 0.78125,
                "icat": 0.5859375
            },
            "dev_count": 45,
            "test_count": 48
        },
        "dev_criterion_score": -0.5851528384279475,
        "test_criterion_score": -0.6244541484716157
    },
    "./models/bert-base-cased/notall/inp/adv/2e-06/64/3000/model_10": {
        "path": "./models/bert-base-cased/notall/inp/adv/2e-06/64/3000/model_10",
        "gender": {
            "dev": {
                "ss": 0.6538461538461539,
                "lms": 0.9038461538461539,
                "icat": 0.6257396449704142
            },
            "test": {
                "ss": 0.5961538461538461,
                "lms": 0.8365384615384616,
                "icat": 0.6756656804733728
            },
            "dev_count": 156,
            "test_count": 156
        },
        "profession": {
            "dev": {
                "ss": 0.5028248587570622,
                "lms": 0.847457627118644,
                "icat": 0.8426697309202336
            },
            "test": {
                "ss": 0.5988700564971752,
                "lms": 0.8389830508474576,
                "icat": 0.6730824475725365
            },
            "dev_count": 531,
            "test_count": 531
        },
        "race": {
            "dev": {
                "ss": 0.4782608695652174,
                "lms": 0.8630434782608696,
                "icat": 0.8255198487712666
            },
            "test": {
                "ss": 0.4675324675324675,
                "lms": 0.8441558441558441,
                "icat": 0.7893405296002698
            },
            "dev_count": 690,
            "test_count": 693
        },
        "religion": {
            "dev": {
                "ss": 0.4666666666666667,
                "lms": 0.7666666666666667,
                "icat": 0.7155555555555556
            },
            "test": {
                "ss": 0.5,
                "lms": 0.6875,
                "icat": 0.6875
            },
            "dev_count": 45,
            "test_count": 48
        },
        "dev_criterion_score": -0.537117903930131,
        "test_criterion_score": -0.5982532751091703
    },
    "./models/bert-base-cased/notall/inp/adv/2e-06/64/3000/model_1": {
        "path": "./models/bert-base-cased/notall/inp/adv/2e-06/64/3000/model_1",
        "gender": {
            "dev": {
                "ss": 0.7307692307692307,
                "lms": 0.9134615384615384,
                "icat": 0.49186390532544383
            },
            "test": {
                "ss": 0.6153846153846154,
                "lms": 0.8557692307692307,
                "icat": 0.6582840236686389
            },
            "dev_count": 156,
            "test_count": 156
        },
        "profession": {
            "dev": {
                "ss": 0.5988700564971752,
                "lms": 0.8700564971751412,
                "icat": 0.6980114271122602
            },
            "test": {
                "ss": 0.6384180790960452,
                "lms": 0.8870056497175142,
                "icat": 0.6414504133550385
            },
            "dev_count": 531,
            "test_count": 531
        },
        "race": {
            "dev": {
                "ss": 0.5043478260869565,
                "lms": 0.8826086956521739,
                "icat": 0.8749338374291116
            },
            "test": {
                "ss": 0.5064935064935064,
                "lms": 0.8701298701298701,
                "icat": 0.8588294822061057
            },
            "dev_count": 690,
            "test_count": 693
        },
        "religion": {
            "dev": {
                "ss": 0.6,
                "lms": 0.9333333333333333,
                "icat": 0.7466666666666667
            },
            "test": {
                "ss": 0.625,
                "lms": 0.8125,
                "icat": 0.609375
            },
            "dev_count": 45,
            "test_count": 48
        },
        "dev_criterion_score": -0.62882096069869,
        "test_criterion_score": -0.6331877729257642
    },
    "./models/bert-base-cased/notall/inp/adv/2e-06/64/3000/model_9": {
        "path": "./models/bert-base-cased/notall/inp/adv/2e-06/64/3000/model_9",
        "gender": {
            "dev": {
                "ss": 0.6538461538461539,
                "lms": 0.9038461538461539,
                "icat": 0.6257396449704142
            },
            "test": {
                "ss": 0.5961538461538461,
                "lms": 0.8365384615384616,
                "icat": 0.6756656804733728
            },
            "dev_count": 156,
            "test_count": 156
        },
        "profession": {
            "dev": {
                "ss": 0.5028248587570622,
                "lms": 0.8615819209039548,
                "icat": 0.8567142264355708
            },
            "test": {
                "ss": 0.5932203389830508,
                "lms": 0.8531073446327684,
                "icat": 0.6940534329215743
            },
            "dev_count": 531,
            "test_count": 531
        },
        "race": {
            "dev": {
                "ss": 0.48695652173913045,
                "lms": 0.8695652173913043,
                "icat": 0.8468809073724007
            },
            "test": {
                "ss": 0.4588744588744589,
                "lms": 0.8463203463203464,
                "icat": 0.7767095819043871
            },
            "dev_count": 690,
            "test_count": 693
        },
        "religion": {
            "dev": {
                "ss": 0.5333333333333333,
                "lms": 0.7666666666666667,
                "icat": 0.7155555555555556
            },
            "test": {
                "ss": 0.5,
                "lms": 0.71875,
                "icat": 0.71875
            },
            "dev_count": 45,
            "test_count": 48
        },
        "dev_criterion_score": -0.537117903930131,
        "test_criterion_score": -0.5938864628820961
    },
    "./models/bert-base-cased/notall/inp/adv/2e-06/64/3000/model_11": {
        "path": "./models/bert-base-cased/notall/inp/adv/2e-06/64/3000/model_11",
        "gender": {
            "dev": {
                "ss": 0.6346153846153846,
                "lms": 0.9038461538461539,
                "icat": 0.6605029585798817
            },
            "test": {
                "ss": 0.5961538461538461,
                "lms": 0.8365384615384616,
                "icat": 0.6756656804733728
            },
            "dev_count": 156,
            "test_count": 156
        },
        "profession": {
            "dev": {
                "ss": 0.5084745762711864,
                "lms": 0.8361581920903954,
                "icat": 0.8219860193431007
            },
            "test": {
                "ss": 0.5988700564971752,
                "lms": 0.8361581920903954,
                "icat": 0.6708161767052889
            },
            "dev_count": 531,
            "test_count": 531
        },
        "race": {
            "dev": {
                "ss": 0.47391304347826085,
                "lms": 0.8565217391304348,
                "icat": 0.8118336483931947
            },
            "test": {
                "ss": 0.4588744588744589,
                "lms": 0.8376623376623377,
                "icat": 0.7687637038286389
            },
            "dev_count": 690,
            "test_count": 693
        },
        "religion": {
            "dev": {
                "ss": 0.5333333333333333,
                "lms": 0.7666666666666667,
                "icat": 0.7155555555555556
            },
            "test": {
                "ss": 0.5,
                "lms": 0.71875,
                "icat": 0.71875
            },
            "dev_count": 45,
            "test_count": 48
        },
        "dev_criterion_score": -0.537117903930131,
        "test_criterion_score": -0.5982532751091703
    },
    "./models/bert-base-cased/notall/inp/adv/2e-06/64/3000/model_13": {
        "path": "./models/bert-base-cased/notall/inp/adv/2e-06/64/3000/model_13",
        "gender": {
            "dev": {
                "ss": 0.6346153846153846,
                "lms": 0.8846153846153846,
                "icat": 0.6464497041420119
            },
            "test": {
                "ss": 0.5769230769230769,
                "lms": 0.8173076923076923,
                "icat": 0.6915680473372782
            },
            "dev_count": 156,
            "test_count": 156
        },
        "profession": {
            "dev": {
                "ss": 0.519774011299435,
                "lms": 0.827683615819209,
                "icat": 0.7949503654760764
            },
            "test": {
                "ss": 0.6101694915254238,
                "lms": 0.8192090395480226,
                "icat": 0.6387053528679497
            },
            "dev_count": 531,
            "test_count": 531
        },
        "race": {
            "dev": {
                "ss": 0.4826086956521739,
                "lms": 0.8521739130434782,
                "icat": 0.8225330812854442
            },
            "test": {
                "ss": 0.45454545454545453,
                "lms": 0.8311688311688312,
                "icat": 0.755608028335301
            },
            "dev_count": 690,
            "test_count": 693
        },
        "religion": {
            "dev": {
                "ss": 0.5333333333333333,
                "lms": 0.7666666666666667,
                "icat": 0.7155555555555556
            },
            "test": {
                "ss": 0.5,
                "lms": 0.6875,
                "icat": 0.6875
            },
            "dev_count": 45,
            "test_count": 48
        },
        "dev_criterion_score": -0.5458515283842795,
        "test_criterion_score": -0.6026200873362445
    },
    "./models/bert-base-cased/notall/inp/adv/2e-06/64/3000/model_2": {
        "path": "./models/bert-base-cased/notall/inp/adv/2e-06/64/3000/model_2",
        "gender": {
            "dev": {
                "ss": 0.7307692307692307,
                "lms": 0.9134615384615384,
                "icat": 0.49186390532544383
            },
            "test": {
                "ss": 0.6153846153846154,
                "lms": 0.8653846153846154,
                "icat": 0.665680473372781
            },
            "dev_count": 156,
            "test_count": 156
        },
        "profession": {
            "dev": {
                "ss": 0.5875706214689266,
                "lms": 0.8728813559322034,
                "icat": 0.7200038303169587
            },
            "test": {
                "ss": 0.632768361581921,
                "lms": 0.884180790960452,
                "icat": 0.6493983210443997
            },
            "dev_count": 531,
            "test_count": 531
        },
        "race": {
            "dev": {
                "ss": 0.5,
                "lms": 0.8760869565217392,
                "icat": 0.8760869565217392
            },
            "test": {
                "ss": 0.49783549783549785,
                "lms": 0.8636363636363636,
                "icat": 0.8598976780794964
            },
            "dev_count": 690,
            "test_count": 693
        },
        "religion": {
            "dev": {
                "ss": 0.6,
                "lms": 0.9,
                "icat": 0.7200000000000001
            },
            "test": {
                "ss": 0.625,
                "lms": 0.78125,
                "icat": 0.5859375
            },
            "dev_count": 45,
            "test_count": 48
        },
        "dev_criterion_score": -0.6200873362445415,
        "test_criterion_score": -0.62882096069869
    },
    "./models/bert-base-cased/notall/inp/adv/2e-06/64/3000/model_12": {
        "path": "./models/bert-base-cased/notall/inp/adv/2e-06/64/3000/model_12",
        "gender": {
            "dev": {
                "ss": 0.6346153846153846,
                "lms": 0.8942307692307693,
                "icat": 0.6534763313609468
            },
            "test": {
                "ss": 0.5576923076923077,
                "lms": 0.8173076923076923,
                "icat": 0.7230029585798816
            },
            "dev_count": 156,
            "test_count": 156
        },
        "profession": {
            "dev": {
                "ss": 0.5141242937853108,
                "lms": 0.827683615819209,
                "icat": 0.8043027227169715
            },
            "test": {
                "ss": 0.615819209039548,
                "lms": 0.8305084745762712,
                "icat": 0.6381308053241406
            },
            "dev_count": 531,
            "test_count": 531
        },
        "race": {
            "dev": {
                "ss": 0.4782608695652174,
                "lms": 0.8543478260869565,
                "icat": 0.8172022684310019
            },
            "test": {
                "ss": 0.4588744588744589,
                "lms": 0.8311688311688312,
                "icat": 0.7628042952718278
            },
            "dev_count": 690,
            "test_count": 693
        },
        "religion": {
            "dev": {
                "ss": 0.5333333333333333,
                "lms": 0.7666666666666667,
                "icat": 0.7155555555555556
            },
            "test": {
                "ss": 0.5,
                "lms": 0.71875,
                "icat": 0.71875
            },
            "dev_count": 45,
            "test_count": 48
        },
        "dev_criterion_score": -0.5414847161572053,
        "test_criterion_score": -0.6026200873362445
    }
}
