12/08/2025 10:33:34 - INFO - __main__ - Initialized tokenizer
12/08/2025 10:33:34 - INFO - __main__ - Found 15 models to evaluate.
12/08/2025 10:33:34 - INFO - __main__ - Constructing StereoSet dataloaders
12/08/2025 10:33:35 - INFO - __main__ - Constructed StereoSet dataloaders
12/08/2025 10:33:35 - INFO - __main__ - Evaluating model at ./models/bert-base-cased/full_grad/inp/adv/2e-06/64/None/model_7
12/08/2025 10:33:35 - INFO - __main__ - ==================================================1/15==================================================
12/08/2025 10:33:37 - INFO - __main__ - Got result: {
    "path": "./models/bert-base-cased/full_grad/inp/adv/2e-06/64/None/model_7",
    "gender": {
        "dev": {
            "ss": 0.5384615384615384,
            "lms": 0.6730769230769231,
            "icat": 0.6213017751479291
        },
        "test": {
            "ss": 0.5769230769230769,
            "lms": 0.5865384615384616,
            "icat": 0.49630177514792906
        },
        "dev_count": 156,
        "test_count": 156
    },
    "profession": {
        "dev": {
            "ss": 0.6271186440677966,
            "lms": 0.6497175141242938,
            "icat": 0.48453509527913435
        },
        "test": {
            "ss": 0.5875706214689266,
            "lms": 0.5536723163841808,
            "icat": 0.4567014587123751
        },
        "dev_count": 531,
        "test_count": 531
    },
    "race": {
        "dev": {
            "ss": 0.5217391304347826,
            "lms": 0.691304347826087,
            "icat": 0.6612476370510397
        },
        "test": {
            "ss": 0.4675324675324675,
            "lms": 0.6147186147186147,
            "icat": 0.5748018215550682
        },
        "dev_count": 690,
        "test_count": 693
    },
    "religion": {
        "dev": {
            "ss": 0.7333333333333333,
            "lms": 0.7,
            "icat": 0.3733333333333334
        },
        "test": {
            "ss": 0.6875,
            "lms": 0.625,
            "icat": 0.390625
        },
        "dev_count": 45,
        "test_count": 48
    }
}
12/08/2025 10:33:37 - INFO - __main__ - ====================================================================================================
12/08/2025 10:33:37 - INFO - __main__ - Evaluating model at ./models/bert-base-cased/full_grad/inp/adv/2e-06/64/None/model_6
12/08/2025 10:33:37 - INFO - __main__ - ==================================================2/15==================================================
12/08/2025 10:33:37 - INFO - __main__ - Got result: {
    "path": "./models/bert-base-cased/full_grad/inp/adv/2e-06/64/None/model_6",
    "gender": {
        "dev": {
            "ss": 0.5576923076923077,
            "lms": 0.6826923076923077,
            "icat": 0.6039201183431953
        },
        "test": {
            "ss": 0.5769230769230769,
            "lms": 0.5961538461538461,
            "icat": 0.5044378698224853
        },
        "dev_count": 156,
        "test_count": 156
    },
    "profession": {
        "dev": {
            "ss": 0.6271186440677966,
            "lms": 0.6892655367231638,
            "icat": 0.5140285358613426
        },
        "test": {
            "ss": 0.5988700564971752,
            "lms": 0.5649717514124294,
            "icat": 0.45325417344951957
        },
        "dev_count": 531,
        "test_count": 531
    },
    "race": {
        "dev": {
            "ss": 0.508695652173913,
            "lms": 0.6934782608695652,
            "icat": 0.6814177693761816
        },
        "test": {
            "ss": 0.47186147186147187,
            "lms": 0.6277056277056277,
            "icat": 0.5923802027698131
        },
        "dev_count": 690,
        "test_count": 693
    },
    "religion": {
        "dev": {
            "ss": 0.6666666666666666,
            "lms": 0.7333333333333333,
            "icat": 0.48888888888888893
        },
        "test": {
            "ss": 0.6875,
            "lms": 0.625,
            "icat": 0.390625
        },
        "dev_count": 45,
        "test_count": 48
    }
}
12/08/2025 10:33:37 - INFO - __main__ - ====================================================================================================
12/08/2025 10:33:37 - INFO - __main__ - Evaluating model at ./models/bert-base-cased/full_grad/inp/adv/2e-06/64/None/model_3
12/08/2025 10:33:37 - INFO - __main__ - ==================================================3/15==================================================
12/08/2025 10:33:38 - INFO - __main__ - Got result: {
    "path": "./models/bert-base-cased/full_grad/inp/adv/2e-06/64/None/model_3",
    "gender": {
        "dev": {
            "ss": 0.6538461538461539,
            "lms": 0.8076923076923077,
            "icat": 0.5591715976331361
        },
        "test": {
            "ss": 0.5576923076923077,
            "lms": 0.7596153846153846,
            "icat": 0.6719674556213017
        },
        "dev_count": 156,
        "test_count": 156
    },
    "profession": {
        "dev": {
            "ss": 0.6666666666666666,
            "lms": 0.8022598870056498,
            "icat": 0.5348399246704333
        },
        "test": {
            "ss": 0.632768361581921,
            "lms": 0.7005649717514124,
            "icat": 0.5145392447891729
        },
        "dev_count": 531,
        "test_count": 531
    },
    "race": {
        "dev": {
            "ss": 0.5,
            "lms": 0.8173913043478261,
            "icat": 0.8173913043478261
        },
        "test": {
            "ss": 0.48917748917748916,
            "lms": 0.7619047619047619,
            "icat": 0.7454133168418882
        },
        "dev_count": 690,
        "test_count": 693
    },
    "religion": {
        "dev": {
            "ss": 0.7333333333333333,
            "lms": 0.8666666666666667,
            "icat": 0.4622222222222223
        },
        "test": {
            "ss": 0.6875,
            "lms": 0.75,
            "icat": 0.46875
        },
        "dev_count": 45,
        "test_count": 48
    }
}
12/08/2025 10:33:38 - INFO - __main__ - ====================================================================================================
12/08/2025 10:33:38 - INFO - __main__ - Evaluating model at ./models/bert-base-cased/full_grad/inp/adv/2e-06/64/None/model_8
12/08/2025 10:33:38 - INFO - __main__ - ==================================================4/15==================================================
12/08/2025 10:33:39 - INFO - __main__ - Got result: {
    "path": "./models/bert-base-cased/full_grad/inp/adv/2e-06/64/None/model_8",
    "gender": {
        "dev": {
            "ss": 0.5192307692307693,
            "lms": 0.6634615384615384,
            "icat": 0.6379437869822484
        },
        "test": {
            "ss": 0.5769230769230769,
            "lms": 0.5576923076923077,
            "icat": 0.47189349112426043
        },
        "dev_count": 156,
        "test_count": 156
    },
    "profession": {
        "dev": {
            "ss": 0.6214689265536724,
            "lms": 0.6299435028248588,
            "icat": 0.47690638066966706
        },
        "test": {
            "ss": 0.5932203389830508,
            "lms": 0.53954802259887,
            "icat": 0.4389543234702672
        },
        "dev_count": 531,
        "test_count": 531
    },
    "race": {
        "dev": {
            "ss": 0.5130434782608696,
            "lms": 0.6847826086956522,
            "icat": 0.6669187145557656
        },
        "test": {
            "ss": 0.4805194805194805,
            "lms": 0.5952380952380952,
            "icat": 0.5720470006184292
        },
        "dev_count": 690,
        "test_count": 693
    },
    "religion": {
        "dev": {
            "ss": 0.7333333333333333,
            "lms": 0.7,
            "icat": 0.3733333333333334
        },
        "test": {
            "ss": 0.6875,
            "lms": 0.625,
            "icat": 0.390625
        },
        "dev_count": 45,
        "test_count": 48
    }
}
12/08/2025 10:33:39 - INFO - __main__ - ====================================================================================================
12/08/2025 10:33:39 - INFO - __main__ - Evaluating model at ./models/bert-base-cased/full_grad/inp/adv/2e-06/64/None/model_14
12/08/2025 10:33:39 - INFO - __main__ - ==================================================5/15==================================================
12/08/2025 10:33:39 - INFO - __main__ - Got result: {
    "path": "./models/bert-base-cased/full_grad/inp/adv/2e-06/64/None/model_14",
    "gender": {
        "dev": {
            "ss": 0.5192307692307693,
            "lms": 0.5576923076923077,
            "icat": 0.5362426035502958
        },
        "test": {
            "ss": 0.5384615384615384,
            "lms": 0.5,
            "icat": 0.46153846153846156
        },
        "dev_count": 156,
        "test_count": 156
    },
    "profession": {
        "dev": {
            "ss": 0.6101694915254238,
            "lms": 0.5677966101694916,
            "icat": 0.4426888825050273
        },
        "test": {
            "ss": 0.5536723163841808,
            "lms": 0.5028248587570622,
            "icat": 0.44884930894698205
        },
        "dev_count": 531,
        "test_count": 531
    },
    "race": {
        "dev": {
            "ss": 0.49130434782608695,
            "lms": 0.6434782608695652,
            "icat": 0.6322873345935727
        },
        "test": {
            "ss": 0.4935064935064935,
            "lms": 0.5670995670995671,
            "icat": 0.5597346376567156
        },
        "dev_count": 690,
        "test_count": 693
    },
    "religion": {
        "dev": {
            "ss": 0.7333333333333333,
            "lms": 0.7666666666666667,
            "icat": 0.40888888888888897
        },
        "test": {
            "ss": 0.6875,
            "lms": 0.59375,
            "icat": 0.37109375
        },
        "dev_count": 45,
        "test_count": 48
    }
}
12/08/2025 10:33:39 - INFO - __main__ - ====================================================================================================
12/08/2025 10:33:39 - INFO - __main__ - Evaluating model at ./models/bert-base-cased/full_grad/inp/adv/2e-06/64/None/model_15
12/08/2025 10:33:39 - INFO - __main__ - ==================================================6/15==================================================
12/08/2025 10:33:40 - INFO - __main__ - Got result: {
    "path": "./models/bert-base-cased/full_grad/inp/adv/2e-06/64/None/model_15",
    "gender": {
        "dev": {
            "ss": 0.5,
            "lms": 0.5576923076923077,
            "icat": 0.5576923076923077
        },
        "test": {
            "ss": 0.5384615384615384,
            "lms": 0.49038461538461536,
            "icat": 0.4526627218934911
        },
        "dev_count": 156,
        "test_count": 156
    },
    "profession": {
        "dev": {
            "ss": 0.6045197740112994,
            "lms": 0.5649717514124294,
            "icat": 0.4468703118516391
        },
        "test": {
            "ss": 0.5536723163841808,
            "lms": 0.5028248587570622,
            "icat": 0.44884930894698205
        },
        "dev_count": 531,
        "test_count": 531
    },
    "race": {
        "dev": {
            "ss": 0.4956521739130435,
            "lms": 0.6347826086956522,
            "icat": 0.6292627599243856
        },
        "test": {
            "ss": 0.49783549783549785,
            "lms": 0.5584415584415584,
            "icat": 0.556024062517569
        },
        "dev_count": 690,
        "test_count": 693
    },
    "religion": {
        "dev": {
            "ss": 0.7333333333333333,
            "lms": 0.7333333333333333,
            "icat": 0.3911111111111112
        },
        "test": {
            "ss": 0.625,
            "lms": 0.53125,
            "icat": 0.3984375
        },
        "dev_count": 45,
        "test_count": 48
    }
}
12/08/2025 10:33:40 - INFO - __main__ - ====================================================================================================
12/08/2025 10:33:40 - INFO - __main__ - Evaluating model at ./models/bert-base-cased/full_grad/inp/adv/2e-06/64/None/model_5
12/08/2025 10:33:40 - INFO - __main__ - ==================================================7/15==================================================
12/08/2025 10:33:41 - INFO - __main__ - Got result: {
    "path": "./models/bert-base-cased/full_grad/inp/adv/2e-06/64/None/model_5",
    "gender": {
        "dev": {
            "ss": 0.5576923076923077,
            "lms": 0.7019230769230769,
            "icat": 0.6209319526627218
        },
        "test": {
            "ss": 0.5576923076923077,
            "lms": 0.6346153846153846,
            "icat": 0.5613905325443787
        },
        "dev_count": 156,
        "test_count": 156
    },
    "profession": {
        "dev": {
            "ss": 0.6497175141242938,
            "lms": 0.7090395480225988,
            "icat": 0.4967282709310862
        },
        "test": {
            "ss": 0.615819209039548,
            "lms": 0.5706214689265536,
            "icat": 0.4384436145424367
        },
        "dev_count": 531,
        "test_count": 531
    },
    "race": {
        "dev": {
            "ss": 0.5,
            "lms": 0.7065217391304348,
            "icat": 0.7065217391304348
        },
        "test": {
            "ss": 0.48917748917748916,
            "lms": 0.6536796536796536,
            "icat": 0.6395307434268472
        },
        "dev_count": 690,
        "test_count": 693
    },
    "religion": {
        "dev": {
            "ss": 0.7333333333333333,
            "lms": 0.8333333333333334,
            "icat": 0.44444444444444453
        },
        "test": {
            "ss": 0.6875,
            "lms": 0.6875,
            "icat": 0.4296875
        },
        "dev_count": 45,
        "test_count": 48
    }
}
12/08/2025 10:33:41 - INFO - __main__ - ====================================================================================================
12/08/2025 10:33:41 - INFO - __main__ - Evaluating model at ./models/bert-base-cased/full_grad/inp/adv/2e-06/64/None/model_4
12/08/2025 10:33:41 - INFO - __main__ - ==================================================8/15==================================================
12/08/2025 10:33:41 - INFO - __main__ - Got result: {
    "path": "./models/bert-base-cased/full_grad/inp/adv/2e-06/64/None/model_4",
    "gender": {
        "dev": {
            "ss": 0.5769230769230769,
            "lms": 0.7403846153846154,
            "icat": 0.6264792899408285
        },
        "test": {
            "ss": 0.5384615384615384,
            "lms": 0.6634615384615384,
            "icat": 0.6124260355029586
        },
        "dev_count": 156,
        "test_count": 156
    },
    "profession": {
        "dev": {
            "ss": 0.6666666666666666,
            "lms": 0.7401129943502824,
            "icat": 0.49340866290018837
        },
        "test": {
            "ss": 0.6214689265536724,
            "lms": 0.5988700564971752,
            "icat": 0.4533818506814772
        },
        "dev_count": 531,
        "test_count": 531
    },
    "race": {
        "dev": {
            "ss": 0.5173913043478261,
            "lms": 0.7260869565217392,
            "icat": 0.7008317580340265
        },
        "test": {
            "ss": 0.48917748917748916,
            "lms": 0.6818181818181818,
            "icat": 0.6670602125147579
        },
        "dev_count": 690,
        "test_count": 693
    },
    "religion": {
        "dev": {
            "ss": 0.6666666666666666,
            "lms": 0.8666666666666667,
            "icat": 0.5777777777777778
        },
        "test": {
            "ss": 0.625,
            "lms": 0.71875,
            "icat": 0.5390625
        },
        "dev_count": 45,
        "test_count": 48
    }
}
12/08/2025 10:33:41 - INFO - __main__ - ====================================================================================================
12/08/2025 10:33:41 - INFO - __main__ - Evaluating model at ./models/bert-base-cased/full_grad/inp/adv/2e-06/64/None/model_10
12/08/2025 10:33:41 - INFO - __main__ - ==================================================9/15==================================================
12/08/2025 10:33:42 - INFO - __main__ - Got result: {
    "path": "./models/bert-base-cased/full_grad/inp/adv/2e-06/64/None/model_10",
    "gender": {
        "dev": {
            "ss": 0.5192307692307693,
            "lms": 0.6153846153846154,
            "icat": 0.591715976331361
        },
        "test": {
            "ss": 0.5576923076923077,
            "lms": 0.5288461538461539,
            "icat": 0.46782544378698226
        },
        "dev_count": 156,
        "test_count": 156
    },
    "profession": {
        "dev": {
            "ss": 0.615819209039548,
            "lms": 0.5903954802259888,
            "icat": 0.4536372051453925
        },
        "test": {
            "ss": 0.576271186440678,
            "lms": 0.5282485875706214,
            "icat": 0.4476682945513741
        },
        "dev_count": 531,
        "test_count": 531
    },
    "race": {
        "dev": {
            "ss": 0.4956521739130435,
            "lms": 0.6608695652173913,
            "icat": 0.6551228733459358
        },
        "test": {
            "ss": 0.48484848484848486,
            "lms": 0.5887445887445888,
            "icat": 0.5709038436311165
        },
        "dev_count": 690,
        "test_count": 693
    },
    "religion": {
        "dev": {
            "ss": 0.6666666666666666,
            "lms": 0.7,
            "icat": 0.4666666666666667
        },
        "test": {
            "ss": 0.625,
            "lms": 0.5625,
            "icat": 0.421875
        },
        "dev_count": 45,
        "test_count": 48
    }
}
12/08/2025 10:33:42 - INFO - __main__ - ====================================================================================================
12/08/2025 10:33:42 - INFO - __main__ - Evaluating model at ./models/bert-base-cased/full_grad/inp/adv/2e-06/64/None/model_1
12/08/2025 10:33:42 - INFO - __main__ - ==================================================10/15==================================================
12/08/2025 10:33:43 - INFO - __main__ - Got result: {
    "path": "./models/bert-base-cased/full_grad/inp/adv/2e-06/64/None/model_1",
    "gender": {
        "dev": {
            "ss": 0.7115384615384616,
            "lms": 0.9134615384615384,
            "icat": 0.5269970414201183
        },
        "test": {
            "ss": 0.6153846153846154,
            "lms": 0.8365384615384616,
            "icat": 0.643491124260355
        },
        "dev_count": 156,
        "test_count": 156
    },
    "profession": {
        "dev": {
            "ss": 0.6440677966101694,
            "lms": 0.8587570621468926,
            "icat": 0.6113185866130423
        },
        "test": {
            "ss": 0.6384180790960452,
            "lms": 0.8559322033898306,
            "icat": 0.6189792205304989
        },
        "dev_count": 531,
        "test_count": 531
    },
    "race": {
        "dev": {
            "ss": 0.4956521739130435,
            "lms": 0.8673913043478261,
            "icat": 0.8598487712665407
        },
        "test": {
            "ss": 0.49783549783549785,
            "lms": 0.8506493506493507,
            "icat": 0.8469668859279249
        },
        "dev_count": 690,
        "test_count": 693
    },
    "religion": {
        "dev": {
            "ss": 0.6,
            "lms": 0.9666666666666667,
            "icat": 0.7733333333333334
        },
        "test": {
            "ss": 0.75,
            "lms": 0.8125,
            "icat": 0.40625
        },
        "dev_count": 45,
        "test_count": 48
    }
}
12/08/2025 10:33:43 - INFO - __main__ - ====================================================================================================
12/08/2025 10:33:43 - INFO - __main__ - Evaluating model at ./models/bert-base-cased/full_grad/inp/adv/2e-06/64/None/model_9
12/08/2025 10:33:43 - INFO - __main__ - ==================================================11/15==================================================
12/08/2025 10:33:44 - INFO - __main__ - Got result: {
    "path": "./models/bert-base-cased/full_grad/inp/adv/2e-06/64/None/model_9",
    "gender": {
        "dev": {
            "ss": 0.5192307692307693,
            "lms": 0.6634615384615384,
            "icat": 0.6379437869822484
        },
        "test": {
            "ss": 0.5384615384615384,
            "lms": 0.5480769230769231,
            "icat": 0.5059171597633136
        },
        "dev_count": 156,
        "test_count": 156
    },
    "profession": {
        "dev": {
            "ss": 0.615819209039548,
            "lms": 0.5988700564971752,
            "icat": 0.46014874397523065
        },
        "test": {
            "ss": 0.5819209039548022,
            "lms": 0.5282485875706214,
            "icat": 0.4416993839573558
        },
        "dev_count": 531,
        "test_count": 531
    },
    "race": {
        "dev": {
            "ss": 0.5043478260869565,
            "lms": 0.6804347826086956,
            "icat": 0.6745179584120983
        },
        "test": {
            "ss": 0.48484848484848486,
            "lms": 0.5930735930735931,
            "icat": 0.575101666010757
        },
        "dev_count": 690,
        "test_count": 693
    },
    "religion": {
        "dev": {
            "ss": 0.7333333333333333,
            "lms": 0.7,
            "icat": 0.3733333333333334
        },
        "test": {
            "ss": 0.625,
            "lms": 0.5625,
            "icat": 0.421875
        },
        "dev_count": 45,
        "test_count": 48
    }
}
12/08/2025 10:33:44 - INFO - __main__ - ====================================================================================================
12/08/2025 10:33:44 - INFO - __main__ - Evaluating model at ./models/bert-base-cased/full_grad/inp/adv/2e-06/64/None/model_11
12/08/2025 10:33:44 - INFO - __main__ - ==================================================12/15==================================================
12/08/2025 10:33:44 - INFO - __main__ - Got result: {
    "path": "./models/bert-base-cased/full_grad/inp/adv/2e-06/64/None/model_11",
    "gender": {
        "dev": {
            "ss": 0.5192307692307693,
            "lms": 0.5961538461538461,
            "icat": 0.5732248520710058
        },
        "test": {
            "ss": 0.5576923076923077,
            "lms": 0.5192307692307693,
            "icat": 0.459319526627219
        },
        "dev_count": 156,
        "test_count": 156
    },
    "profession": {
        "dev": {
            "ss": 0.6101694915254238,
            "lms": 0.5903954802259888,
            "icat": 0.4603083405151776
        },
        "test": {
            "ss": 0.576271186440678,
            "lms": 0.5169491525423728,
            "icat": 0.43809250215455325
        },
        "dev_count": 531,
        "test_count": 531
    },
    "race": {
        "dev": {
            "ss": 0.48695652173913045,
            "lms": 0.6630434782608695,
            "icat": 0.6457466918714555
        },
        "test": {
            "ss": 0.48484848484848486,
            "lms": 0.5692640692640693,
            "icat": 0.5520136429227338
        },
        "dev_count": 690,
        "test_count": 693
    },
    "religion": {
        "dev": {
            "ss": 0.7333333333333333,
            "lms": 0.7666666666666667,
            "icat": 0.40888888888888897
        },
        "test": {
            "ss": 0.6875,
            "lms": 0.59375,
            "icat": 0.37109375
        },
        "dev_count": 45,
        "test_count": 48
    }
}
12/08/2025 10:33:44 - INFO - __main__ - ====================================================================================================
12/08/2025 10:33:44 - INFO - __main__ - Evaluating model at ./models/bert-base-cased/full_grad/inp/adv/2e-06/64/None/model_13
12/08/2025 10:33:44 - INFO - __main__ - ==================================================13/15==================================================
12/08/2025 10:33:45 - INFO - __main__ - Got result: {
    "path": "./models/bert-base-cased/full_grad/inp/adv/2e-06/64/None/model_13",
    "gender": {
        "dev": {
            "ss": 0.5192307692307693,
            "lms": 0.5673076923076923,
            "icat": 0.5454881656804733
        },
        "test": {
            "ss": 0.5384615384615384,
            "lms": 0.5,
            "icat": 0.46153846153846156
        },
        "dev_count": 156,
        "test_count": 156
    },
    "profession": {
        "dev": {
            "ss": 0.6101694915254238,
            "lms": 0.5677966101694916,
            "icat": 0.4426888825050273
        },
        "test": {
            "ss": 0.576271186440678,
            "lms": 0.5028248587570622,
            "icat": 0.42612276165852725
        },
        "dev_count": 531,
        "test_count": 531
    },
    "race": {
        "dev": {
            "ss": 0.5,
            "lms": 0.6413043478260869,
            "icat": 0.6413043478260869
        },
        "test": {
            "ss": 0.48917748917748916,
            "lms": 0.5627705627705628,
            "icat": 0.5505893817582129
        },
        "dev_count": 690,
        "test_count": 693
    },
    "religion": {
        "dev": {
            "ss": 0.7333333333333333,
            "lms": 0.7666666666666667,
            "icat": 0.40888888888888897
        },
        "test": {
            "ss": 0.6875,
            "lms": 0.59375,
            "icat": 0.37109375
        },
        "dev_count": 45,
        "test_count": 48
    }
}
12/08/2025 10:33:45 - INFO - __main__ - ====================================================================================================
12/08/2025 10:33:45 - INFO - __main__ - Evaluating model at ./models/bert-base-cased/full_grad/inp/adv/2e-06/64/None/model_2
12/08/2025 10:33:45 - INFO - __main__ - ==================================================14/15==================================================
12/08/2025 10:33:46 - INFO - __main__ - Got result: {
    "path": "./models/bert-base-cased/full_grad/inp/adv/2e-06/64/None/model_2",
    "gender": {
        "dev": {
            "ss": 0.6923076923076923,
            "lms": 0.8942307692307693,
            "icat": 0.5502958579881657
        },
        "test": {
            "ss": 0.5961538461538461,
            "lms": 0.7980769230769231,
            "icat": 0.6446005917159764
        },
        "dev_count": 156,
        "test_count": 156
    },
    "profession": {
        "dev": {
            "ss": 0.6440677966101694,
            "lms": 0.8418079096045198,
            "icat": 0.5992530881930481
        },
        "test": {
            "ss": 0.6271186440677966,
            "lms": 0.7768361581920904,
            "icat": 0.5793354400076607
        },
        "dev_count": 531,
        "test_count": 531
    },
    "race": {
        "dev": {
            "ss": 0.48695652173913045,
            "lms": 0.8369565217391305,
            "icat": 0.8151228733459358
        },
        "test": {
            "ss": 0.5064935064935064,
            "lms": 0.8354978354978355,
            "icat": 0.824647214257604
        },
        "dev_count": 690,
        "test_count": 693
    },
    "religion": {
        "dev": {
            "ss": 0.7333333333333333,
            "lms": 0.9666666666666667,
            "icat": 0.5155555555555557
        },
        "test": {
            "ss": 0.6875,
            "lms": 0.8125,
            "icat": 0.5078125
        },
        "dev_count": 45,
        "test_count": 48
    }
}
12/08/2025 10:33:46 - INFO - __main__ - ====================================================================================================
12/08/2025 10:33:46 - INFO - __main__ - Evaluating model at ./models/bert-base-cased/full_grad/inp/adv/2e-06/64/None/model_12
12/08/2025 10:33:46 - INFO - __main__ - ==================================================15/15==================================================
12/08/2025 10:33:46 - INFO - __main__ - Got result: {
    "path": "./models/bert-base-cased/full_grad/inp/adv/2e-06/64/None/model_12",
    "gender": {
        "dev": {
            "ss": 0.5192307692307693,
            "lms": 0.5769230769230769,
            "icat": 0.5547337278106508
        },
        "test": {
            "ss": 0.5576923076923077,
            "lms": 0.5096153846153846,
            "icat": 0.4508136094674556
        },
        "dev_count": 156,
        "test_count": 156
    },
    "profession": {
        "dev": {
            "ss": 0.6101694915254238,
            "lms": 0.5790960451977402,
            "icat": 0.45149861151010245
        },
        "test": {
            "ss": 0.576271186440678,
            "lms": 0.5112994350282486,
            "icat": 0.43330460595614284
        },
        "dev_count": 531,
        "test_count": 531
    },
    "race": {
        "dev": {
            "ss": 0.48695652173913045,
            "lms": 0.6521739130434783,
            "icat": 0.6351606805293006
        },
        "test": {
            "ss": 0.5021645021645021,
            "lms": 0.5606060606060606,
            "icat": 0.5581791945428308
        },
        "dev_count": 690,
        "test_count": 693
    },
    "religion": {
        "dev": {
            "ss": 0.7333333333333333,
            "lms": 0.7666666666666667,
            "icat": 0.40888888888888897
        },
        "test": {
            "ss": 0.6875,
            "lms": 0.59375,
            "icat": 0.37109375
        },
        "dev_count": 45,
        "test_count": 48
    }
}
12/08/2025 10:33:46 - INFO - __main__ - ====================================================================================================
12/08/2025 10:33:46 - INFO - __main__ - Got results map {
    "full_grad": {
        "inp": {
            "adv": {
                "2e-06": {
                    "64": {
                        "None": {
                            "model_7": {
                                "path": "./models/bert-base-cased/full_grad/inp/adv/2e-06/64/None/model_7",
                                "gender": {
                                    "dev": {
                                        "ss": 0.5384615384615384,
                                        "lms": 0.6730769230769231,
                                        "icat": 0.6213017751479291
                                    },
                                    "test": {
                                        "ss": 0.5769230769230769,
                                        "lms": 0.5865384615384616,
                                        "icat": 0.49630177514792906
                                    },
                                    "dev_count": 156,
                                    "test_count": 156
                                },
                                "profession": {
                                    "dev": {
                                        "ss": 0.6271186440677966,
                                        "lms": 0.6497175141242938,
                                        "icat": 0.48453509527913435
                                    },
                                    "test": {
                                        "ss": 0.5875706214689266,
                                        "lms": 0.5536723163841808,
                                        "icat": 0.4567014587123751
                                    },
                                    "dev_count": 531,
                                    "test_count": 531
                                },
                                "race": {
                                    "dev": {
                                        "ss": 0.5217391304347826,
                                        "lms": 0.691304347826087,
                                        "icat": 0.6612476370510397
                                    },
                                    "test": {
                                        "ss": 0.4675324675324675,
                                        "lms": 0.6147186147186147,
                                        "icat": 0.5748018215550682
                                    },
                                    "dev_count": 690,
                                    "test_count": 693
                                },
                                "religion": {
                                    "dev": {
                                        "ss": 0.7333333333333333,
                                        "lms": 0.7,
                                        "icat": 0.3733333333333334
                                    },
                                    "test": {
                                        "ss": 0.6875,
                                        "lms": 0.625,
                                        "icat": 0.390625
                                    },
                                    "dev_count": 45,
                                    "test_count": 48
                                }
                            },
                            "model_6": {
                                "path": "./models/bert-base-cased/full_grad/inp/adv/2e-06/64/None/model_6",
                                "gender": {
                                    "dev": {
                                        "ss": 0.5576923076923077,
                                        "lms": 0.6826923076923077,
                                        "icat": 0.6039201183431953
                                    },
                                    "test": {
                                        "ss": 0.5769230769230769,
                                        "lms": 0.5961538461538461,
                                        "icat": 0.5044378698224853
                                    },
                                    "dev_count": 156,
                                    "test_count": 156
                                },
                                "profession": {
                                    "dev": {
                                        "ss": 0.6271186440677966,
                                        "lms": 0.6892655367231638,
                                        "icat": 0.5140285358613426
                                    },
                                    "test": {
                                        "ss": 0.5988700564971752,
                                        "lms": 0.5649717514124294,
                                        "icat": 0.45325417344951957
                                    },
                                    "dev_count": 531,
                                    "test_count": 531
                                },
                                "race": {
                                    "dev": {
                                        "ss": 0.508695652173913,
                                        "lms": 0.6934782608695652,
                                        "icat": 0.6814177693761816
                                    },
                                    "test": {
                                        "ss": 0.47186147186147187,
                                        "lms": 0.6277056277056277,
                                        "icat": 0.5923802027698131
                                    },
                                    "dev_count": 690,
                                    "test_count": 693
                                },
                                "religion": {
                                    "dev": {
                                        "ss": 0.6666666666666666,
                                        "lms": 0.7333333333333333,
                                        "icat": 0.48888888888888893
                                    },
                                    "test": {
                                        "ss": 0.6875,
                                        "lms": 0.625,
                                        "icat": 0.390625
                                    },
                                    "dev_count": 45,
                                    "test_count": 48
                                }
                            },
                            "model_3": {
                                "path": "./models/bert-base-cased/full_grad/inp/adv/2e-06/64/None/model_3",
                                "gender": {
                                    "dev": {
                                        "ss": 0.6538461538461539,
                                        "lms": 0.8076923076923077,
                                        "icat": 0.5591715976331361
                                    },
                                    "test": {
                                        "ss": 0.5576923076923077,
                                        "lms": 0.7596153846153846,
                                        "icat": 0.6719674556213017
                                    },
                                    "dev_count": 156,
                                    "test_count": 156
                                },
                                "profession": {
                                    "dev": {
                                        "ss": 0.6666666666666666,
                                        "lms": 0.8022598870056498,
                                        "icat": 0.5348399246704333
                                    },
                                    "test": {
                                        "ss": 0.632768361581921,
                                        "lms": 0.7005649717514124,
                                        "icat": 0.5145392447891729
                                    },
                                    "dev_count": 531,
                                    "test_count": 531
                                },
                                "race": {
                                    "dev": {
                                        "ss": 0.5,
                                        "lms": 0.8173913043478261,
                                        "icat": 0.8173913043478261
                                    },
                                    "test": {
                                        "ss": 0.48917748917748916,
                                        "lms": 0.7619047619047619,
                                        "icat": 0.7454133168418882
                                    },
                                    "dev_count": 690,
                                    "test_count": 693
                                },
                                "religion": {
                                    "dev": {
                                        "ss": 0.7333333333333333,
                                        "lms": 0.8666666666666667,
                                        "icat": 0.4622222222222223
                                    },
                                    "test": {
                                        "ss": 0.6875,
                                        "lms": 0.75,
                                        "icat": 0.46875
                                    },
                                    "dev_count": 45,
                                    "test_count": 48
                                }
                            },
                            "model_8": {
                                "path": "./models/bert-base-cased/full_grad/inp/adv/2e-06/64/None/model_8",
                                "gender": {
                                    "dev": {
                                        "ss": 0.5192307692307693,
                                        "lms": 0.6634615384615384,
                                        "icat": 0.6379437869822484
                                    },
                                    "test": {
                                        "ss": 0.5769230769230769,
                                        "lms": 0.5576923076923077,
                                        "icat": 0.47189349112426043
                                    },
                                    "dev_count": 156,
                                    "test_count": 156
                                },
                                "profession": {
                                    "dev": {
                                        "ss": 0.6214689265536724,
                                        "lms": 0.6299435028248588,
                                        "icat": 0.47690638066966706
                                    },
                                    "test": {
                                        "ss": 0.5932203389830508,
                                        "lms": 0.53954802259887,
                                        "icat": 0.4389543234702672
                                    },
                                    "dev_count": 531,
                                    "test_count": 531
                                },
                                "race": {
                                    "dev": {
                                        "ss": 0.5130434782608696,
                                        "lms": 0.6847826086956522,
                                        "icat": 0.6669187145557656
                                    },
                                    "test": {
                                        "ss": 0.4805194805194805,
                                        "lms": 0.5952380952380952,
                                        "icat": 0.5720470006184292
                                    },
                                    "dev_count": 690,
                                    "test_count": 693
                                },
                                "religion": {
                                    "dev": {
                                        "ss": 0.7333333333333333,
                                        "lms": 0.7,
                                        "icat": 0.3733333333333334
                                    },
                                    "test": {
                                        "ss": 0.6875,
                                        "lms": 0.625,
                                        "icat": 0.390625
                                    },
                                    "dev_count": 45,
                                    "test_count": 48
                                }
                            },
                            "model_14": {
                                "path": "./models/bert-base-cased/full_grad/inp/adv/2e-06/64/None/model_14",
                                "gender": {
                                    "dev": {
                                        "ss": 0.5192307692307693,
                                        "lms": 0.5576923076923077,
                                        "icat": 0.5362426035502958
                                    },
                                    "test": {
                                        "ss": 0.5384615384615384,
                                        "lms": 0.5,
                                        "icat": 0.46153846153846156
                                    },
                                    "dev_count": 156,
                                    "test_count": 156
                                },
                                "profession": {
                                    "dev": {
                                        "ss": 0.6101694915254238,
                                        "lms": 0.5677966101694916,
                                        "icat": 0.4426888825050273
                                    },
                                    "test": {
                                        "ss": 0.5536723163841808,
                                        "lms": 0.5028248587570622,
                                        "icat": 0.44884930894698205
                                    },
                                    "dev_count": 531,
                                    "test_count": 531
                                },
                                "race": {
                                    "dev": {
                                        "ss": 0.49130434782608695,
                                        "lms": 0.6434782608695652,
                                        "icat": 0.6322873345935727
                                    },
                                    "test": {
                                        "ss": 0.4935064935064935,
                                        "lms": 0.5670995670995671,
                                        "icat": 0.5597346376567156
                                    },
                                    "dev_count": 690,
                                    "test_count": 693
                                },
                                "religion": {
                                    "dev": {
                                        "ss": 0.7333333333333333,
                                        "lms": 0.7666666666666667,
                                        "icat": 0.40888888888888897
                                    },
                                    "test": {
                                        "ss": 0.6875,
                                        "lms": 0.59375,
                                        "icat": 0.37109375
                                    },
                                    "dev_count": 45,
                                    "test_count": 48
                                }
                            },
                            "model_15": {
                                "path": "./models/bert-base-cased/full_grad/inp/adv/2e-06/64/None/model_15",
                                "gender": {
                                    "dev": {
                                        "ss": 0.5,
                                        "lms": 0.5576923076923077,
                                        "icat": 0.5576923076923077
                                    },
                                    "test": {
                                        "ss": 0.5384615384615384,
                                        "lms": 0.49038461538461536,
                                        "icat": 0.4526627218934911
                                    },
                                    "dev_count": 156,
                                    "test_count": 156
                                },
                                "profession": {
                                    "dev": {
                                        "ss": 0.6045197740112994,
                                        "lms": 0.5649717514124294,
                                        "icat": 0.4468703118516391
                                    },
                                    "test": {
                                        "ss": 0.5536723163841808,
                                        "lms": 0.5028248587570622,
                                        "icat": 0.44884930894698205
                                    },
                                    "dev_count": 531,
                                    "test_count": 531
                                },
                                "race": {
                                    "dev": {
                                        "ss": 0.4956521739130435,
                                        "lms": 0.6347826086956522,
                                        "icat": 0.6292627599243856
                                    },
                                    "test": {
                                        "ss": 0.49783549783549785,
                                        "lms": 0.5584415584415584,
                                        "icat": 0.556024062517569
                                    },
                                    "dev_count": 690,
                                    "test_count": 693
                                },
                                "religion": {
                                    "dev": {
                                        "ss": 0.7333333333333333,
                                        "lms": 0.7333333333333333,
                                        "icat": 0.3911111111111112
                                    },
                                    "test": {
                                        "ss": 0.625,
                                        "lms": 0.53125,
                                        "icat": 0.3984375
                                    },
                                    "dev_count": 45,
                                    "test_count": 48
                                }
                            },
                            "model_5": {
                                "path": "./models/bert-base-cased/full_grad/inp/adv/2e-06/64/None/model_5",
                                "gender": {
                                    "dev": {
                                        "ss": 0.5576923076923077,
                                        "lms": 0.7019230769230769,
                                        "icat": 0.6209319526627218
                                    },
                                    "test": {
                                        "ss": 0.5576923076923077,
                                        "lms": 0.6346153846153846,
                                        "icat": 0.5613905325443787
                                    },
                                    "dev_count": 156,
                                    "test_count": 156
                                },
                                "profession": {
                                    "dev": {
                                        "ss": 0.6497175141242938,
                                        "lms": 0.7090395480225988,
                                        "icat": 0.4967282709310862
                                    },
                                    "test": {
                                        "ss": 0.615819209039548,
                                        "lms": 0.5706214689265536,
                                        "icat": 0.4384436145424367
                                    },
                                    "dev_count": 531,
                                    "test_count": 531
                                },
                                "race": {
                                    "dev": {
                                        "ss": 0.5,
                                        "lms": 0.7065217391304348,
                                        "icat": 0.7065217391304348
                                    },
                                    "test": {
                                        "ss": 0.48917748917748916,
                                        "lms": 0.6536796536796536,
                                        "icat": 0.6395307434268472
                                    },
                                    "dev_count": 690,
                                    "test_count": 693
                                },
                                "religion": {
                                    "dev": {
                                        "ss": 0.7333333333333333,
                                        "lms": 0.8333333333333334,
                                        "icat": 0.44444444444444453
                                    },
                                    "test": {
                                        "ss": 0.6875,
                                        "lms": 0.6875,
                                        "icat": 0.4296875
                                    },
                                    "dev_count": 45,
                                    "test_count": 48
                                }
                            },
                            "model_4": {
                                "path": "./models/bert-base-cased/full_grad/inp/adv/2e-06/64/None/model_4",
                                "gender": {
                                    "dev": {
                                        "ss": 0.5769230769230769,
                                        "lms": 0.7403846153846154,
                                        "icat": 0.6264792899408285
                                    },
                                    "test": {
                                        "ss": 0.5384615384615384,
                                        "lms": 0.6634615384615384,
                                        "icat": 0.6124260355029586
                                    },
                                    "dev_count": 156,
                                    "test_count": 156
                                },
                                "profession": {
                                    "dev": {
                                        "ss": 0.6666666666666666,
                                        "lms": 0.7401129943502824,
                                        "icat": 0.49340866290018837
                                    },
                                    "test": {
                                        "ss": 0.6214689265536724,
                                        "lms": 0.5988700564971752,
                                        "icat": 0.4533818506814772
                                    },
                                    "dev_count": 531,
                                    "test_count": 531
                                },
                                "race": {
                                    "dev": {
                                        "ss": 0.5173913043478261,
                                        "lms": 0.7260869565217392,
                                        "icat": 0.7008317580340265
                                    },
                                    "test": {
                                        "ss": 0.48917748917748916,
                                        "lms": 0.6818181818181818,
                                        "icat": 0.6670602125147579
                                    },
                                    "dev_count": 690,
                                    "test_count": 693
                                },
                                "religion": {
                                    "dev": {
                                        "ss": 0.6666666666666666,
                                        "lms": 0.8666666666666667,
                                        "icat": 0.5777777777777778
                                    },
                                    "test": {
                                        "ss": 0.625,
                                        "lms": 0.71875,
                                        "icat": 0.5390625
                                    },
                                    "dev_count": 45,
                                    "test_count": 48
                                }
                            },
                            "model_10": {
                                "path": "./models/bert-base-cased/full_grad/inp/adv/2e-06/64/None/model_10",
                                "gender": {
                                    "dev": {
                                        "ss": 0.5192307692307693,
                                        "lms": 0.6153846153846154,
                                        "icat": 0.591715976331361
                                    },
                                    "test": {
                                        "ss": 0.5576923076923077,
                                        "lms": 0.5288461538461539,
                                        "icat": 0.46782544378698226
                                    },
                                    "dev_count": 156,
                                    "test_count": 156
                                },
                                "profession": {
                                    "dev": {
                                        "ss": 0.615819209039548,
                                        "lms": 0.5903954802259888,
                                        "icat": 0.4536372051453925
                                    },
                                    "test": {
                                        "ss": 0.576271186440678,
                                        "lms": 0.5282485875706214,
                                        "icat": 0.4476682945513741
                                    },
                                    "dev_count": 531,
                                    "test_count": 531
                                },
                                "race": {
                                    "dev": {
                                        "ss": 0.4956521739130435,
                                        "lms": 0.6608695652173913,
                                        "icat": 0.6551228733459358
                                    },
                                    "test": {
                                        "ss": 0.48484848484848486,
                                        "lms": 0.5887445887445888,
                                        "icat": 0.5709038436311165
                                    },
                                    "dev_count": 690,
                                    "test_count": 693
                                },
                                "religion": {
                                    "dev": {
                                        "ss": 0.6666666666666666,
                                        "lms": 0.7,
                                        "icat": 0.4666666666666667
                                    },
                                    "test": {
                                        "ss": 0.625,
                                        "lms": 0.5625,
                                        "icat": 0.421875
                                    },
                                    "dev_count": 45,
                                    "test_count": 48
                                }
                            },
                            "model_1": {
                                "path": "./models/bert-base-cased/full_grad/inp/adv/2e-06/64/None/model_1",
                                "gender": {
                                    "dev": {
                                        "ss": 0.7115384615384616,
                                        "lms": 0.9134615384615384,
                                        "icat": 0.5269970414201183
                                    },
                                    "test": {
                                        "ss": 0.6153846153846154,
                                        "lms": 0.8365384615384616,
                                        "icat": 0.643491124260355
                                    },
                                    "dev_count": 156,
                                    "test_count": 156
                                },
                                "profession": {
                                    "dev": {
                                        "ss": 0.6440677966101694,
                                        "lms": 0.8587570621468926,
                                        "icat": 0.6113185866130423
                                    },
                                    "test": {
                                        "ss": 0.6384180790960452,
                                        "lms": 0.8559322033898306,
                                        "icat": 0.6189792205304989
                                    },
                                    "dev_count": 531,
                                    "test_count": 531
                                },
                                "race": {
                                    "dev": {
                                        "ss": 0.4956521739130435,
                                        "lms": 0.8673913043478261,
                                        "icat": 0.8598487712665407
                                    },
                                    "test": {
                                        "ss": 0.49783549783549785,
                                        "lms": 0.8506493506493507,
                                        "icat": 0.8469668859279249
                                    },
                                    "dev_count": 690,
                                    "test_count": 693
                                },
                                "religion": {
                                    "dev": {
                                        "ss": 0.6,
                                        "lms": 0.9666666666666667,
                                        "icat": 0.7733333333333334
                                    },
                                    "test": {
                                        "ss": 0.75,
                                        "lms": 0.8125,
                                        "icat": 0.40625
                                    },
                                    "dev_count": 45,
                                    "test_count": 48
                                }
                            },
                            "model_9": {
                                "path": "./models/bert-base-cased/full_grad/inp/adv/2e-06/64/None/model_9",
                                "gender": {
                                    "dev": {
                                        "ss": 0.5192307692307693,
                                        "lms": 0.6634615384615384,
                                        "icat": 0.6379437869822484
                                    },
                                    "test": {
                                        "ss": 0.5384615384615384,
                                        "lms": 0.5480769230769231,
                                        "icat": 0.5059171597633136
                                    },
                                    "dev_count": 156,
                                    "test_count": 156
                                },
                                "profession": {
                                    "dev": {
                                        "ss": 0.615819209039548,
                                        "lms": 0.5988700564971752,
                                        "icat": 0.46014874397523065
                                    },
                                    "test": {
                                        "ss": 0.5819209039548022,
                                        "lms": 0.5282485875706214,
                                        "icat": 0.4416993839573558
                                    },
                                    "dev_count": 531,
                                    "test_count": 531
                                },
                                "race": {
                                    "dev": {
                                        "ss": 0.5043478260869565,
                                        "lms": 0.6804347826086956,
                                        "icat": 0.6745179584120983
                                    },
                                    "test": {
                                        "ss": 0.48484848484848486,
                                        "lms": 0.5930735930735931,
                                        "icat": 0.575101666010757
                                    },
                                    "dev_count": 690,
                                    "test_count": 693
                                },
                                "religion": {
                                    "dev": {
                                        "ss": 0.7333333333333333,
                                        "lms": 0.7,
                                        "icat": 0.3733333333333334
                                    },
                                    "test": {
                                        "ss": 0.625,
                                        "lms": 0.5625,
                                        "icat": 0.421875
                                    },
                                    "dev_count": 45,
                                    "test_count": 48
                                }
                            },
                            "model_11": {
                                "path": "./models/bert-base-cased/full_grad/inp/adv/2e-06/64/None/model_11",
                                "gender": {
                                    "dev": {
                                        "ss": 0.5192307692307693,
                                        "lms": 0.5961538461538461,
                                        "icat": 0.5732248520710058
                                    },
                                    "test": {
                                        "ss": 0.5576923076923077,
                                        "lms": 0.5192307692307693,
                                        "icat": 0.459319526627219
                                    },
                                    "dev_count": 156,
                                    "test_count": 156
                                },
                                "profession": {
                                    "dev": {
                                        "ss": 0.6101694915254238,
                                        "lms": 0.5903954802259888,
                                        "icat": 0.4603083405151776
                                    },
                                    "test": {
                                        "ss": 0.576271186440678,
                                        "lms": 0.5169491525423728,
                                        "icat": 0.43809250215455325
                                    },
                                    "dev_count": 531,
                                    "test_count": 531
                                },
                                "race": {
                                    "dev": {
                                        "ss": 0.48695652173913045,
                                        "lms": 0.6630434782608695,
                                        "icat": 0.6457466918714555
                                    },
                                    "test": {
                                        "ss": 0.48484848484848486,
                                        "lms": 0.5692640692640693,
                                        "icat": 0.5520136429227338
                                    },
                                    "dev_count": 690,
                                    "test_count": 693
                                },
                                "religion": {
                                    "dev": {
                                        "ss": 0.7333333333333333,
                                        "lms": 0.7666666666666667,
                                        "icat": 0.40888888888888897
                                    },
                                    "test": {
                                        "ss": 0.6875,
                                        "lms": 0.59375,
                                        "icat": 0.37109375
                                    },
                                    "dev_count": 45,
                                    "test_count": 48
                                }
                            },
                            "model_13": {
                                "path": "./models/bert-base-cased/full_grad/inp/adv/2e-06/64/None/model_13",
                                "gender": {
                                    "dev": {
                                        "ss": 0.5192307692307693,
                                        "lms": 0.5673076923076923,
                                        "icat": 0.5454881656804733
                                    },
                                    "test": {
                                        "ss": 0.5384615384615384,
                                        "lms": 0.5,
                                        "icat": 0.46153846153846156
                                    },
                                    "dev_count": 156,
                                    "test_count": 156
                                },
                                "profession": {
                                    "dev": {
                                        "ss": 0.6101694915254238,
                                        "lms": 0.5677966101694916,
                                        "icat": 0.4426888825050273
                                    },
                                    "test": {
                                        "ss": 0.576271186440678,
                                        "lms": 0.5028248587570622,
                                        "icat": 0.42612276165852725
                                    },
                                    "dev_count": 531,
                                    "test_count": 531
                                },
                                "race": {
                                    "dev": {
                                        "ss": 0.5,
                                        "lms": 0.6413043478260869,
                                        "icat": 0.6413043478260869
                                    },
                                    "test": {
                                        "ss": 0.48917748917748916,
                                        "lms": 0.5627705627705628,
                                        "icat": 0.5505893817582129
                                    },
                                    "dev_count": 690,
                                    "test_count": 693
                                },
                                "religion": {
                                    "dev": {
                                        "ss": 0.7333333333333333,
                                        "lms": 0.7666666666666667,
                                        "icat": 0.40888888888888897
                                    },
                                    "test": {
                                        "ss": 0.6875,
                                        "lms": 0.59375,
                                        "icat": 0.37109375
                                    },
                                    "dev_count": 45,
                                    "test_count": 48
                                }
                            },
                            "model_2": {
                                "path": "./models/bert-base-cased/full_grad/inp/adv/2e-06/64/None/model_2",
                                "gender": {
                                    "dev": {
                                        "ss": 0.6923076923076923,
                                        "lms": 0.8942307692307693,
                                        "icat": 0.5502958579881657
                                    },
                                    "test": {
                                        "ss": 0.5961538461538461,
                                        "lms": 0.7980769230769231,
                                        "icat": 0.6446005917159764
                                    },
                                    "dev_count": 156,
                                    "test_count": 156
                                },
                                "profession": {
                                    "dev": {
                                        "ss": 0.6440677966101694,
                                        "lms": 0.8418079096045198,
                                        "icat": 0.5992530881930481
                                    },
                                    "test": {
                                        "ss": 0.6271186440677966,
                                        "lms": 0.7768361581920904,
                                        "icat": 0.5793354400076607
                                    },
                                    "dev_count": 531,
                                    "test_count": 531
                                },
                                "race": {
                                    "dev": {
                                        "ss": 0.48695652173913045,
                                        "lms": 0.8369565217391305,
                                        "icat": 0.8151228733459358
                                    },
                                    "test": {
                                        "ss": 0.5064935064935064,
                                        "lms": 0.8354978354978355,
                                        "icat": 0.824647214257604
                                    },
                                    "dev_count": 690,
                                    "test_count": 693
                                },
                                "religion": {
                                    "dev": {
                                        "ss": 0.7333333333333333,
                                        "lms": 0.9666666666666667,
                                        "icat": 0.5155555555555557
                                    },
                                    "test": {
                                        "ss": 0.6875,
                                        "lms": 0.8125,
                                        "icat": 0.5078125
                                    },
                                    "dev_count": 45,
                                    "test_count": 48
                                }
                            },
                            "model_12": {
                                "path": "./models/bert-base-cased/full_grad/inp/adv/2e-06/64/None/model_12",
                                "gender": {
                                    "dev": {
                                        "ss": 0.5192307692307693,
                                        "lms": 0.5769230769230769,
                                        "icat": 0.5547337278106508
                                    },
                                    "test": {
                                        "ss": 0.5576923076923077,
                                        "lms": 0.5096153846153846,
                                        "icat": 0.4508136094674556
                                    },
                                    "dev_count": 156,
                                    "test_count": 156
                                },
                                "profession": {
                                    "dev": {
                                        "ss": 0.6101694915254238,
                                        "lms": 0.5790960451977402,
                                        "icat": 0.45149861151010245
                                    },
                                    "test": {
                                        "ss": 0.576271186440678,
                                        "lms": 0.5112994350282486,
                                        "icat": 0.43330460595614284
                                    },
                                    "dev_count": 531,
                                    "test_count": 531
                                },
                                "race": {
                                    "dev": {
                                        "ss": 0.48695652173913045,
                                        "lms": 0.6521739130434783,
                                        "icat": 0.6351606805293006
                                    },
                                    "test": {
                                        "ss": 0.5021645021645021,
                                        "lms": 0.5606060606060606,
                                        "icat": 0.5581791945428308
                                    },
                                    "dev_count": 690,
                                    "test_count": 693
                                },
                                "religion": {
                                    "dev": {
                                        "ss": 0.7333333333333333,
                                        "lms": 0.7666666666666667,
                                        "icat": 0.40888888888888897
                                    },
                                    "test": {
                                        "ss": 0.6875,
                                        "lms": 0.59375,
                                        "icat": 0.37109375
                                    },
                                    "dev_count": 45,
                                    "test_count": 48
                                }
                            }
                        }
                    }
                }
            }
        }
    }
}
12/08/2025 10:33:46 - INFO - __main__ - Got best results {
    "best_model": {
        "path": "./models/bert-base-cased/full_grad/inp/adv/2e-06/64/None/model_15",
        "gender": {
            "dev": {
                "ss": 0.5,
                "lms": 0.5576923076923077,
                "icat": 0.5576923076923077
            },
            "test": {
                "ss": 0.5384615384615384,
                "lms": 0.49038461538461536,
                "icat": 0.4526627218934911
            },
            "dev_count": 156,
            "test_count": 156
        },
        "profession": {
            "dev": {
                "ss": 0.6045197740112994,
                "lms": 0.5649717514124294,
                "icat": 0.4468703118516391
            },
            "test": {
                "ss": 0.5536723163841808,
                "lms": 0.5028248587570622,
                "icat": 0.44884930894698205
            },
            "dev_count": 531,
            "test_count": 531
        },
        "race": {
            "dev": {
                "ss": 0.4956521739130435,
                "lms": 0.6347826086956522,
                "icat": 0.6292627599243856
            },
            "test": {
                "ss": 0.49783549783549785,
                "lms": 0.5584415584415584,
                "icat": 0.556024062517569
            },
            "dev_count": 690,
            "test_count": 693
        },
        "religion": {
            "dev": {
                "ss": 0.7333333333333333,
                "lms": 0.7333333333333333,
                "icat": 0.3911111111111112
            },
            "test": {
                "ss": 0.625,
                "lms": 0.53125,
                "icat": 0.3984375
            },
            "dev_count": 45,
            "test_count": 48
        },
        "dev_criterion_score": -0.5807860262008734,
        "test_criterion_score": -0.5502183406113537
    },
    "full_grad": {
        "best_model": {
            "path": "./models/bert-base-cased/full_grad/inp/adv/2e-06/64/None/model_15",
            "gender": {
                "dev": {
                    "ss": 0.5,
                    "lms": 0.5576923076923077,
                    "icat": 0.5576923076923077
                },
                "test": {
                    "ss": 0.5384615384615384,
                    "lms": 0.49038461538461536,
                    "icat": 0.4526627218934911
                },
                "dev_count": 156,
                "test_count": 156
            },
            "profession": {
                "dev": {
                    "ss": 0.6045197740112994,
                    "lms": 0.5649717514124294,
                    "icat": 0.4468703118516391
                },
                "test": {
                    "ss": 0.5536723163841808,
                    "lms": 0.5028248587570622,
                    "icat": 0.44884930894698205
                },
                "dev_count": 531,
                "test_count": 531
            },
            "race": {
                "dev": {
                    "ss": 0.4956521739130435,
                    "lms": 0.6347826086956522,
                    "icat": 0.6292627599243856
                },
                "test": {
                    "ss": 0.49783549783549785,
                    "lms": 0.5584415584415584,
                    "icat": 0.556024062517569
                },
                "dev_count": 690,
                "test_count": 693
            },
            "religion": {
                "dev": {
                    "ss": 0.7333333333333333,
                    "lms": 0.7333333333333333,
                    "icat": 0.3911111111111112
                },
                "test": {
                    "ss": 0.625,
                    "lms": 0.53125,
                    "icat": 0.3984375
                },
                "dev_count": 45,
                "test_count": 48
            },
            "dev_criterion_score": -0.5807860262008734,
            "test_criterion_score": -0.5502183406113537
        },
        "inp": {
            "best_model": {
                "path": "./models/bert-base-cased/full_grad/inp/adv/2e-06/64/None/model_15",
                "gender": {
                    "dev": {
                        "ss": 0.5,
                        "lms": 0.5576923076923077,
                        "icat": 0.5576923076923077
                    },
                    "test": {
                        "ss": 0.5384615384615384,
                        "lms": 0.49038461538461536,
                        "icat": 0.4526627218934911
                    },
                    "dev_count": 156,
                    "test_count": 156
                },
                "profession": {
                    "dev": {
                        "ss": 0.6045197740112994,
                        "lms": 0.5649717514124294,
                        "icat": 0.4468703118516391
                    },
                    "test": {
                        "ss": 0.5536723163841808,
                        "lms": 0.5028248587570622,
                        "icat": 0.44884930894698205
                    },
                    "dev_count": 531,
                    "test_count": 531
                },
                "race": {
                    "dev": {
                        "ss": 0.4956521739130435,
                        "lms": 0.6347826086956522,
                        "icat": 0.6292627599243856
                    },
                    "test": {
                        "ss": 0.49783549783549785,
                        "lms": 0.5584415584415584,
                        "icat": 0.556024062517569
                    },
                    "dev_count": 690,
                    "test_count": 693
                },
                "religion": {
                    "dev": {
                        "ss": 0.7333333333333333,
                        "lms": 0.7333333333333333,
                        "icat": 0.3911111111111112
                    },
                    "test": {
                        "ss": 0.625,
                        "lms": 0.53125,
                        "icat": 0.3984375
                    },
                    "dev_count": 45,
                    "test_count": 48
                },
                "dev_criterion_score": -0.5807860262008734,
                "test_criterion_score": -0.5502183406113537
            },
            "adv": {
                "best_model": {
                    "path": "./models/bert-base-cased/full_grad/inp/adv/2e-06/64/None/model_15",
                    "gender": {
                        "dev": {
                            "ss": 0.5,
                            "lms": 0.5576923076923077,
                            "icat": 0.5576923076923077
                        },
                        "test": {
                            "ss": 0.5384615384615384,
                            "lms": 0.49038461538461536,
                            "icat": 0.4526627218934911
                        },
                        "dev_count": 156,
                        "test_count": 156
                    },
                    "profession": {
                        "dev": {
                            "ss": 0.6045197740112994,
                            "lms": 0.5649717514124294,
                            "icat": 0.4468703118516391
                        },
                        "test": {
                            "ss": 0.5536723163841808,
                            "lms": 0.5028248587570622,
                            "icat": 0.44884930894698205
                        },
                        "dev_count": 531,
                        "test_count": 531
                    },
                    "race": {
                        "dev": {
                            "ss": 0.4956521739130435,
                            "lms": 0.6347826086956522,
                            "icat": 0.6292627599243856
                        },
                        "test": {
                            "ss": 0.49783549783549785,
                            "lms": 0.5584415584415584,
                            "icat": 0.556024062517569
                        },
                        "dev_count": 690,
                        "test_count": 693
                    },
                    "religion": {
                        "dev": {
                            "ss": 0.7333333333333333,
                            "lms": 0.7333333333333333,
                            "icat": 0.3911111111111112
                        },
                        "test": {
                            "ss": 0.625,
                            "lms": 0.53125,
                            "icat": 0.3984375
                        },
                        "dev_count": 45,
                        "test_count": 48
                    },
                    "dev_criterion_score": -0.5807860262008734,
                    "test_criterion_score": -0.5502183406113537
                },
                "2e-06": {
                    "best_model": {
                        "path": "./models/bert-base-cased/full_grad/inp/adv/2e-06/64/None/model_15",
                        "gender": {
                            "dev": {
                                "ss": 0.5,
                                "lms": 0.5576923076923077,
                                "icat": 0.5576923076923077
                            },
                            "test": {
                                "ss": 0.5384615384615384,
                                "lms": 0.49038461538461536,
                                "icat": 0.4526627218934911
                            },
                            "dev_count": 156,
                            "test_count": 156
                        },
                        "profession": {
                            "dev": {
                                "ss": 0.6045197740112994,
                                "lms": 0.5649717514124294,
                                "icat": 0.4468703118516391
                            },
                            "test": {
                                "ss": 0.5536723163841808,
                                "lms": 0.5028248587570622,
                                "icat": 0.44884930894698205
                            },
                            "dev_count": 531,
                            "test_count": 531
                        },
                        "race": {
                            "dev": {
                                "ss": 0.4956521739130435,
                                "lms": 0.6347826086956522,
                                "icat": 0.6292627599243856
                            },
                            "test": {
                                "ss": 0.49783549783549785,
                                "lms": 0.5584415584415584,
                                "icat": 0.556024062517569
                            },
                            "dev_count": 690,
                            "test_count": 693
                        },
                        "religion": {
                            "dev": {
                                "ss": 0.7333333333333333,
                                "lms": 0.7333333333333333,
                                "icat": 0.3911111111111112
                            },
                            "test": {
                                "ss": 0.625,
                                "lms": 0.53125,
                                "icat": 0.3984375
                            },
                            "dev_count": 45,
                            "test_count": 48
                        },
                        "dev_criterion_score": -0.5807860262008734,
                        "test_criterion_score": -0.5502183406113537
                    },
                    "64": {
                        "best_model": {
                            "path": "./models/bert-base-cased/full_grad/inp/adv/2e-06/64/None/model_15",
                            "gender": {
                                "dev": {
                                    "ss": 0.5,
                                    "lms": 0.5576923076923077,
                                    "icat": 0.5576923076923077
                                },
                                "test": {
                                    "ss": 0.5384615384615384,
                                    "lms": 0.49038461538461536,
                                    "icat": 0.4526627218934911
                                },
                                "dev_count": 156,
                                "test_count": 156
                            },
                            "profession": {
                                "dev": {
                                    "ss": 0.6045197740112994,
                                    "lms": 0.5649717514124294,
                                    "icat": 0.4468703118516391
                                },
                                "test": {
                                    "ss": 0.5536723163841808,
                                    "lms": 0.5028248587570622,
                                    "icat": 0.44884930894698205
                                },
                                "dev_count": 531,
                                "test_count": 531
                            },
                            "race": {
                                "dev": {
                                    "ss": 0.4956521739130435,
                                    "lms": 0.6347826086956522,
                                    "icat": 0.6292627599243856
                                },
                                "test": {
                                    "ss": 0.49783549783549785,
                                    "lms": 0.5584415584415584,
                                    "icat": 0.556024062517569
                                },
                                "dev_count": 690,
                                "test_count": 693
                            },
                            "religion": {
                                "dev": {
                                    "ss": 0.7333333333333333,
                                    "lms": 0.7333333333333333,
                                    "icat": 0.3911111111111112
                                },
                                "test": {
                                    "ss": 0.625,
                                    "lms": 0.53125,
                                    "icat": 0.3984375
                                },
                                "dev_count": 45,
                                "test_count": 48
                            },
                            "dev_criterion_score": -0.5807860262008734,
                            "test_criterion_score": -0.5502183406113537
                        },
                        "None": {
                            "best_model": {
                                "path": "./models/bert-base-cased/full_grad/inp/adv/2e-06/64/None/model_15",
                                "gender": {
                                    "dev": {
                                        "ss": 0.5,
                                        "lms": 0.5576923076923077,
                                        "icat": 0.5576923076923077
                                    },
                                    "test": {
                                        "ss": 0.5384615384615384,
                                        "lms": 0.49038461538461536,
                                        "icat": 0.4526627218934911
                                    },
                                    "dev_count": 156,
                                    "test_count": 156
                                },
                                "profession": {
                                    "dev": {
                                        "ss": 0.6045197740112994,
                                        "lms": 0.5649717514124294,
                                        "icat": 0.4468703118516391
                                    },
                                    "test": {
                                        "ss": 0.5536723163841808,
                                        "lms": 0.5028248587570622,
                                        "icat": 0.44884930894698205
                                    },
                                    "dev_count": 531,
                                    "test_count": 531
                                },
                                "race": {
                                    "dev": {
                                        "ss": 0.4956521739130435,
                                        "lms": 0.6347826086956522,
                                        "icat": 0.6292627599243856
                                    },
                                    "test": {
                                        "ss": 0.49783549783549785,
                                        "lms": 0.5584415584415584,
                                        "icat": 0.556024062517569
                                    },
                                    "dev_count": 690,
                                    "test_count": 693
                                },
                                "religion": {
                                    "dev": {
                                        "ss": 0.7333333333333333,
                                        "lms": 0.7333333333333333,
                                        "icat": 0.3911111111111112
                                    },
                                    "test": {
                                        "ss": 0.625,
                                        "lms": 0.53125,
                                        "icat": 0.3984375
                                    },
                                    "dev_count": 45,
                                    "test_count": 48
                                },
                                "dev_criterion_score": -0.5807860262008734,
                                "test_criterion_score": -0.5502183406113537
                            },
                            "model_7": {
                                "best_model": {
                                    "path": "./models/bert-base-cased/full_grad/inp/adv/2e-06/64/None/model_7",
                                    "gender": {
                                        "dev": {
                                            "ss": 0.5384615384615384,
                                            "lms": 0.6730769230769231,
                                            "icat": 0.6213017751479291
                                        },
                                        "test": {
                                            "ss": 0.5769230769230769,
                                            "lms": 0.5865384615384616,
                                            "icat": 0.49630177514792906
                                        },
                                        "dev_count": 156,
                                        "test_count": 156
                                    },
                                    "profession": {
                                        "dev": {
                                            "ss": 0.6271186440677966,
                                            "lms": 0.6497175141242938,
                                            "icat": 0.48453509527913435
                                        },
                                        "test": {
                                            "ss": 0.5875706214689266,
                                            "lms": 0.5536723163841808,
                                            "icat": 0.4567014587123751
                                        },
                                        "dev_count": 531,
                                        "test_count": 531
                                    },
                                    "race": {
                                        "dev": {
                                            "ss": 0.5217391304347826,
                                            "lms": 0.691304347826087,
                                            "icat": 0.6612476370510397
                                        },
                                        "test": {
                                            "ss": 0.4675324675324675,
                                            "lms": 0.6147186147186147,
                                            "icat": 0.5748018215550682
                                        },
                                        "dev_count": 690,
                                        "test_count": 693
                                    },
                                    "religion": {
                                        "dev": {
                                            "ss": 0.7333333333333333,
                                            "lms": 0.7,
                                            "icat": 0.3733333333333334
                                        },
                                        "test": {
                                            "ss": 0.6875,
                                            "lms": 0.625,
                                            "icat": 0.390625
                                        },
                                        "dev_count": 45,
                                        "test_count": 48
                                    },
                                    "dev_criterion_score": -0.6069868995633187,
                                    "test_criterion_score": -0.5851528384279476
                                }
                            },
                            "model_6": {
                                "best_model": {
                                    "path": "./models/bert-base-cased/full_grad/inp/adv/2e-06/64/None/model_6",
                                    "gender": {
                                        "dev": {
                                            "ss": 0.5576923076923077,
                                            "lms": 0.6826923076923077,
                                            "icat": 0.6039201183431953
                                        },
                                        "test": {
                                            "ss": 0.5769230769230769,
                                            "lms": 0.5961538461538461,
                                            "icat": 0.5044378698224853
                                        },
                                        "dev_count": 156,
                                        "test_count": 156
                                    },
                                    "profession": {
                                        "dev": {
                                            "ss": 0.6271186440677966,
                                            "lms": 0.6892655367231638,
                                            "icat": 0.5140285358613426
                                        },
                                        "test": {
                                            "ss": 0.5988700564971752,
                                            "lms": 0.5649717514124294,
                                            "icat": 0.45325417344951957
                                        },
                                        "dev_count": 531,
                                        "test_count": 531
                                    },
                                    "race": {
                                        "dev": {
                                            "ss": 0.508695652173913,
                                            "lms": 0.6934782608695652,
                                            "icat": 0.6814177693761816
                                        },
                                        "test": {
                                            "ss": 0.47186147186147187,
                                            "lms": 0.6277056277056277,
                                            "icat": 0.5923802027698131
                                        },
                                        "dev_count": 690,
                                        "test_count": 693
                                    },
                                    "religion": {
                                        "dev": {
                                            "ss": 0.6666666666666666,
                                            "lms": 0.7333333333333333,
                                            "icat": 0.48888888888888893
                                        },
                                        "test": {
                                            "ss": 0.6875,
                                            "lms": 0.625,
                                            "icat": 0.390625
                                        },
                                        "dev_count": 45,
                                        "test_count": 48
                                    },
                                    "dev_criterion_score": -0.611353711790393,
                                    "test_criterion_score": -0.5938864628820961
                                }
                            },
                            "model_3": {
                                "best_model": {
                                    "path": "./models/bert-base-cased/full_grad/inp/adv/2e-06/64/None/model_3",
                                    "gender": {
                                        "dev": {
                                            "ss": 0.6538461538461539,
                                            "lms": 0.8076923076923077,
                                            "icat": 0.5591715976331361
                                        },
                                        "test": {
                                            "ss": 0.5576923076923077,
                                            "lms": 0.7596153846153846,
                                            "icat": 0.6719674556213017
                                        },
                                        "dev_count": 156,
                                        "test_count": 156
                                    },
                                    "profession": {
                                        "dev": {
                                            "ss": 0.6666666666666666,
                                            "lms": 0.8022598870056498,
                                            "icat": 0.5348399246704333
                                        },
                                        "test": {
                                            "ss": 0.632768361581921,
                                            "lms": 0.7005649717514124,
                                            "icat": 0.5145392447891729
                                        },
                                        "dev_count": 531,
                                        "test_count": 531
                                    },
                                    "race": {
                                        "dev": {
                                            "ss": 0.5,
                                            "lms": 0.8173913043478261,
                                            "icat": 0.8173913043478261
                                        },
                                        "test": {
                                            "ss": 0.48917748917748916,
                                            "lms": 0.7619047619047619,
                                            "icat": 0.7454133168418882
                                        },
                                        "dev_count": 690,
                                        "test_count": 693
                                    },
                                    "religion": {
                                        "dev": {
                                            "ss": 0.7333333333333333,
                                            "lms": 0.8666666666666667,
                                            "icat": 0.4622222222222223
                                        },
                                        "test": {
                                            "ss": 0.6875,
                                            "lms": 0.75,
                                            "icat": 0.46875
                                        },
                                        "dev_count": 45,
                                        "test_count": 48
                                    },
                                    "dev_criterion_score": -0.6637554585152838,
                                    "test_criterion_score": -0.6157205240174672
                                }
                            },
                            "model_8": {
                                "best_model": {
                                    "path": "./models/bert-base-cased/full_grad/inp/adv/2e-06/64/None/model_8",
                                    "gender": {
                                        "dev": {
                                            "ss": 0.5192307692307693,
                                            "lms": 0.6634615384615384,
                                            "icat": 0.6379437869822484
                                        },
                                        "test": {
                                            "ss": 0.5769230769230769,
                                            "lms": 0.5576923076923077,
                                            "icat": 0.47189349112426043
                                        },
                                        "dev_count": 156,
                                        "test_count": 156
                                    },
                                    "profession": {
                                        "dev": {
                                            "ss": 0.6214689265536724,
                                            "lms": 0.6299435028248588,
                                            "icat": 0.47690638066966706
                                        },
                                        "test": {
                                            "ss": 0.5932203389830508,
                                            "lms": 0.53954802259887,
                                            "icat": 0.4389543234702672
                                        },
                                        "dev_count": 531,
                                        "test_count": 531
                                    },
                                    "race": {
                                        "dev": {
                                            "ss": 0.5130434782608696,
                                            "lms": 0.6847826086956522,
                                            "icat": 0.6669187145557656
                                        },
                                        "test": {
                                            "ss": 0.4805194805194805,
                                            "lms": 0.5952380952380952,
                                            "icat": 0.5720470006184292
                                        },
                                        "dev_count": 690,
                                        "test_count": 693
                                    },
                                    "religion": {
                                        "dev": {
                                            "ss": 0.7333333333333333,
                                            "lms": 0.7,
                                            "icat": 0.3733333333333334
                                        },
                                        "test": {
                                            "ss": 0.6875,
                                            "lms": 0.625,
                                            "icat": 0.390625
                                        },
                                        "dev_count": 45,
                                        "test_count": 48
                                    },
                                    "dev_criterion_score": -0.5982532751091703,
                                    "test_criterion_score": -0.5895196506550219
                                }
                            },
                            "model_14": {
                                "best_model": {
                                    "path": "./models/bert-base-cased/full_grad/inp/adv/2e-06/64/None/model_14",
                                    "gender": {
                                        "dev": {
                                            "ss": 0.5192307692307693,
                                            "lms": 0.5576923076923077,
                                            "icat": 0.5362426035502958
                                        },
                                        "test": {
                                            "ss": 0.5384615384615384,
                                            "lms": 0.5,
                                            "icat": 0.46153846153846156
                                        },
                                        "dev_count": 156,
                                        "test_count": 156
                                    },
                                    "profession": {
                                        "dev": {
                                            "ss": 0.6101694915254238,
                                            "lms": 0.5677966101694916,
                                            "icat": 0.4426888825050273
                                        },
                                        "test": {
                                            "ss": 0.5536723163841808,
                                            "lms": 0.5028248587570622,
                                            "icat": 0.44884930894698205
                                        },
                                        "dev_count": 531,
                                        "test_count": 531
                                    },
                                    "race": {
                                        "dev": {
                                            "ss": 0.49130434782608695,
                                            "lms": 0.6434782608695652,
                                            "icat": 0.6322873345935727
                                        },
                                        "test": {
                                            "ss": 0.4935064935064935,
                                            "lms": 0.5670995670995671,
                                            "icat": 0.5597346376567156
                                        },
                                        "dev_count": 690,
                                        "test_count": 693
                                    },
                                    "religion": {
                                        "dev": {
                                            "ss": 0.7333333333333333,
                                            "lms": 0.7666666666666667,
                                            "icat": 0.40888888888888897
                                        },
                                        "test": {
                                            "ss": 0.6875,
                                            "lms": 0.59375,
                                            "icat": 0.37109375
                                        },
                                        "dev_count": 45,
                                        "test_count": 48
                                    },
                                    "dev_criterion_score": -0.5895196506550219,
                                    "test_criterion_score": -0.5502183406113537
                                }
                            },
                            "model_15": {
                                "best_model": {
                                    "path": "./models/bert-base-cased/full_grad/inp/adv/2e-06/64/None/model_15",
                                    "gender": {
                                        "dev": {
                                            "ss": 0.5,
                                            "lms": 0.5576923076923077,
                                            "icat": 0.5576923076923077
                                        },
                                        "test": {
                                            "ss": 0.5384615384615384,
                                            "lms": 0.49038461538461536,
                                            "icat": 0.4526627218934911
                                        },
                                        "dev_count": 156,
                                        "test_count": 156
                                    },
                                    "profession": {
                                        "dev": {
                                            "ss": 0.6045197740112994,
                                            "lms": 0.5649717514124294,
                                            "icat": 0.4468703118516391
                                        },
                                        "test": {
                                            "ss": 0.5536723163841808,
                                            "lms": 0.5028248587570622,
                                            "icat": 0.44884930894698205
                                        },
                                        "dev_count": 531,
                                        "test_count": 531
                                    },
                                    "race": {
                                        "dev": {
                                            "ss": 0.4956521739130435,
                                            "lms": 0.6347826086956522,
                                            "icat": 0.6292627599243856
                                        },
                                        "test": {
                                            "ss": 0.49783549783549785,
                                            "lms": 0.5584415584415584,
                                            "icat": 0.556024062517569
                                        },
                                        "dev_count": 690,
                                        "test_count": 693
                                    },
                                    "religion": {
                                        "dev": {
                                            "ss": 0.7333333333333333,
                                            "lms": 0.7333333333333333,
                                            "icat": 0.3911111111111112
                                        },
                                        "test": {
                                            "ss": 0.625,
                                            "lms": 0.53125,
                                            "icat": 0.3984375
                                        },
                                        "dev_count": 45,
                                        "test_count": 48
                                    },
                                    "dev_criterion_score": -0.5807860262008734,
                                    "test_criterion_score": -0.5502183406113537
                                }
                            },
                            "model_5": {
                                "best_model": {
                                    "path": "./models/bert-base-cased/full_grad/inp/adv/2e-06/64/None/model_5",
                                    "gender": {
                                        "dev": {
                                            "ss": 0.5576923076923077,
                                            "lms": 0.7019230769230769,
                                            "icat": 0.6209319526627218
                                        },
                                        "test": {
                                            "ss": 0.5576923076923077,
                                            "lms": 0.6346153846153846,
                                            "icat": 0.5613905325443787
                                        },
                                        "dev_count": 156,
                                        "test_count": 156
                                    },
                                    "profession": {
                                        "dev": {
                                            "ss": 0.6497175141242938,
                                            "lms": 0.7090395480225988,
                                            "icat": 0.4967282709310862
                                        },
                                        "test": {
                                            "ss": 0.615819209039548,
                                            "lms": 0.5706214689265536,
                                            "icat": 0.4384436145424367
                                        },
                                        "dev_count": 531,
                                        "test_count": 531
                                    },
                                    "race": {
                                        "dev": {
                                            "ss": 0.5,
                                            "lms": 0.7065217391304348,
                                            "icat": 0.7065217391304348
                                        },
                                        "test": {
                                            "ss": 0.48917748917748916,
                                            "lms": 0.6536796536796536,
                                            "icat": 0.6395307434268472
                                        },
                                        "dev_count": 690,
                                        "test_count": 693
                                    },
                                    "religion": {
                                        "dev": {
                                            "ss": 0.7333333333333333,
                                            "lms": 0.8333333333333334,
                                            "icat": 0.44444444444444453
                                        },
                                        "test": {
                                            "ss": 0.6875,
                                            "lms": 0.6875,
                                            "icat": 0.4296875
                                        },
                                        "dev_count": 45,
                                        "test_count": 48
                                    },
                                    "dev_criterion_score": -0.62882096069869,
                                    "test_criterion_score": -0.6026200873362445
                                }
                            },
                            "model_4": {
                                "best_model": {
                                    "path": "./models/bert-base-cased/full_grad/inp/adv/2e-06/64/None/model_4",
                                    "gender": {
                                        "dev": {
                                            "ss": 0.5769230769230769,
                                            "lms": 0.7403846153846154,
                                            "icat": 0.6264792899408285
                                        },
                                        "test": {
                                            "ss": 0.5384615384615384,
                                            "lms": 0.6634615384615384,
                                            "icat": 0.6124260355029586
                                        },
                                        "dev_count": 156,
                                        "test_count": 156
                                    },
                                    "profession": {
                                        "dev": {
                                            "ss": 0.6666666666666666,
                                            "lms": 0.7401129943502824,
                                            "icat": 0.49340866290018837
                                        },
                                        "test": {
                                            "ss": 0.6214689265536724,
                                            "lms": 0.5988700564971752,
                                            "icat": 0.4533818506814772
                                        },
                                        "dev_count": 531,
                                        "test_count": 531
                                    },
                                    "race": {
                                        "dev": {
                                            "ss": 0.5173913043478261,
                                            "lms": 0.7260869565217392,
                                            "icat": 0.7008317580340265
                                        },
                                        "test": {
                                            "ss": 0.48917748917748916,
                                            "lms": 0.6818181818181818,
                                            "icat": 0.6670602125147579
                                        },
                                        "dev_count": 690,
                                        "test_count": 693
                                    },
                                    "religion": {
                                        "dev": {
                                            "ss": 0.6666666666666666,
                                            "lms": 0.8666666666666667,
                                            "icat": 0.5777777777777778
                                        },
                                        "test": {
                                            "ss": 0.625,
                                            "lms": 0.71875,
                                            "icat": 0.5390625
                                        },
                                        "dev_count": 45,
                                        "test_count": 48
                                    },
                                    "dev_criterion_score": -0.6462882096069869,
                                    "test_criterion_score": -0.6026200873362445
                                }
                            },
                            "model_10": {
                                "best_model": {
                                    "path": "./models/bert-base-cased/full_grad/inp/adv/2e-06/64/None/model_10",
                                    "gender": {
                                        "dev": {
                                            "ss": 0.5192307692307693,
                                            "lms": 0.6153846153846154,
                                            "icat": 0.591715976331361
                                        },
                                        "test": {
                                            "ss": 0.5576923076923077,
                                            "lms": 0.5288461538461539,
                                            "icat": 0.46782544378698226
                                        },
                                        "dev_count": 156,
                                        "test_count": 156
                                    },
                                    "profession": {
                                        "dev": {
                                            "ss": 0.615819209039548,
                                            "lms": 0.5903954802259888,
                                            "icat": 0.4536372051453925
                                        },
                                        "test": {
                                            "ss": 0.576271186440678,
                                            "lms": 0.5282485875706214,
                                            "icat": 0.4476682945513741
                                        },
                                        "dev_count": 531,
                                        "test_count": 531
                                    },
                                    "race": {
                                        "dev": {
                                            "ss": 0.4956521739130435,
                                            "lms": 0.6608695652173913,
                                            "icat": 0.6551228733459358
                                        },
                                        "test": {
                                            "ss": 0.48484848484848486,
                                            "lms": 0.5887445887445888,
                                            "icat": 0.5709038436311165
                                        },
                                        "dev_count": 690,
                                        "test_count": 693
                                    },
                                    "religion": {
                                        "dev": {
                                            "ss": 0.6666666666666666,
                                            "lms": 0.7,
                                            "icat": 0.4666666666666667
                                        },
                                        "test": {
                                            "ss": 0.625,
                                            "lms": 0.5625,
                                            "icat": 0.421875
                                        },
                                        "dev_count": 45,
                                        "test_count": 48
                                    },
                                    "dev_criterion_score": -0.5938864628820961,
                                    "test_criterion_score": -0.5720524017467249
                                }
                            },
                            "model_1": {
                                "best_model": {
                                    "path": "./models/bert-base-cased/full_grad/inp/adv/2e-06/64/None/model_1",
                                    "gender": {
                                        "dev": {
                                            "ss": 0.7115384615384616,
                                            "lms": 0.9134615384615384,
                                            "icat": 0.5269970414201183
                                        },
                                        "test": {
                                            "ss": 0.6153846153846154,
                                            "lms": 0.8365384615384616,
                                            "icat": 0.643491124260355
                                        },
                                        "dev_count": 156,
                                        "test_count": 156
                                    },
                                    "profession": {
                                        "dev": {
                                            "ss": 0.6440677966101694,
                                            "lms": 0.8587570621468926,
                                            "icat": 0.6113185866130423
                                        },
                                        "test": {
                                            "ss": 0.6384180790960452,
                                            "lms": 0.8559322033898306,
                                            "icat": 0.6189792205304989
                                        },
                                        "dev_count": 531,
                                        "test_count": 531
                                    },
                                    "race": {
                                        "dev": {
                                            "ss": 0.4956521739130435,
                                            "lms": 0.8673913043478261,
                                            "icat": 0.8598487712665407
                                        },
                                        "test": {
                                            "ss": 0.49783549783549785,
                                            "lms": 0.8506493506493507,
                                            "icat": 0.8469668859279249
                                        },
                                        "dev_count": 690,
                                        "test_count": 693
                                    },
                                    "religion": {
                                        "dev": {
                                            "ss": 0.6,
                                            "lms": 0.9666666666666667,
                                            "icat": 0.7733333333333334
                                        },
                                        "test": {
                                            "ss": 0.75,
                                            "lms": 0.8125,
                                            "icat": 0.40625
                                        },
                                        "dev_count": 45,
                                        "test_count": 48
                                    },
                                    "dev_criterion_score": -0.6593886462882096,
                                    "test_criterion_score": -0.6331877729257642
                                }
                            },
                            "model_9": {
                                "best_model": {
                                    "path": "./models/bert-base-cased/full_grad/inp/adv/2e-06/64/None/model_9",
                                    "gender": {
                                        "dev": {
                                            "ss": 0.5192307692307693,
                                            "lms": 0.6634615384615384,
                                            "icat": 0.6379437869822484
                                        },
                                        "test": {
                                            "ss": 0.5384615384615384,
                                            "lms": 0.5480769230769231,
                                            "icat": 0.5059171597633136
                                        },
                                        "dev_count": 156,
                                        "test_count": 156
                                    },
                                    "profession": {
                                        "dev": {
                                            "ss": 0.615819209039548,
                                            "lms": 0.5988700564971752,
                                            "icat": 0.46014874397523065
                                        },
                                        "test": {
                                            "ss": 0.5819209039548022,
                                            "lms": 0.5282485875706214,
                                            "icat": 0.4416993839573558
                                        },
                                        "dev_count": 531,
                                        "test_count": 531
                                    },
                                    "race": {
                                        "dev": {
                                            "ss": 0.5043478260869565,
                                            "lms": 0.6804347826086956,
                                            "icat": 0.6745179584120983
                                        },
                                        "test": {
                                            "ss": 0.48484848484848486,
                                            "lms": 0.5930735930735931,
                                            "icat": 0.575101666010757
                                        },
                                        "dev_count": 690,
                                        "test_count": 693
                                    },
                                    "religion": {
                                        "dev": {
                                            "ss": 0.7333333333333333,
                                            "lms": 0.7,
                                            "icat": 0.3733333333333334
                                        },
                                        "test": {
                                            "ss": 0.625,
                                            "lms": 0.5625,
                                            "icat": 0.421875
                                        },
                                        "dev_count": 45,
                                        "test_count": 48
                                    },
                                    "dev_criterion_score": -0.5938864628820961,
                                    "test_criterion_score": -0.5720524017467249
                                }
                            },
                            "model_11": {
                                "best_model": {
                                    "path": "./models/bert-base-cased/full_grad/inp/adv/2e-06/64/None/model_11",
                                    "gender": {
                                        "dev": {
                                            "ss": 0.5192307692307693,
                                            "lms": 0.5961538461538461,
                                            "icat": 0.5732248520710058
                                        },
                                        "test": {
                                            "ss": 0.5576923076923077,
                                            "lms": 0.5192307692307693,
                                            "icat": 0.459319526627219
                                        },
                                        "dev_count": 156,
                                        "test_count": 156
                                    },
                                    "profession": {
                                        "dev": {
                                            "ss": 0.6101694915254238,
                                            "lms": 0.5903954802259888,
                                            "icat": 0.4603083405151776
                                        },
                                        "test": {
                                            "ss": 0.576271186440678,
                                            "lms": 0.5169491525423728,
                                            "icat": 0.43809250215455325
                                        },
                                        "dev_count": 531,
                                        "test_count": 531
                                    },
                                    "race": {
                                        "dev": {
                                            "ss": 0.48695652173913045,
                                            "lms": 0.6630434782608695,
                                            "icat": 0.6457466918714555
                                        },
                                        "test": {
                                            "ss": 0.48484848484848486,
                                            "lms": 0.5692640692640693,
                                            "icat": 0.5520136429227338
                                        },
                                        "dev_count": 690,
                                        "test_count": 693
                                    },
                                    "religion": {
                                        "dev": {
                                            "ss": 0.7333333333333333,
                                            "lms": 0.7666666666666667,
                                            "icat": 0.40888888888888897
                                        },
                                        "test": {
                                            "ss": 0.6875,
                                            "lms": 0.59375,
                                            "icat": 0.37109375
                                        },
                                        "dev_count": 45,
                                        "test_count": 48
                                    },
                                    "dev_criterion_score": -0.5895196506550219,
                                    "test_criterion_score": -0.5720524017467249
                                }
                            },
                            "model_13": {
                                "best_model": {
                                    "path": "./models/bert-base-cased/full_grad/inp/adv/2e-06/64/None/model_13",
                                    "gender": {
                                        "dev": {
                                            "ss": 0.5192307692307693,
                                            "lms": 0.5673076923076923,
                                            "icat": 0.5454881656804733
                                        },
                                        "test": {
                                            "ss": 0.5384615384615384,
                                            "lms": 0.5,
                                            "icat": 0.46153846153846156
                                        },
                                        "dev_count": 156,
                                        "test_count": 156
                                    },
                                    "profession": {
                                        "dev": {
                                            "ss": 0.6101694915254238,
                                            "lms": 0.5677966101694916,
                                            "icat": 0.4426888825050273
                                        },
                                        "test": {
                                            "ss": 0.576271186440678,
                                            "lms": 0.5028248587570622,
                                            "icat": 0.42612276165852725
                                        },
                                        "dev_count": 531,
                                        "test_count": 531
                                    },
                                    "race": {
                                        "dev": {
                                            "ss": 0.5,
                                            "lms": 0.6413043478260869,
                                            "icat": 0.6413043478260869
                                        },
                                        "test": {
                                            "ss": 0.48917748917748916,
                                            "lms": 0.5627705627705628,
                                            "icat": 0.5505893817582129
                                        },
                                        "dev_count": 690,
                                        "test_count": 693
                                    },
                                    "religion": {
                                        "dev": {
                                            "ss": 0.7333333333333333,
                                            "lms": 0.7666666666666667,
                                            "icat": 0.40888888888888897
                                        },
                                        "test": {
                                            "ss": 0.6875,
                                            "lms": 0.59375,
                                            "icat": 0.37109375
                                        },
                                        "dev_count": 45,
                                        "test_count": 48
                                    },
                                    "dev_criterion_score": -0.5895196506550219,
                                    "test_criterion_score": -0.5676855895196506
                                }
                            },
                            "model_2": {
                                "best_model": {
                                    "path": "./models/bert-base-cased/full_grad/inp/adv/2e-06/64/None/model_2",
                                    "gender": {
                                        "dev": {
                                            "ss": 0.6923076923076923,
                                            "lms": 0.8942307692307693,
                                            "icat": 0.5502958579881657
                                        },
                                        "test": {
                                            "ss": 0.5961538461538461,
                                            "lms": 0.7980769230769231,
                                            "icat": 0.6446005917159764
                                        },
                                        "dev_count": 156,
                                        "test_count": 156
                                    },
                                    "profession": {
                                        "dev": {
                                            "ss": 0.6440677966101694,
                                            "lms": 0.8418079096045198,
                                            "icat": 0.5992530881930481
                                        },
                                        "test": {
                                            "ss": 0.6271186440677966,
                                            "lms": 0.7768361581920904,
                                            "icat": 0.5793354400076607
                                        },
                                        "dev_count": 531,
                                        "test_count": 531
                                    },
                                    "race": {
                                        "dev": {
                                            "ss": 0.48695652173913045,
                                            "lms": 0.8369565217391305,
                                            "icat": 0.8151228733459358
                                        },
                                        "test": {
                                            "ss": 0.5064935064935064,
                                            "lms": 0.8354978354978355,
                                            "icat": 0.824647214257604
                                        },
                                        "dev_count": 690,
                                        "test_count": 693
                                    },
                                    "religion": {
                                        "dev": {
                                            "ss": 0.7333333333333333,
                                            "lms": 0.9666666666666667,
                                            "icat": 0.5155555555555557
                                        },
                                        "test": {
                                            "ss": 0.6875,
                                            "lms": 0.8125,
                                            "icat": 0.5078125
                                        },
                                        "dev_count": 45,
                                        "test_count": 48
                                    },
                                    "dev_criterion_score": -0.6550218340611353,
                                    "test_criterion_score": -0.6200873362445415
                                }
                            },
                            "model_12": {
                                "best_model": {
                                    "path": "./models/bert-base-cased/full_grad/inp/adv/2e-06/64/None/model_12",
                                    "gender": {
                                        "dev": {
                                            "ss": 0.5192307692307693,
                                            "lms": 0.5769230769230769,
                                            "icat": 0.5547337278106508
                                        },
                                        "test": {
                                            "ss": 0.5576923076923077,
                                            "lms": 0.5096153846153846,
                                            "icat": 0.4508136094674556
                                        },
                                        "dev_count": 156,
                                        "test_count": 156
                                    },
                                    "profession": {
                                        "dev": {
                                            "ss": 0.6101694915254238,
                                            "lms": 0.5790960451977402,
                                            "icat": 0.45149861151010245
                                        },
                                        "test": {
                                            "ss": 0.576271186440678,
                                            "lms": 0.5112994350282486,
                                            "icat": 0.43330460595614284
                                        },
                                        "dev_count": 531,
                                        "test_count": 531
                                    },
                                    "race": {
                                        "dev": {
                                            "ss": 0.48695652173913045,
                                            "lms": 0.6521739130434783,
                                            "icat": 0.6351606805293006
                                        },
                                        "test": {
                                            "ss": 0.5021645021645021,
                                            "lms": 0.5606060606060606,
                                            "icat": 0.5581791945428308
                                        },
                                        "dev_count": 690,
                                        "test_count": 693
                                    },
                                    "religion": {
                                        "dev": {
                                            "ss": 0.7333333333333333,
                                            "lms": 0.7666666666666667,
                                            "icat": 0.40888888888888897
                                        },
                                        "test": {
                                            "ss": 0.6875,
                                            "lms": 0.59375,
                                            "icat": 0.37109375
                                        },
                                        "dev_count": 45,
                                        "test_count": 48
                                    },
                                    "dev_criterion_score": -0.5895196506550219,
                                    "test_criterion_score": -0.5720524017467249
                                }
                            }
                        }
                    }
                }
            }
        }
    }
}
12/08/2025 10:33:46 - INFO - __main__ - Got all results {
    "./models/bert-base-cased/full_grad/inp/adv/2e-06/64/None/model_7": {
        "path": "./models/bert-base-cased/full_grad/inp/adv/2e-06/64/None/model_7",
        "gender": {
            "dev": {
                "ss": 0.5384615384615384,
                "lms": 0.6730769230769231,
                "icat": 0.6213017751479291
            },
            "test": {
                "ss": 0.5769230769230769,
                "lms": 0.5865384615384616,
                "icat": 0.49630177514792906
            },
            "dev_count": 156,
            "test_count": 156
        },
        "profession": {
            "dev": {
                "ss": 0.6271186440677966,
                "lms": 0.6497175141242938,
                "icat": 0.48453509527913435
            },
            "test": {
                "ss": 0.5875706214689266,
                "lms": 0.5536723163841808,
                "icat": 0.4567014587123751
            },
            "dev_count": 531,
            "test_count": 531
        },
        "race": {
            "dev": {
                "ss": 0.5217391304347826,
                "lms": 0.691304347826087,
                "icat": 0.6612476370510397
            },
            "test": {
                "ss": 0.4675324675324675,
                "lms": 0.6147186147186147,
                "icat": 0.5748018215550682
            },
            "dev_count": 690,
            "test_count": 693
        },
        "religion": {
            "dev": {
                "ss": 0.7333333333333333,
                "lms": 0.7,
                "icat": 0.3733333333333334
            },
            "test": {
                "ss": 0.6875,
                "lms": 0.625,
                "icat": 0.390625
            },
            "dev_count": 45,
            "test_count": 48
        },
        "dev_criterion_score": -0.6069868995633187,
        "test_criterion_score": -0.5851528384279476
    },
    "./models/bert-base-cased/full_grad/inp/adv/2e-06/64/None/model_6": {
        "path": "./models/bert-base-cased/full_grad/inp/adv/2e-06/64/None/model_6",
        "gender": {
            "dev": {
                "ss": 0.5576923076923077,
                "lms": 0.6826923076923077,
                "icat": 0.6039201183431953
            },
            "test": {
                "ss": 0.5769230769230769,
                "lms": 0.5961538461538461,
                "icat": 0.5044378698224853
            },
            "dev_count": 156,
            "test_count": 156
        },
        "profession": {
            "dev": {
                "ss": 0.6271186440677966,
                "lms": 0.6892655367231638,
                "icat": 0.5140285358613426
            },
            "test": {
                "ss": 0.5988700564971752,
                "lms": 0.5649717514124294,
                "icat": 0.45325417344951957
            },
            "dev_count": 531,
            "test_count": 531
        },
        "race": {
            "dev": {
                "ss": 0.508695652173913,
                "lms": 0.6934782608695652,
                "icat": 0.6814177693761816
            },
            "test": {
                "ss": 0.47186147186147187,
                "lms": 0.6277056277056277,
                "icat": 0.5923802027698131
            },
            "dev_count": 690,
            "test_count": 693
        },
        "religion": {
            "dev": {
                "ss": 0.6666666666666666,
                "lms": 0.7333333333333333,
                "icat": 0.48888888888888893
            },
            "test": {
                "ss": 0.6875,
                "lms": 0.625,
                "icat": 0.390625
            },
            "dev_count": 45,
            "test_count": 48
        },
        "dev_criterion_score": -0.611353711790393,
        "test_criterion_score": -0.5938864628820961
    },
    "./models/bert-base-cased/full_grad/inp/adv/2e-06/64/None/model_3": {
        "path": "./models/bert-base-cased/full_grad/inp/adv/2e-06/64/None/model_3",
        "gender": {
            "dev": {
                "ss": 0.6538461538461539,
                "lms": 0.8076923076923077,
                "icat": 0.5591715976331361
            },
            "test": {
                "ss": 0.5576923076923077,
                "lms": 0.7596153846153846,
                "icat": 0.6719674556213017
            },
            "dev_count": 156,
            "test_count": 156
        },
        "profession": {
            "dev": {
                "ss": 0.6666666666666666,
                "lms": 0.8022598870056498,
                "icat": 0.5348399246704333
            },
            "test": {
                "ss": 0.632768361581921,
                "lms": 0.7005649717514124,
                "icat": 0.5145392447891729
            },
            "dev_count": 531,
            "test_count": 531
        },
        "race": {
            "dev": {
                "ss": 0.5,
                "lms": 0.8173913043478261,
                "icat": 0.8173913043478261
            },
            "test": {
                "ss": 0.48917748917748916,
                "lms": 0.7619047619047619,
                "icat": 0.7454133168418882
            },
            "dev_count": 690,
            "test_count": 693
        },
        "religion": {
            "dev": {
                "ss": 0.7333333333333333,
                "lms": 0.8666666666666667,
                "icat": 0.4622222222222223
            },
            "test": {
                "ss": 0.6875,
                "lms": 0.75,
                "icat": 0.46875
            },
            "dev_count": 45,
            "test_count": 48
        },
        "dev_criterion_score": -0.6637554585152838,
        "test_criterion_score": -0.6157205240174672
    },
    "./models/bert-base-cased/full_grad/inp/adv/2e-06/64/None/model_8": {
        "path": "./models/bert-base-cased/full_grad/inp/adv/2e-06/64/None/model_8",
        "gender": {
            "dev": {
                "ss": 0.5192307692307693,
                "lms": 0.6634615384615384,
                "icat": 0.6379437869822484
            },
            "test": {
                "ss": 0.5769230769230769,
                "lms": 0.5576923076923077,
                "icat": 0.47189349112426043
            },
            "dev_count": 156,
            "test_count": 156
        },
        "profession": {
            "dev": {
                "ss": 0.6214689265536724,
                "lms": 0.6299435028248588,
                "icat": 0.47690638066966706
            },
            "test": {
                "ss": 0.5932203389830508,
                "lms": 0.53954802259887,
                "icat": 0.4389543234702672
            },
            "dev_count": 531,
            "test_count": 531
        },
        "race": {
            "dev": {
                "ss": 0.5130434782608696,
                "lms": 0.6847826086956522,
                "icat": 0.6669187145557656
            },
            "test": {
                "ss": 0.4805194805194805,
                "lms": 0.5952380952380952,
                "icat": 0.5720470006184292
            },
            "dev_count": 690,
            "test_count": 693
        },
        "religion": {
            "dev": {
                "ss": 0.7333333333333333,
                "lms": 0.7,
                "icat": 0.3733333333333334
            },
            "test": {
                "ss": 0.6875,
                "lms": 0.625,
                "icat": 0.390625
            },
            "dev_count": 45,
            "test_count": 48
        },
        "dev_criterion_score": -0.5982532751091703,
        "test_criterion_score": -0.5895196506550219
    },
    "./models/bert-base-cased/full_grad/inp/adv/2e-06/64/None/model_14": {
        "path": "./models/bert-base-cased/full_grad/inp/adv/2e-06/64/None/model_14",
        "gender": {
            "dev": {
                "ss": 0.5192307692307693,
                "lms": 0.5576923076923077,
                "icat": 0.5362426035502958
            },
            "test": {
                "ss": 0.5384615384615384,
                "lms": 0.5,
                "icat": 0.46153846153846156
            },
            "dev_count": 156,
            "test_count": 156
        },
        "profession": {
            "dev": {
                "ss": 0.6101694915254238,
                "lms": 0.5677966101694916,
                "icat": 0.4426888825050273
            },
            "test": {
                "ss": 0.5536723163841808,
                "lms": 0.5028248587570622,
                "icat": 0.44884930894698205
            },
            "dev_count": 531,
            "test_count": 531
        },
        "race": {
            "dev": {
                "ss": 0.49130434782608695,
                "lms": 0.6434782608695652,
                "icat": 0.6322873345935727
            },
            "test": {
                "ss": 0.4935064935064935,
                "lms": 0.5670995670995671,
                "icat": 0.5597346376567156
            },
            "dev_count": 690,
            "test_count": 693
        },
        "religion": {
            "dev": {
                "ss": 0.7333333333333333,
                "lms": 0.7666666666666667,
                "icat": 0.40888888888888897
            },
            "test": {
                "ss": 0.6875,
                "lms": 0.59375,
                "icat": 0.37109375
            },
            "dev_count": 45,
            "test_count": 48
        },
        "dev_criterion_score": -0.5895196506550219,
        "test_criterion_score": -0.5502183406113537
    },
    "./models/bert-base-cased/full_grad/inp/adv/2e-06/64/None/model_15": {
        "path": "./models/bert-base-cased/full_grad/inp/adv/2e-06/64/None/model_15",
        "gender": {
            "dev": {
                "ss": 0.5,
                "lms": 0.5576923076923077,
                "icat": 0.5576923076923077
            },
            "test": {
                "ss": 0.5384615384615384,
                "lms": 0.49038461538461536,
                "icat": 0.4526627218934911
            },
            "dev_count": 156,
            "test_count": 156
        },
        "profession": {
            "dev": {
                "ss": 0.6045197740112994,
                "lms": 0.5649717514124294,
                "icat": 0.4468703118516391
            },
            "test": {
                "ss": 0.5536723163841808,
                "lms": 0.5028248587570622,
                "icat": 0.44884930894698205
            },
            "dev_count": 531,
            "test_count": 531
        },
        "race": {
            "dev": {
                "ss": 0.4956521739130435,
                "lms": 0.6347826086956522,
                "icat": 0.6292627599243856
            },
            "test": {
                "ss": 0.49783549783549785,
                "lms": 0.5584415584415584,
                "icat": 0.556024062517569
            },
            "dev_count": 690,
            "test_count": 693
        },
        "religion": {
            "dev": {
                "ss": 0.7333333333333333,
                "lms": 0.7333333333333333,
                "icat": 0.3911111111111112
            },
            "test": {
                "ss": 0.625,
                "lms": 0.53125,
                "icat": 0.3984375
            },
            "dev_count": 45,
            "test_count": 48
        },
        "dev_criterion_score": -0.5807860262008734,
        "test_criterion_score": -0.5502183406113537
    },
    "./models/bert-base-cased/full_grad/inp/adv/2e-06/64/None/model_5": {
        "path": "./models/bert-base-cased/full_grad/inp/adv/2e-06/64/None/model_5",
        "gender": {
            "dev": {
                "ss": 0.5576923076923077,
                "lms": 0.7019230769230769,
                "icat": 0.6209319526627218
            },
            "test": {
                "ss": 0.5576923076923077,
                "lms": 0.6346153846153846,
                "icat": 0.5613905325443787
            },
            "dev_count": 156,
            "test_count": 156
        },
        "profession": {
            "dev": {
                "ss": 0.6497175141242938,
                "lms": 0.7090395480225988,
                "icat": 0.4967282709310862
            },
            "test": {
                "ss": 0.615819209039548,
                "lms": 0.5706214689265536,
                "icat": 0.4384436145424367
            },
            "dev_count": 531,
            "test_count": 531
        },
        "race": {
            "dev": {
                "ss": 0.5,
                "lms": 0.7065217391304348,
                "icat": 0.7065217391304348
            },
            "test": {
                "ss": 0.48917748917748916,
                "lms": 0.6536796536796536,
                "icat": 0.6395307434268472
            },
            "dev_count": 690,
            "test_count": 693
        },
        "religion": {
            "dev": {
                "ss": 0.7333333333333333,
                "lms": 0.8333333333333334,
                "icat": 0.44444444444444453
            },
            "test": {
                "ss": 0.6875,
                "lms": 0.6875,
                "icat": 0.4296875
            },
            "dev_count": 45,
            "test_count": 48
        },
        "dev_criterion_score": -0.62882096069869,
        "test_criterion_score": -0.6026200873362445
    },
    "./models/bert-base-cased/full_grad/inp/adv/2e-06/64/None/model_4": {
        "path": "./models/bert-base-cased/full_grad/inp/adv/2e-06/64/None/model_4",
        "gender": {
            "dev": {
                "ss": 0.5769230769230769,
                "lms": 0.7403846153846154,
                "icat": 0.6264792899408285
            },
            "test": {
                "ss": 0.5384615384615384,
                "lms": 0.6634615384615384,
                "icat": 0.6124260355029586
            },
            "dev_count": 156,
            "test_count": 156
        },
        "profession": {
            "dev": {
                "ss": 0.6666666666666666,
                "lms": 0.7401129943502824,
                "icat": 0.49340866290018837
            },
            "test": {
                "ss": 0.6214689265536724,
                "lms": 0.5988700564971752,
                "icat": 0.4533818506814772
            },
            "dev_count": 531,
            "test_count": 531
        },
        "race": {
            "dev": {
                "ss": 0.5173913043478261,
                "lms": 0.7260869565217392,
                "icat": 0.7008317580340265
            },
            "test": {
                "ss": 0.48917748917748916,
                "lms": 0.6818181818181818,
                "icat": 0.6670602125147579
            },
            "dev_count": 690,
            "test_count": 693
        },
        "religion": {
            "dev": {
                "ss": 0.6666666666666666,
                "lms": 0.8666666666666667,
                "icat": 0.5777777777777778
            },
            "test": {
                "ss": 0.625,
                "lms": 0.71875,
                "icat": 0.5390625
            },
            "dev_count": 45,
            "test_count": 48
        },
        "dev_criterion_score": -0.6462882096069869,
        "test_criterion_score": -0.6026200873362445
    },
    "./models/bert-base-cased/full_grad/inp/adv/2e-06/64/None/model_10": {
        "path": "./models/bert-base-cased/full_grad/inp/adv/2e-06/64/None/model_10",
        "gender": {
            "dev": {
                "ss": 0.5192307692307693,
                "lms": 0.6153846153846154,
                "icat": 0.591715976331361
            },
            "test": {
                "ss": 0.5576923076923077,
                "lms": 0.5288461538461539,
                "icat": 0.46782544378698226
            },
            "dev_count": 156,
            "test_count": 156
        },
        "profession": {
            "dev": {
                "ss": 0.615819209039548,
                "lms": 0.5903954802259888,
                "icat": 0.4536372051453925
            },
            "test": {
                "ss": 0.576271186440678,
                "lms": 0.5282485875706214,
                "icat": 0.4476682945513741
            },
            "dev_count": 531,
            "test_count": 531
        },
        "race": {
            "dev": {
                "ss": 0.4956521739130435,
                "lms": 0.6608695652173913,
                "icat": 0.6551228733459358
            },
            "test": {
                "ss": 0.48484848484848486,
                "lms": 0.5887445887445888,
                "icat": 0.5709038436311165
            },
            "dev_count": 690,
            "test_count": 693
        },
        "religion": {
            "dev": {
                "ss": 0.6666666666666666,
                "lms": 0.7,
                "icat": 0.4666666666666667
            },
            "test": {
                "ss": 0.625,
                "lms": 0.5625,
                "icat": 0.421875
            },
            "dev_count": 45,
            "test_count": 48
        },
        "dev_criterion_score": -0.5938864628820961,
        "test_criterion_score": -0.5720524017467249
    },
    "./models/bert-base-cased/full_grad/inp/adv/2e-06/64/None/model_1": {
        "path": "./models/bert-base-cased/full_grad/inp/adv/2e-06/64/None/model_1",
        "gender": {
            "dev": {
                "ss": 0.7115384615384616,
                "lms": 0.9134615384615384,
                "icat": 0.5269970414201183
            },
            "test": {
                "ss": 0.6153846153846154,
                "lms": 0.8365384615384616,
                "icat": 0.643491124260355
            },
            "dev_count": 156,
            "test_count": 156
        },
        "profession": {
            "dev": {
                "ss": 0.6440677966101694,
                "lms": 0.8587570621468926,
                "icat": 0.6113185866130423
            },
            "test": {
                "ss": 0.6384180790960452,
                "lms": 0.8559322033898306,
                "icat": 0.6189792205304989
            },
            "dev_count": 531,
            "test_count": 531
        },
        "race": {
            "dev": {
                "ss": 0.4956521739130435,
                "lms": 0.8673913043478261,
                "icat": 0.8598487712665407
            },
            "test": {
                "ss": 0.49783549783549785,
                "lms": 0.8506493506493507,
                "icat": 0.8469668859279249
            },
            "dev_count": 690,
            "test_count": 693
        },
        "religion": {
            "dev": {
                "ss": 0.6,
                "lms": 0.9666666666666667,
                "icat": 0.7733333333333334
            },
            "test": {
                "ss": 0.75,
                "lms": 0.8125,
                "icat": 0.40625
            },
            "dev_count": 45,
            "test_count": 48
        },
        "dev_criterion_score": -0.6593886462882096,
        "test_criterion_score": -0.6331877729257642
    },
    "./models/bert-base-cased/full_grad/inp/adv/2e-06/64/None/model_9": {
        "path": "./models/bert-base-cased/full_grad/inp/adv/2e-06/64/None/model_9",
        "gender": {
            "dev": {
                "ss": 0.5192307692307693,
                "lms": 0.6634615384615384,
                "icat": 0.6379437869822484
            },
            "test": {
                "ss": 0.5384615384615384,
                "lms": 0.5480769230769231,
                "icat": 0.5059171597633136
            },
            "dev_count": 156,
            "test_count": 156
        },
        "profession": {
            "dev": {
                "ss": 0.615819209039548,
                "lms": 0.5988700564971752,
                "icat": 0.46014874397523065
            },
            "test": {
                "ss": 0.5819209039548022,
                "lms": 0.5282485875706214,
                "icat": 0.4416993839573558
            },
            "dev_count": 531,
            "test_count": 531
        },
        "race": {
            "dev": {
                "ss": 0.5043478260869565,
                "lms": 0.6804347826086956,
                "icat": 0.6745179584120983
            },
            "test": {
                "ss": 0.48484848484848486,
                "lms": 0.5930735930735931,
                "icat": 0.575101666010757
            },
            "dev_count": 690,
            "test_count": 693
        },
        "religion": {
            "dev": {
                "ss": 0.7333333333333333,
                "lms": 0.7,
                "icat": 0.3733333333333334
            },
            "test": {
                "ss": 0.625,
                "lms": 0.5625,
                "icat": 0.421875
            },
            "dev_count": 45,
            "test_count": 48
        },
        "dev_criterion_score": -0.5938864628820961,
        "test_criterion_score": -0.5720524017467249
    },
    "./models/bert-base-cased/full_grad/inp/adv/2e-06/64/None/model_11": {
        "path": "./models/bert-base-cased/full_grad/inp/adv/2e-06/64/None/model_11",
        "gender": {
            "dev": {
                "ss": 0.5192307692307693,
                "lms": 0.5961538461538461,
                "icat": 0.5732248520710058
            },
            "test": {
                "ss": 0.5576923076923077,
                "lms": 0.5192307692307693,
                "icat": 0.459319526627219
            },
            "dev_count": 156,
            "test_count": 156
        },
        "profession": {
            "dev": {
                "ss": 0.6101694915254238,
                "lms": 0.5903954802259888,
                "icat": 0.4603083405151776
            },
            "test": {
                "ss": 0.576271186440678,
                "lms": 0.5169491525423728,
                "icat": 0.43809250215455325
            },
            "dev_count": 531,
            "test_count": 531
        },
        "race": {
            "dev": {
                "ss": 0.48695652173913045,
                "lms": 0.6630434782608695,
                "icat": 0.6457466918714555
            },
            "test": {
                "ss": 0.48484848484848486,
                "lms": 0.5692640692640693,
                "icat": 0.5520136429227338
            },
            "dev_count": 690,
            "test_count": 693
        },
        "religion": {
            "dev": {
                "ss": 0.7333333333333333,
                "lms": 0.7666666666666667,
                "icat": 0.40888888888888897
            },
            "test": {
                "ss": 0.6875,
                "lms": 0.59375,
                "icat": 0.37109375
            },
            "dev_count": 45,
            "test_count": 48
        },
        "dev_criterion_score": -0.5895196506550219,
        "test_criterion_score": -0.5720524017467249
    },
    "./models/bert-base-cased/full_grad/inp/adv/2e-06/64/None/model_13": {
        "path": "./models/bert-base-cased/full_grad/inp/adv/2e-06/64/None/model_13",
        "gender": {
            "dev": {
                "ss": 0.5192307692307693,
                "lms": 0.5673076923076923,
                "icat": 0.5454881656804733
            },
            "test": {
                "ss": 0.5384615384615384,
                "lms": 0.5,
                "icat": 0.46153846153846156
            },
            "dev_count": 156,
            "test_count": 156
        },
        "profession": {
            "dev": {
                "ss": 0.6101694915254238,
                "lms": 0.5677966101694916,
                "icat": 0.4426888825050273
            },
            "test": {
                "ss": 0.576271186440678,
                "lms": 0.5028248587570622,
                "icat": 0.42612276165852725
            },
            "dev_count": 531,
            "test_count": 531
        },
        "race": {
            "dev": {
                "ss": 0.5,
                "lms": 0.6413043478260869,
                "icat": 0.6413043478260869
            },
            "test": {
                "ss": 0.48917748917748916,
                "lms": 0.5627705627705628,
                "icat": 0.5505893817582129
            },
            "dev_count": 690,
            "test_count": 693
        },
        "religion": {
            "dev": {
                "ss": 0.7333333333333333,
                "lms": 0.7666666666666667,
                "icat": 0.40888888888888897
            },
            "test": {
                "ss": 0.6875,
                "lms": 0.59375,
                "icat": 0.37109375
            },
            "dev_count": 45,
            "test_count": 48
        },
        "dev_criterion_score": -0.5895196506550219,
        "test_criterion_score": -0.5676855895196506
    },
    "./models/bert-base-cased/full_grad/inp/adv/2e-06/64/None/model_2": {
        "path": "./models/bert-base-cased/full_grad/inp/adv/2e-06/64/None/model_2",
        "gender": {
            "dev": {
                "ss": 0.6923076923076923,
                "lms": 0.8942307692307693,
                "icat": 0.5502958579881657
            },
            "test": {
                "ss": 0.5961538461538461,
                "lms": 0.7980769230769231,
                "icat": 0.6446005917159764
            },
            "dev_count": 156,
            "test_count": 156
        },
        "profession": {
            "dev": {
                "ss": 0.6440677966101694,
                "lms": 0.8418079096045198,
                "icat": 0.5992530881930481
            },
            "test": {
                "ss": 0.6271186440677966,
                "lms": 0.7768361581920904,
                "icat": 0.5793354400076607
            },
            "dev_count": 531,
            "test_count": 531
        },
        "race": {
            "dev": {
                "ss": 0.48695652173913045,
                "lms": 0.8369565217391305,
                "icat": 0.8151228733459358
            },
            "test": {
                "ss": 0.5064935064935064,
                "lms": 0.8354978354978355,
                "icat": 0.824647214257604
            },
            "dev_count": 690,
            "test_count": 693
        },
        "religion": {
            "dev": {
                "ss": 0.7333333333333333,
                "lms": 0.9666666666666667,
                "icat": 0.5155555555555557
            },
            "test": {
                "ss": 0.6875,
                "lms": 0.8125,
                "icat": 0.5078125
            },
            "dev_count": 45,
            "test_count": 48
        },
        "dev_criterion_score": -0.6550218340611353,
        "test_criterion_score": -0.6200873362445415
    },
    "./models/bert-base-cased/full_grad/inp/adv/2e-06/64/None/model_12": {
        "path": "./models/bert-base-cased/full_grad/inp/adv/2e-06/64/None/model_12",
        "gender": {
            "dev": {
                "ss": 0.5192307692307693,
                "lms": 0.5769230769230769,
                "icat": 0.5547337278106508
            },
            "test": {
                "ss": 0.5576923076923077,
                "lms": 0.5096153846153846,
                "icat": 0.4508136094674556
            },
            "dev_count": 156,
            "test_count": 156
        },
        "profession": {
            "dev": {
                "ss": 0.6101694915254238,
                "lms": 0.5790960451977402,
                "icat": 0.45149861151010245
            },
            "test": {
                "ss": 0.576271186440678,
                "lms": 0.5112994350282486,
                "icat": 0.43330460595614284
            },
            "dev_count": 531,
            "test_count": 531
        },
        "race": {
            "dev": {
                "ss": 0.48695652173913045,
                "lms": 0.6521739130434783,
                "icat": 0.6351606805293006
            },
            "test": {
                "ss": 0.5021645021645021,
                "lms": 0.5606060606060606,
                "icat": 0.5581791945428308
            },
            "dev_count": 690,
            "test_count": 693
        },
        "religion": {
            "dev": {
                "ss": 0.7333333333333333,
                "lms": 0.7666666666666667,
                "icat": 0.40888888888888897
            },
            "test": {
                "ss": 0.6875,
                "lms": 0.59375,
                "icat": 0.37109375
            },
            "dev_count": 45,
            "test_count": 48
        },
        "dev_criterion_score": -0.5895196506550219,
        "test_criterion_score": -0.5720524017467249
    }
}
