12/08/2025 08:36:56 - INFO - __main__ - Initialized tokenizer
12/08/2025 08:36:56 - INFO - __main__ - Found 80 models to evaluate.
12/08/2025 08:36:56 - INFO - __main__ - Constructing StereoSet dataloaders
12/08/2025 08:36:57 - INFO - __main__ - Constructed StereoSet dataloaders
12/08/2025 08:36:57 - INFO - __main__ - Evaluating model at ./models/bert-base-cased/notall/inp/dynamic/2e-06/64/10000/model_7
12/08/2025 08:36:57 - INFO - __main__ - ==================================================1/80==================================================
12/08/2025 08:37:07 - INFO - __main__ - Got result: {
    "path": "./models/bert-base-cased/notall/inp/dynamic/2e-06/64/10000/model_7",
    "gender": {
        "dev": {
            "ss": 0.6923076923076923,
            "lms": 0.7788461538461539,
            "icat": 0.47928994082840237
        },
        "test": {
            "ss": 0.5384615384615384,
            "lms": 0.7692307692307693,
            "icat": 0.7100591715976332
        },
        "dev_count": 156,
        "test_count": 156
    },
    "profession": {
        "dev": {
            "ss": 0.5819209039548022,
            "lms": 0.7372881355932204,
            "icat": 0.6164895145073256
        },
        "test": {
            "ss": 0.615819209039548,
            "lms": 0.6977401129943502,
            "icat": 0.5361166969900092
        },
        "dev_count": 531,
        "test_count": 531
    },
    "race": {
        "dev": {
            "ss": 0.41304347826086957,
            "lms": 0.7739130434782608,
            "icat": 0.6393194706994328
        },
        "test": {
            "ss": 0.46320346320346323,
            "lms": 0.7229437229437229,
            "icat": 0.6697400723374749
        },
        "dev_count": 690,
        "test_count": 693
    },
    "religion": {
        "dev": {
            "ss": 0.8,
            "lms": 0.7666666666666667,
            "icat": 0.30666666666666664
        },
        "test": {
            "ss": 0.5625,
            "lms": 0.84375,
            "icat": 0.73828125
        },
        "dev_count": 45,
        "test_count": 48
    }
}
12/08/2025 08:37:07 - INFO - __main__ - ====================================================================================================
12/08/2025 08:37:07 - INFO - __main__ - Evaluating model at ./models/bert-base-cased/notall/inp/dynamic/2e-06/64/10000/model_6
12/08/2025 08:37:07 - INFO - __main__ - ==================================================2/80==================================================
12/08/2025 08:37:10 - INFO - __main__ - Got result: {
    "path": "./models/bert-base-cased/notall/inp/dynamic/2e-06/64/10000/model_6",
    "gender": {
        "dev": {
            "ss": 0.6923076923076923,
            "lms": 0.7788461538461539,
            "icat": 0.47928994082840237
        },
        "test": {
            "ss": 0.5576923076923077,
            "lms": 0.7596153846153846,
            "icat": 0.6719674556213017
        },
        "dev_count": 156,
        "test_count": 156
    },
    "profession": {
        "dev": {
            "ss": 0.5932203389830508,
            "lms": 0.7457627118644068,
            "icat": 0.6067222062625682
        },
        "test": {
            "ss": 0.6101694915254238,
            "lms": 0.6977401129943502,
            "icat": 0.5440007660633916
        },
        "dev_count": 531,
        "test_count": 531
    },
    "race": {
        "dev": {
            "ss": 0.4217391304347826,
            "lms": 0.7782608695652173,
            "icat": 0.6564461247637051
        },
        "test": {
            "ss": 0.46320346320346323,
            "lms": 0.7229437229437229,
            "icat": 0.6697400723374749
        },
        "dev_count": 690,
        "test_count": 693
    },
    "religion": {
        "dev": {
            "ss": 0.8,
            "lms": 0.7666666666666667,
            "icat": 0.30666666666666664
        },
        "test": {
            "ss": 0.5625,
            "lms": 0.84375,
            "icat": 0.73828125
        },
        "dev_count": 45,
        "test_count": 48
    }
}
12/08/2025 08:37:10 - INFO - __main__ - ====================================================================================================
12/08/2025 08:37:10 - INFO - __main__ - Evaluating model at ./models/bert-base-cased/notall/inp/dynamic/2e-06/64/10000/model_3
12/08/2025 08:37:10 - INFO - __main__ - ==================================================3/80==================================================
12/08/2025 08:37:13 - INFO - __main__ - Got result: {
    "path": "./models/bert-base-cased/notall/inp/dynamic/2e-06/64/10000/model_3",
    "gender": {
        "dev": {
            "ss": 0.6923076923076923,
            "lms": 0.7692307692307693,
            "icat": 0.4733727810650888
        },
        "test": {
            "ss": 0.5384615384615384,
            "lms": 0.7692307692307693,
            "icat": 0.7100591715976332
        },
        "dev_count": 156,
        "test_count": 156
    },
    "profession": {
        "dev": {
            "ss": 0.5932203389830508,
            "lms": 0.7627118644067796,
            "icat": 0.6205113473139903
        },
        "test": {
            "ss": 0.6045197740112994,
            "lms": 0.7005649717514124,
            "icat": 0.5541191866960324
        },
        "dev_count": 531,
        "test_count": 531
    },
    "race": {
        "dev": {
            "ss": 0.40869565217391307,
            "lms": 0.7934782608695652,
            "icat": 0.6485822306238186
        },
        "test": {
            "ss": 0.45021645021645024,
            "lms": 0.7424242424242424,
            "icat": 0.6685032139577595
        },
        "dev_count": 690,
        "test_count": 693
    },
    "religion": {
        "dev": {
            "ss": 0.7333333333333333,
            "lms": 0.7666666666666667,
            "icat": 0.40888888888888897
        },
        "test": {
            "ss": 0.5625,
            "lms": 0.8125,
            "icat": 0.7109375
        },
        "dev_count": 45,
        "test_count": 48
    }
}
12/08/2025 08:37:13 - INFO - __main__ - ====================================================================================================
12/08/2025 08:37:13 - INFO - __main__ - Evaluating model at ./models/bert-base-cased/notall/inp/dynamic/2e-06/64/10000/model_8
12/08/2025 08:37:13 - INFO - __main__ - ==================================================4/80==================================================
12/08/2025 08:37:16 - INFO - __main__ - Got result: {
    "path": "./models/bert-base-cased/notall/inp/dynamic/2e-06/64/10000/model_8",
    "gender": {
        "dev": {
            "ss": 0.6923076923076923,
            "lms": 0.7884615384615384,
            "icat": 0.485207100591716
        },
        "test": {
            "ss": 0.5384615384615384,
            "lms": 0.7692307692307693,
            "icat": 0.7100591715976332
        },
        "dev_count": 156,
        "test_count": 156
    },
    "profession": {
        "dev": {
            "ss": 0.576271186440678,
            "lms": 0.7429378531073446,
            "icat": 0.6296083500909699
        },
        "test": {
            "ss": 0.615819209039548,
            "lms": 0.6864406779661016,
            "icat": 0.5274346452168917
        },
        "dev_count": 531,
        "test_count": 531
    },
    "race": {
        "dev": {
            "ss": 0.41739130434782606,
            "lms": 0.7782608695652173,
            "icat": 0.6496786389413988
        },
        "test": {
            "ss": 0.4675324675324675,
            "lms": 0.7207792207792207,
            "icat": 0.6739753752740765
        },
        "dev_count": 690,
        "test_count": 693
    },
    "religion": {
        "dev": {
            "ss": 0.8,
            "lms": 0.7666666666666667,
            "icat": 0.30666666666666664
        },
        "test": {
            "ss": 0.5625,
            "lms": 0.84375,
            "icat": 0.73828125
        },
        "dev_count": 45,
        "test_count": 48
    }
}
12/08/2025 08:37:16 - INFO - __main__ - ====================================================================================================
12/08/2025 08:37:16 - INFO - __main__ - Evaluating model at ./models/bert-base-cased/notall/inp/dynamic/2e-06/64/10000/model_14
12/08/2025 08:37:16 - INFO - __main__ - ==================================================5/80==================================================
12/08/2025 08:37:19 - INFO - __main__ - Got result: {
    "path": "./models/bert-base-cased/notall/inp/dynamic/2e-06/64/10000/model_14",
    "gender": {
        "dev": {
            "ss": 0.6730769230769231,
            "lms": 0.7692307692307693,
            "icat": 0.5029585798816567
        },
        "test": {
            "ss": 0.5384615384615384,
            "lms": 0.7692307692307693,
            "icat": 0.7100591715976332
        },
        "dev_count": 156,
        "test_count": 156
    },
    "profession": {
        "dev": {
            "ss": 0.5819209039548022,
            "lms": 0.7203389830508474,
            "icat": 0.6023173417600307
        },
        "test": {
            "ss": 0.6214689265536724,
            "lms": 0.6666666666666666,
            "icat": 0.5047080979284368
        },
        "dev_count": 531,
        "test_count": 531
    },
    "race": {
        "dev": {
            "ss": 0.40869565217391307,
            "lms": 0.7630434782608696,
            "icat": 0.6237051039697543
        },
        "test": {
            "ss": 0.45021645021645024,
            "lms": 0.7077922077922078,
            "icat": 0.6373193905661438
        },
        "dev_count": 690,
        "test_count": 693
    },
    "religion": {
        "dev": {
            "ss": 0.8,
            "lms": 0.7333333333333333,
            "icat": 0.2933333333333332
        },
        "test": {
            "ss": 0.5625,
            "lms": 0.8125,
            "icat": 0.7109375
        },
        "dev_count": 45,
        "test_count": 48
    }
}
12/08/2025 08:37:19 - INFO - __main__ - ====================================================================================================
12/08/2025 08:37:19 - INFO - __main__ - Evaluating model at ./models/bert-base-cased/notall/inp/dynamic/2e-06/64/10000/model_15
12/08/2025 08:37:19 - INFO - __main__ - ==================================================6/80==================================================
12/08/2025 08:37:22 - INFO - __main__ - Got result: {
    "path": "./models/bert-base-cased/notall/inp/dynamic/2e-06/64/10000/model_15",
    "gender": {
        "dev": {
            "ss": 0.6538461538461539,
            "lms": 0.7692307692307693,
            "icat": 0.5325443786982249
        },
        "test": {
            "ss": 0.5384615384615384,
            "lms": 0.7692307692307693,
            "icat": 0.7100591715976332
        },
        "dev_count": 156,
        "test_count": 156
    },
    "profession": {
        "dev": {
            "ss": 0.5819209039548022,
            "lms": 0.7203389830508474,
            "icat": 0.6023173417600307
        },
        "test": {
            "ss": 0.6214689265536724,
            "lms": 0.6638418079096046,
            "icat": 0.502569504293147
        },
        "dev_count": 531,
        "test_count": 531
    },
    "race": {
        "dev": {
            "ss": 0.40869565217391307,
            "lms": 0.7565217391304347,
            "icat": 0.618374291115312
        },
        "test": {
            "ss": 0.45021645021645024,
            "lms": 0.7056277056277056,
            "icat": 0.6353704016041678
        },
        "dev_count": 690,
        "test_count": 693
    },
    "religion": {
        "dev": {
            "ss": 0.8,
            "lms": 0.7333333333333333,
            "icat": 0.2933333333333332
        },
        "test": {
            "ss": 0.5625,
            "lms": 0.8125,
            "icat": 0.7109375
        },
        "dev_count": 45,
        "test_count": 48
    }
}
12/08/2025 08:37:22 - INFO - __main__ - ====================================================================================================
12/08/2025 08:37:22 - INFO - __main__ - Evaluating model at ./models/bert-base-cased/notall/inp/dynamic/2e-06/64/10000/model_5
12/08/2025 08:37:22 - INFO - __main__ - ==================================================7/80==================================================
12/08/2025 08:37:26 - INFO - __main__ - Got result: {
    "path": "./models/bert-base-cased/notall/inp/dynamic/2e-06/64/10000/model_5",
    "gender": {
        "dev": {
            "ss": 0.6923076923076923,
            "lms": 0.7692307692307693,
            "icat": 0.4733727810650888
        },
        "test": {
            "ss": 0.5576923076923077,
            "lms": 0.7692307692307693,
            "icat": 0.6804733727810651
        },
        "dev_count": 156,
        "test_count": 156
    },
    "profession": {
        "dev": {
            "ss": 0.5932203389830508,
            "lms": 0.7542372881355932,
            "icat": 0.6136167767882793
        },
        "test": {
            "ss": 0.615819209039548,
            "lms": 0.6949152542372882,
            "icat": 0.5339461840467299
        },
        "dev_count": 531,
        "test_count": 531
    },
    "race": {
        "dev": {
            "ss": 0.41304347826086957,
            "lms": 0.7847826086956522,
            "icat": 0.6482986767485822
        },
        "test": {
            "ss": 0.4588744588744589,
            "lms": 0.7316017316017316,
            "icat": 0.6714266974007234
        },
        "dev_count": 690,
        "test_count": 693
    },
    "religion": {
        "dev": {
            "ss": 0.8,
            "lms": 0.7666666666666667,
            "icat": 0.30666666666666664
        },
        "test": {
            "ss": 0.5625,
            "lms": 0.84375,
            "icat": 0.73828125
        },
        "dev_count": 45,
        "test_count": 48
    }
}
12/08/2025 08:37:26 - INFO - __main__ - ====================================================================================================
12/08/2025 08:37:26 - INFO - __main__ - Evaluating model at ./models/bert-base-cased/notall/inp/dynamic/2e-06/64/10000/model_4
12/08/2025 08:37:26 - INFO - __main__ - ==================================================8/80==================================================
12/08/2025 08:37:29 - INFO - __main__ - Got result: {
    "path": "./models/bert-base-cased/notall/inp/dynamic/2e-06/64/10000/model_4",
    "gender": {
        "dev": {
            "ss": 0.6923076923076923,
            "lms": 0.7692307692307693,
            "icat": 0.4733727810650888
        },
        "test": {
            "ss": 0.5576923076923077,
            "lms": 0.7692307692307693,
            "icat": 0.6804733727810651
        },
        "dev_count": 156,
        "test_count": 156
    },
    "profession": {
        "dev": {
            "ss": 0.5988700564971752,
            "lms": 0.7655367231638418,
            "icat": 0.614159405024099
        },
        "test": {
            "ss": 0.6101694915254238,
            "lms": 0.6977401129943502,
            "icat": 0.5440007660633916
        },
        "dev_count": 531,
        "test_count": 531
    },
    "race": {
        "dev": {
            "ss": 0.40869565217391307,
            "lms": 0.7869565217391304,
            "icat": 0.6432514177693762
        },
        "test": {
            "ss": 0.45454545454545453,
            "lms": 0.7316017316017316,
            "icat": 0.6650924832743014
        },
        "dev_count": 690,
        "test_count": 693
    },
    "religion": {
        "dev": {
            "ss": 0.7333333333333333,
            "lms": 0.7666666666666667,
            "icat": 0.40888888888888897
        },
        "test": {
            "ss": 0.5625,
            "lms": 0.84375,
            "icat": 0.73828125
        },
        "dev_count": 45,
        "test_count": 48
    }
}
12/08/2025 08:37:29 - INFO - __main__ - ====================================================================================================
12/08/2025 08:37:29 - INFO - __main__ - Evaluating model at ./models/bert-base-cased/notall/inp/dynamic/2e-06/64/10000/model_10
12/08/2025 08:37:29 - INFO - __main__ - ==================================================9/80==================================================
12/08/2025 08:37:32 - INFO - __main__ - Got result: {
    "path": "./models/bert-base-cased/notall/inp/dynamic/2e-06/64/10000/model_10",
    "gender": {
        "dev": {
            "ss": 0.6923076923076923,
            "lms": 0.7788461538461539,
            "icat": 0.47928994082840237
        },
        "test": {
            "ss": 0.5384615384615384,
            "lms": 0.7692307692307693,
            "icat": 0.7100591715976332
        },
        "dev_count": 156,
        "test_count": 156
    },
    "profession": {
        "dev": {
            "ss": 0.576271186440678,
            "lms": 0.731638418079096,
            "icat": 0.6200325576941491
        },
        "test": {
            "ss": 0.6214689265536724,
            "lms": 0.6807909604519774,
            "icat": 0.5154010661048868
        },
        "dev_count": 531,
        "test_count": 531
    },
    "race": {
        "dev": {
            "ss": 0.41739130434782606,
            "lms": 0.7695652173913043,
            "icat": 0.6424196597353496
        },
        "test": {
            "ss": 0.4675324675324675,
            "lms": 0.70995670995671,
            "icat": 0.6638556248945859
        },
        "dev_count": 690,
        "test_count": 693
    },
    "religion": {
        "dev": {
            "ss": 0.8,
            "lms": 0.7333333333333333,
            "icat": 0.2933333333333332
        },
        "test": {
            "ss": 0.5625,
            "lms": 0.8125,
            "icat": 0.7109375
        },
        "dev_count": 45,
        "test_count": 48
    }
}
12/08/2025 08:37:32 - INFO - __main__ - ====================================================================================================
12/08/2025 08:37:32 - INFO - __main__ - Evaluating model at ./models/bert-base-cased/notall/inp/dynamic/2e-06/64/10000/model_1
12/08/2025 08:37:32 - INFO - __main__ - ==================================================10/80==================================================
12/08/2025 08:37:34 - INFO - __main__ - Got result: {
    "path": "./models/bert-base-cased/notall/inp/dynamic/2e-06/64/10000/model_1",
    "gender": {
        "dev": {
            "ss": 0.7115384615384616,
            "lms": 0.7980769230769231,
            "icat": 0.4604289940828402
        },
        "test": {
            "ss": 0.5384615384615384,
            "lms": 0.75,
            "icat": 0.6923076923076923
        },
        "dev_count": 156,
        "test_count": 156
    },
    "profession": {
        "dev": {
            "ss": 0.576271186440678,
            "lms": 0.7768361581920904,
            "icat": 0.6583357272814325
        },
        "test": {
            "ss": 0.6214689265536724,
            "lms": 0.7259887005649718,
            "icat": 0.5496185642695266
        },
        "dev_count": 531,
        "test_count": 531
    },
    "race": {
        "dev": {
            "ss": 0.4260869565217391,
            "lms": 0.7913043478260869,
            "icat": 0.6743289224952741
        },
        "test": {
            "ss": 0.45454545454545453,
            "lms": 0.7489177489177489,
            "icat": 0.6808343171979535
        },
        "dev_count": 690,
        "test_count": 693
    },
    "religion": {
        "dev": {
            "ss": 0.7333333333333333,
            "lms": 0.7666666666666667,
            "icat": 0.40888888888888897
        },
        "test": {
            "ss": 0.5625,
            "lms": 0.78125,
            "icat": 0.68359375
        },
        "dev_count": 45,
        "test_count": 48
    }
}
12/08/2025 08:37:34 - INFO - __main__ - ====================================================================================================
12/08/2025 08:37:34 - INFO - __main__ - Evaluating model at ./models/bert-base-cased/notall/inp/dynamic/2e-06/64/10000/model_9
12/08/2025 08:37:34 - INFO - __main__ - ==================================================11/80==================================================
12/08/2025 08:37:37 - INFO - __main__ - Got result: {
    "path": "./models/bert-base-cased/notall/inp/dynamic/2e-06/64/10000/model_9",
    "gender": {
        "dev": {
            "ss": 0.6923076923076923,
            "lms": 0.7884615384615384,
            "icat": 0.485207100591716
        },
        "test": {
            "ss": 0.5384615384615384,
            "lms": 0.7692307692307693,
            "icat": 0.7100591715976332
        },
        "dev_count": 156,
        "test_count": 156
    },
    "profession": {
        "dev": {
            "ss": 0.5649717514124294,
            "lms": 0.731638418079096,
            "icat": 0.6365667592326598
        },
        "test": {
            "ss": 0.615819209039548,
            "lms": 0.6779661016949152,
            "icat": 0.5209231063870535
        },
        "dev_count": 531,
        "test_count": 531
    },
    "race": {
        "dev": {
            "ss": 0.41739130434782606,
            "lms": 0.7760869565217391,
            "icat": 0.6478638941398865
        },
        "test": {
            "ss": 0.4675324675324675,
            "lms": 0.7121212121212122,
            "icat": 0.6658795749704841
        },
        "dev_count": 690,
        "test_count": 693
    },
    "religion": {
        "dev": {
            "ss": 0.8,
            "lms": 0.7333333333333333,
            "icat": 0.2933333333333332
        },
        "test": {
            "ss": 0.5625,
            "lms": 0.8125,
            "icat": 0.7109375
        },
        "dev_count": 45,
        "test_count": 48
    }
}
12/08/2025 08:37:37 - INFO - __main__ - ====================================================================================================
12/08/2025 08:37:37 - INFO - __main__ - Evaluating model at ./models/bert-base-cased/notall/inp/dynamic/2e-06/64/10000/model_11
12/08/2025 08:37:37 - INFO - __main__ - ==================================================12/80==================================================
12/08/2025 08:37:42 - INFO - __main__ - Got result: {
    "path": "./models/bert-base-cased/notall/inp/dynamic/2e-06/64/10000/model_11",
    "gender": {
        "dev": {
            "ss": 0.6730769230769231,
            "lms": 0.7788461538461539,
            "icat": 0.5092455621301775
        },
        "test": {
            "ss": 0.5384615384615384,
            "lms": 0.7692307692307693,
            "icat": 0.7100591715976332
        },
        "dev_count": 156,
        "test_count": 156
    },
    "profession": {
        "dev": {
            "ss": 0.576271186440678,
            "lms": 0.731638418079096,
            "icat": 0.6200325576941491
        },
        "test": {
            "ss": 0.6214689265536724,
            "lms": 0.6751412429378532,
            "icat": 0.5111238788343069
        },
        "dev_count": 531,
        "test_count": 531
    },
    "race": {
        "dev": {
            "ss": 0.41304347826086957,
            "lms": 0.7673913043478261,
            "icat": 0.6339319470699433
        },
        "test": {
            "ss": 0.4588744588744589,
            "lms": 0.7121212121212122,
            "icat": 0.65354847173029
        },
        "dev_count": 690,
        "test_count": 693
    },
    "religion": {
        "dev": {
            "ss": 0.8,
            "lms": 0.7333333333333333,
            "icat": 0.2933333333333332
        },
        "test": {
            "ss": 0.5625,
            "lms": 0.8125,
            "icat": 0.7109375
        },
        "dev_count": 45,
        "test_count": 48
    }
}
12/08/2025 08:37:42 - INFO - __main__ - ====================================================================================================
12/08/2025 08:37:42 - INFO - __main__ - Evaluating model at ./models/bert-base-cased/notall/inp/dynamic/2e-06/64/10000/model_13
12/08/2025 08:37:42 - INFO - __main__ - ==================================================13/80==================================================
12/08/2025 08:37:45 - INFO - __main__ - Got result: {
    "path": "./models/bert-base-cased/notall/inp/dynamic/2e-06/64/10000/model_13",
    "gender": {
        "dev": {
            "ss": 0.6730769230769231,
            "lms": 0.7692307692307693,
            "icat": 0.5029585798816567
        },
        "test": {
            "ss": 0.5384615384615384,
            "lms": 0.7692307692307693,
            "icat": 0.7100591715976332
        },
        "dev_count": 156,
        "test_count": 156
    },
    "profession": {
        "dev": {
            "ss": 0.576271186440678,
            "lms": 0.7231638418079096,
            "icat": 0.6128507133965335
        },
        "test": {
            "ss": 0.6101694915254238,
            "lms": 0.6666666666666666,
            "icat": 0.5197740112994349
        },
        "dev_count": 531,
        "test_count": 531
    },
    "race": {
        "dev": {
            "ss": 0.4043478260869565,
            "lms": 0.7673913043478261,
            "icat": 0.620586011342155
        },
        "test": {
            "ss": 0.45454545454545453,
            "lms": 0.7077922077922078,
            "icat": 0.6434474616292798
        },
        "dev_count": 690,
        "test_count": 693
    },
    "religion": {
        "dev": {
            "ss": 0.8,
            "lms": 0.7333333333333333,
            "icat": 0.2933333333333332
        },
        "test": {
            "ss": 0.5625,
            "lms": 0.8125,
            "icat": 0.7109375
        },
        "dev_count": 45,
        "test_count": 48
    }
}
12/08/2025 08:37:45 - INFO - __main__ - ====================================================================================================
12/08/2025 08:37:45 - INFO - __main__ - Evaluating model at ./models/bert-base-cased/notall/inp/dynamic/2e-06/64/10000/model_2
12/08/2025 08:37:45 - INFO - __main__ - ==================================================14/80==================================================
12/08/2025 08:37:48 - INFO - __main__ - Got result: {
    "path": "./models/bert-base-cased/notall/inp/dynamic/2e-06/64/10000/model_2",
    "gender": {
        "dev": {
            "ss": 0.6923076923076923,
            "lms": 0.7980769230769231,
            "icat": 0.49112426035502965
        },
        "test": {
            "ss": 0.5384615384615384,
            "lms": 0.7692307692307693,
            "icat": 0.7100591715976332
        },
        "dev_count": 156,
        "test_count": 156
    },
    "profession": {
        "dev": {
            "ss": 0.576271186440678,
            "lms": 0.7711864406779662,
            "icat": 0.6535478310830222
        },
        "test": {
            "ss": 0.615819209039548,
            "lms": 0.7090395480225988,
            "icat": 0.5447987487631268
        },
        "dev_count": 531,
        "test_count": 531
    },
    "race": {
        "dev": {
            "ss": 0.4043478260869565,
            "lms": 0.7913043478260869,
            "icat": 0.6399243856332703
        },
        "test": {
            "ss": 0.45021645021645024,
            "lms": 0.7402597402597403,
            "icat": 0.6665542249957835
        },
        "dev_count": 690,
        "test_count": 693
    },
    "religion": {
        "dev": {
            "ss": 0.7333333333333333,
            "lms": 0.8,
            "icat": 0.42666666666666675
        },
        "test": {
            "ss": 0.5625,
            "lms": 0.78125,
            "icat": 0.68359375
        },
        "dev_count": 45,
        "test_count": 48
    }
}
12/08/2025 08:37:48 - INFO - __main__ - ====================================================================================================
12/08/2025 08:37:48 - INFO - __main__ - Evaluating model at ./models/bert-base-cased/notall/inp/dynamic/2e-06/64/10000/model_12
12/08/2025 08:37:48 - INFO - __main__ - ==================================================15/80==================================================
12/08/2025 08:37:52 - INFO - __main__ - Got result: {
    "path": "./models/bert-base-cased/notall/inp/dynamic/2e-06/64/10000/model_12",
    "gender": {
        "dev": {
            "ss": 0.6730769230769231,
            "lms": 0.7692307692307693,
            "icat": 0.5029585798816567
        },
        "test": {
            "ss": 0.5384615384615384,
            "lms": 0.7692307692307693,
            "icat": 0.7100591715976332
        },
        "dev_count": 156,
        "test_count": 156
    },
    "profession": {
        "dev": {
            "ss": 0.576271186440678,
            "lms": 0.7259887005649718,
            "icat": 0.6152446614957388
        },
        "test": {
            "ss": 0.615819209039548,
            "lms": 0.6694915254237288,
            "icat": 0.5144115675572154
        },
        "dev_count": 531,
        "test_count": 531
    },
    "race": {
        "dev": {
            "ss": 0.40869565217391307,
            "lms": 0.7673913043478261,
            "icat": 0.6272589792060492
        },
        "test": {
            "ss": 0.45454545454545453,
            "lms": 0.70995670995671,
            "icat": 0.6454151908697363
        },
        "dev_count": 690,
        "test_count": 693
    },
    "religion": {
        "dev": {
            "ss": 0.8,
            "lms": 0.7333333333333333,
            "icat": 0.2933333333333332
        },
        "test": {
            "ss": 0.5625,
            "lms": 0.8125,
            "icat": 0.7109375
        },
        "dev_count": 45,
        "test_count": 48
    }
}
12/08/2025 08:37:52 - INFO - __main__ - ====================================================================================================
12/08/2025 08:37:52 - INFO - __main__ - Evaluating model at ./models/bert-base-cased/notall/inp/dynamic/2e-06/64/22000/model_7
12/08/2025 08:37:52 - INFO - __main__ - ==================================================16/80==================================================
12/08/2025 08:37:55 - INFO - __main__ - Got result: {
    "path": "./models/bert-base-cased/notall/inp/dynamic/2e-06/64/22000/model_7",
    "gender": {
        "dev": {
            "ss": 0.6730769230769231,
            "lms": 0.7596153846153846,
            "icat": 0.496671597633136
        },
        "test": {
            "ss": 0.5384615384615384,
            "lms": 0.75,
            "icat": 0.6923076923076923
        },
        "dev_count": 156,
        "test_count": 156
    },
    "profession": {
        "dev": {
            "ss": 0.5875706214689266,
            "lms": 0.7372881355932204,
            "icat": 0.6081585751220914
        },
        "test": {
            "ss": 0.6101694915254238,
            "lms": 0.6836158192090396,
            "icat": 0.5329886048070478
        },
        "dev_count": 531,
        "test_count": 531
    },
    "race": {
        "dev": {
            "ss": 0.41304347826086957,
            "lms": 0.75,
            "icat": 0.6195652173913043
        },
        "test": {
            "ss": 0.45454545454545453,
            "lms": 0.7077922077922078,
            "icat": 0.6434474616292798
        },
        "dev_count": 690,
        "test_count": 693
    },
    "religion": {
        "dev": {
            "ss": 0.7333333333333333,
            "lms": 0.7333333333333333,
            "icat": 0.3911111111111112
        },
        "test": {
            "ss": 0.5625,
            "lms": 0.78125,
            "icat": 0.68359375
        },
        "dev_count": 45,
        "test_count": 48
    }
}
12/08/2025 08:37:55 - INFO - __main__ - ====================================================================================================
12/08/2025 08:37:55 - INFO - __main__ - Evaluating model at ./models/bert-base-cased/notall/inp/dynamic/2e-06/64/22000/model_6
12/08/2025 08:37:55 - INFO - __main__ - ==================================================17/80==================================================
12/08/2025 08:38:01 - INFO - __main__ - Got result: {
    "path": "./models/bert-base-cased/notall/inp/dynamic/2e-06/64/22000/model_6",
    "gender": {
        "dev": {
            "ss": 0.6730769230769231,
            "lms": 0.7596153846153846,
            "icat": 0.496671597633136
        },
        "test": {
            "ss": 0.5384615384615384,
            "lms": 0.75,
            "icat": 0.6923076923076923
        },
        "dev_count": 156,
        "test_count": 156
    },
    "profession": {
        "dev": {
            "ss": 0.5988700564971752,
            "lms": 0.7429378531073446,
            "icat": 0.5960292380861182
        },
        "test": {
            "ss": 0.6101694915254238,
            "lms": 0.6836158192090396,
            "icat": 0.5329886048070478
        },
        "dev_count": 531,
        "test_count": 531
    },
    "race": {
        "dev": {
            "ss": 0.40869565217391307,
            "lms": 0.7521739130434782,
            "icat": 0.614820415879017
        },
        "test": {
            "ss": 0.45454545454545453,
            "lms": 0.7077922077922078,
            "icat": 0.6434474616292798
        },
        "dev_count": 690,
        "test_count": 693
    },
    "religion": {
        "dev": {
            "ss": 0.7333333333333333,
            "lms": 0.7333333333333333,
            "icat": 0.3911111111111112
        },
        "test": {
            "ss": 0.5625,
            "lms": 0.78125,
            "icat": 0.68359375
        },
        "dev_count": 45,
        "test_count": 48
    }
}
12/08/2025 08:38:01 - INFO - __main__ - ====================================================================================================
12/08/2025 08:38:01 - INFO - __main__ - Evaluating model at ./models/bert-base-cased/notall/inp/dynamic/2e-06/64/22000/model_3
12/08/2025 08:38:01 - INFO - __main__ - ==================================================18/80==================================================
12/08/2025 08:38:04 - INFO - __main__ - Got result: {
    "path": "./models/bert-base-cased/notall/inp/dynamic/2e-06/64/22000/model_3",
    "gender": {
        "dev": {
            "ss": 0.6923076923076923,
            "lms": 0.75,
            "icat": 0.46153846153846156
        },
        "test": {
            "ss": 0.5192307692307693,
            "lms": 0.7403846153846154,
            "icat": 0.7119082840236686
        },
        "dev_count": 156,
        "test_count": 156
    },
    "profession": {
        "dev": {
            "ss": 0.6045197740112994,
            "lms": 0.748587570621469,
            "icat": 0.5921031632034218
        },
        "test": {
            "ss": 0.615819209039548,
            "lms": 0.7005649717514124,
            "icat": 0.5382872099332886
        },
        "dev_count": 531,
        "test_count": 531
    },
    "race": {
        "dev": {
            "ss": 0.41304347826086957,
            "lms": 0.7760869565217391,
            "icat": 0.6411153119092627
        },
        "test": {
            "ss": 0.4588744588744589,
            "lms": 0.7207792207792207,
            "icat": 0.661494349806038
        },
        "dev_count": 690,
        "test_count": 693
    },
    "religion": {
        "dev": {
            "ss": 0.7333333333333333,
            "lms": 0.7333333333333333,
            "icat": 0.3911111111111112
        },
        "test": {
            "ss": 0.5625,
            "lms": 0.71875,
            "icat": 0.62890625
        },
        "dev_count": 45,
        "test_count": 48
    }
}
12/08/2025 08:38:04 - INFO - __main__ - ====================================================================================================
12/08/2025 08:38:04 - INFO - __main__ - Evaluating model at ./models/bert-base-cased/notall/inp/dynamic/2e-06/64/22000/model_8
12/08/2025 08:38:04 - INFO - __main__ - ==================================================19/80==================================================
12/08/2025 08:38:09 - INFO - __main__ - Got result: {
    "path": "./models/bert-base-cased/notall/inp/dynamic/2e-06/64/22000/model_8",
    "gender": {
        "dev": {
            "ss": 0.6730769230769231,
            "lms": 0.7692307692307693,
            "icat": 0.5029585798816567
        },
        "test": {
            "ss": 0.5384615384615384,
            "lms": 0.75,
            "icat": 0.6923076923076923
        },
        "dev_count": 156,
        "test_count": 156
    },
    "profession": {
        "dev": {
            "ss": 0.5988700564971752,
            "lms": 0.731638418079096,
            "icat": 0.5869641546171278
        },
        "test": {
            "ss": 0.6101694915254238,
            "lms": 0.6836158192090396,
            "icat": 0.5329886048070478
        },
        "dev_count": 531,
        "test_count": 531
    },
    "race": {
        "dev": {
            "ss": 0.41739130434782606,
            "lms": 0.75,
            "icat": 0.6260869565217391
        },
        "test": {
            "ss": 0.45454545454545453,
            "lms": 0.7077922077922078,
            "icat": 0.6434474616292798
        },
        "dev_count": 690,
        "test_count": 693
    },
    "religion": {
        "dev": {
            "ss": 0.7333333333333333,
            "lms": 0.7333333333333333,
            "icat": 0.3911111111111112
        },
        "test": {
            "ss": 0.5625,
            "lms": 0.78125,
            "icat": 0.68359375
        },
        "dev_count": 45,
        "test_count": 48
    }
}
12/08/2025 08:38:09 - INFO - __main__ - ====================================================================================================
12/08/2025 08:38:09 - INFO - __main__ - Evaluating model at ./models/bert-base-cased/notall/inp/dynamic/2e-06/64/22000/model_14
12/08/2025 08:38:09 - INFO - __main__ - ==================================================20/80==================================================
12/08/2025 08:38:13 - INFO - __main__ - Got result: {
    "path": "./models/bert-base-cased/notall/inp/dynamic/2e-06/64/22000/model_14",
    "gender": {
        "dev": {
            "ss": 0.6730769230769231,
            "lms": 0.7596153846153846,
            "icat": 0.496671597633136
        },
        "test": {
            "ss": 0.5384615384615384,
            "lms": 0.7596153846153846,
            "icat": 0.7011834319526628
        },
        "dev_count": 156,
        "test_count": 156
    },
    "profession": {
        "dev": {
            "ss": 0.5819209039548022,
            "lms": 0.7146892655367232,
            "icat": 0.597593284177599
        },
        "test": {
            "ss": 0.615819209039548,
            "lms": 0.6440677966101694,
            "icat": 0.49487695106770085
        },
        "dev_count": 531,
        "test_count": 531
    },
    "race": {
        "dev": {
            "ss": 0.4043478260869565,
            "lms": 0.7347826086956522,
            "icat": 0.5942155009451796
        },
        "test": {
            "ss": 0.44155844155844154,
            "lms": 0.6753246753246753,
            "icat": 0.5963906223646483
        },
        "dev_count": 690,
        "test_count": 693
    },
    "religion": {
        "dev": {
            "ss": 0.7333333333333333,
            "lms": 0.7333333333333333,
            "icat": 0.3911111111111112
        },
        "test": {
            "ss": 0.5625,
            "lms": 0.8125,
            "icat": 0.7109375
        },
        "dev_count": 45,
        "test_count": 48
    }
}
12/08/2025 08:38:13 - INFO - __main__ - ====================================================================================================
12/08/2025 08:38:13 - INFO - __main__ - Evaluating model at ./models/bert-base-cased/notall/inp/dynamic/2e-06/64/22000/model_15
12/08/2025 08:38:13 - INFO - __main__ - ==================================================21/80==================================================
12/08/2025 08:38:18 - INFO - __main__ - Got result: {
    "path": "./models/bert-base-cased/notall/inp/dynamic/2e-06/64/22000/model_15",
    "gender": {
        "dev": {
            "ss": 0.6730769230769231,
            "lms": 0.7596153846153846,
            "icat": 0.496671597633136
        },
        "test": {
            "ss": 0.5384615384615384,
            "lms": 0.7596153846153846,
            "icat": 0.7011834319526628
        },
        "dev_count": 156,
        "test_count": 156
    },
    "profession": {
        "dev": {
            "ss": 0.5819209039548022,
            "lms": 0.711864406779661,
            "icat": 0.5952312553863832
        },
        "test": {
            "ss": 0.615819209039548,
            "lms": 0.6440677966101694,
            "icat": 0.49487695106770085
        },
        "dev_count": 531,
        "test_count": 531
    },
    "race": {
        "dev": {
            "ss": 0.4043478260869565,
            "lms": 0.7347826086956522,
            "icat": 0.5942155009451796
        },
        "test": {
            "ss": 0.44155844155844154,
            "lms": 0.6731601731601732,
            "icat": 0.5944791139596335
        },
        "dev_count": 690,
        "test_count": 693
    },
    "religion": {
        "dev": {
            "ss": 0.7333333333333333,
            "lms": 0.7333333333333333,
            "icat": 0.3911111111111112
        },
        "test": {
            "ss": 0.5625,
            "lms": 0.8125,
            "icat": 0.7109375
        },
        "dev_count": 45,
        "test_count": 48
    }
}
12/08/2025 08:38:18 - INFO - __main__ - ====================================================================================================
12/08/2025 08:38:18 - INFO - __main__ - Evaluating model at ./models/bert-base-cased/notall/inp/dynamic/2e-06/64/22000/model_5
12/08/2025 08:38:18 - INFO - __main__ - ==================================================22/80==================================================
12/08/2025 08:38:23 - INFO - __main__ - Got result: {
    "path": "./models/bert-base-cased/notall/inp/dynamic/2e-06/64/22000/model_5",
    "gender": {
        "dev": {
            "ss": 0.6923076923076923,
            "lms": 0.75,
            "icat": 0.46153846153846156
        },
        "test": {
            "ss": 0.5384615384615384,
            "lms": 0.75,
            "icat": 0.6923076923076923
        },
        "dev_count": 156,
        "test_count": 156
    },
    "profession": {
        "dev": {
            "ss": 0.5932203389830508,
            "lms": 0.7429378531073446,
            "icat": 0.6044240160873312
        },
        "test": {
            "ss": 0.615819209039548,
            "lms": 0.6864406779661016,
            "icat": 0.5274346452168917
        },
        "dev_count": 531,
        "test_count": 531
    },
    "race": {
        "dev": {
            "ss": 0.40869565217391307,
            "lms": 0.758695652173913,
            "icat": 0.6201512287334594
        },
        "test": {
            "ss": 0.45454545454545453,
            "lms": 0.70995670995671,
            "icat": 0.6454151908697363
        },
        "dev_count": 690,
        "test_count": 693
    },
    "religion": {
        "dev": {
            "ss": 0.7333333333333333,
            "lms": 0.7333333333333333,
            "icat": 0.3911111111111112
        },
        "test": {
            "ss": 0.5625,
            "lms": 0.75,
            "icat": 0.65625
        },
        "dev_count": 45,
        "test_count": 48
    }
}
12/08/2025 08:38:23 - INFO - __main__ - ====================================================================================================
12/08/2025 08:38:23 - INFO - __main__ - Evaluating model at ./models/bert-base-cased/notall/inp/dynamic/2e-06/64/22000/model_4
12/08/2025 08:38:23 - INFO - __main__ - ==================================================23/80==================================================
12/08/2025 08:38:29 - INFO - __main__ - Got result: {
    "path": "./models/bert-base-cased/notall/inp/dynamic/2e-06/64/22000/model_4",
    "gender": {
        "dev": {
            "ss": 0.6923076923076923,
            "lms": 0.75,
            "icat": 0.46153846153846156
        },
        "test": {
            "ss": 0.5384615384615384,
            "lms": 0.7403846153846154,
            "icat": 0.6834319526627219
        },
        "dev_count": 156,
        "test_count": 156
    },
    "profession": {
        "dev": {
            "ss": 0.5988700564971752,
            "lms": 0.7401129943502824,
            "icat": 0.5937629672188706
        },
        "test": {
            "ss": 0.615819209039548,
            "lms": 0.6892655367231638,
            "icat": 0.5296051581601711
        },
        "dev_count": 531,
        "test_count": 531
    },
    "race": {
        "dev": {
            "ss": 0.40869565217391307,
            "lms": 0.7717391304347826,
            "icat": 0.630812854442344
        },
        "test": {
            "ss": 0.4588744588744589,
            "lms": 0.7121212121212122,
            "icat": 0.65354847173029
        },
        "dev_count": 690,
        "test_count": 693
    },
    "religion": {
        "dev": {
            "ss": 0.7333333333333333,
            "lms": 0.7333333333333333,
            "icat": 0.3911111111111112
        },
        "test": {
            "ss": 0.5625,
            "lms": 0.75,
            "icat": 0.65625
        },
        "dev_count": 45,
        "test_count": 48
    }
}
12/08/2025 08:38:29 - INFO - __main__ - ====================================================================================================
12/08/2025 08:38:29 - INFO - __main__ - Evaluating model at ./models/bert-base-cased/notall/inp/dynamic/2e-06/64/22000/model_10
12/08/2025 08:38:29 - INFO - __main__ - ==================================================24/80==================================================
12/08/2025 08:38:32 - INFO - __main__ - Got result: {
    "path": "./models/bert-base-cased/notall/inp/dynamic/2e-06/64/22000/model_10",
    "gender": {
        "dev": {
            "ss": 0.6730769230769231,
            "lms": 0.7692307692307693,
            "icat": 0.5029585798816567
        },
        "test": {
            "ss": 0.5384615384615384,
            "lms": 0.7596153846153846,
            "icat": 0.7011834319526628
        },
        "dev_count": 156,
        "test_count": 156
    },
    "profession": {
        "dev": {
            "ss": 0.5875706214689266,
            "lms": 0.7259887005649718,
            "icat": 0.5988381371891858
        },
        "test": {
            "ss": 0.615819209039548,
            "lms": 0.6666666666666666,
            "icat": 0.512241054613936
        },
        "dev_count": 531,
        "test_count": 531
    },
    "race": {
        "dev": {
            "ss": 0.41304347826086957,
            "lms": 0.7456521739130435,
            "icat": 0.6159735349716446
        },
        "test": {
            "ss": 0.45021645021645024,
            "lms": 0.6948051948051948,
            "icat": 0.6256254567942879
        },
        "dev_count": 690,
        "test_count": 693
    },
    "religion": {
        "dev": {
            "ss": 0.8,
            "lms": 0.7333333333333333,
            "icat": 0.2933333333333332
        },
        "test": {
            "ss": 0.5625,
            "lms": 0.78125,
            "icat": 0.68359375
        },
        "dev_count": 45,
        "test_count": 48
    }
}
12/08/2025 08:38:32 - INFO - __main__ - ====================================================================================================
12/08/2025 08:38:32 - INFO - __main__ - Evaluating model at ./models/bert-base-cased/notall/inp/dynamic/2e-06/64/22000/model_1
12/08/2025 08:38:32 - INFO - __main__ - ==================================================25/80==================================================
12/08/2025 08:38:37 - INFO - __main__ - Got result: {
    "path": "./models/bert-base-cased/notall/inp/dynamic/2e-06/64/22000/model_1",
    "gender": {
        "dev": {
            "ss": 0.7115384615384616,
            "lms": 0.7788461538461539,
            "icat": 0.44933431952662717
        },
        "test": {
            "ss": 0.5384615384615384,
            "lms": 0.75,
            "icat": 0.6923076923076923
        },
        "dev_count": 156,
        "test_count": 156
    },
    "profession": {
        "dev": {
            "ss": 0.5819209039548022,
            "lms": 0.7711864406779662,
            "icat": 0.6448338600019152
        },
        "test": {
            "ss": 0.632768361581921,
            "lms": 0.7090395480225988,
            "icat": 0.5207635098471064
        },
        "dev_count": 531,
        "test_count": 531
    },
    "race": {
        "dev": {
            "ss": 0.40869565217391307,
            "lms": 0.7804347826086957,
            "icat": 0.637920604914934
        },
        "test": {
            "ss": 0.45021645021645024,
            "lms": 0.7316017316017316,
            "icat": 0.6587582691478796
        },
        "dev_count": 690,
        "test_count": 693
    },
    "religion": {
        "dev": {
            "ss": 0.7333333333333333,
            "lms": 0.7666666666666667,
            "icat": 0.40888888888888897
        },
        "test": {
            "ss": 0.5625,
            "lms": 0.71875,
            "icat": 0.62890625
        },
        "dev_count": 45,
        "test_count": 48
    }
}
12/08/2025 08:38:37 - INFO - __main__ - ====================================================================================================
12/08/2025 08:38:37 - INFO - __main__ - Evaluating model at ./models/bert-base-cased/notall/inp/dynamic/2e-06/64/22000/model_9
12/08/2025 08:38:37 - INFO - __main__ - ==================================================26/80==================================================
12/08/2025 08:38:40 - INFO - __main__ - Got result: {
    "path": "./models/bert-base-cased/notall/inp/dynamic/2e-06/64/22000/model_9",
    "gender": {
        "dev": {
            "ss": 0.6730769230769231,
            "lms": 0.7692307692307693,
            "icat": 0.5029585798816567
        },
        "test": {
            "ss": 0.5384615384615384,
            "lms": 0.7596153846153846,
            "icat": 0.7011834319526628
        },
        "dev_count": 156,
        "test_count": 156
    },
    "profession": {
        "dev": {
            "ss": 0.5932203389830508,
            "lms": 0.7288135593220338,
            "icat": 0.5929330652111462
        },
        "test": {
            "ss": 0.615819209039548,
            "lms": 0.672316384180791,
            "icat": 0.5165820805004948
        },
        "dev_count": 531,
        "test_count": 531
    },
    "race": {
        "dev": {
            "ss": 0.40869565217391307,
            "lms": 0.7478260869565218,
            "icat": 0.6112665406427221
        },
        "test": {
            "ss": 0.45021645021645024,
            "lms": 0.7012987012987013,
            "icat": 0.6314724236802159
        },
        "dev_count": 690,
        "test_count": 693
    },
    "religion": {
        "dev": {
            "ss": 0.7333333333333333,
            "lms": 0.7333333333333333,
            "icat": 0.3911111111111112
        },
        "test": {
            "ss": 0.5625,
            "lms": 0.78125,
            "icat": 0.68359375
        },
        "dev_count": 45,
        "test_count": 48
    }
}
12/08/2025 08:38:40 - INFO - __main__ - ====================================================================================================
12/08/2025 08:38:40 - INFO - __main__ - Evaluating model at ./models/bert-base-cased/notall/inp/dynamic/2e-06/64/22000/model_11
12/08/2025 08:38:40 - INFO - __main__ - ==================================================27/80==================================================
12/08/2025 08:38:46 - INFO - __main__ - Got result: {
    "path": "./models/bert-base-cased/notall/inp/dynamic/2e-06/64/22000/model_11",
    "gender": {
        "dev": {
            "ss": 0.6730769230769231,
            "lms": 0.7596153846153846,
            "icat": 0.496671597633136
        },
        "test": {
            "ss": 0.5384615384615384,
            "lms": 0.7596153846153846,
            "icat": 0.7011834319526628
        },
        "dev_count": 156,
        "test_count": 156
    },
    "profession": {
        "dev": {
            "ss": 0.5875706214689266,
            "lms": 0.7231638418079096,
            "icat": 0.5965080277059593
        },
        "test": {
            "ss": 0.615819209039548,
            "lms": 0.6638418079096046,
            "icat": 0.5100705416706567
        },
        "dev_count": 531,
        "test_count": 531
    },
    "race": {
        "dev": {
            "ss": 0.40869565217391307,
            "lms": 0.7434782608695653,
            "icat": 0.6077126654064273
        },
        "test": {
            "ss": 0.45021645021645024,
            "lms": 0.6904761904761905,
            "icat": 0.6217274788703361
        },
        "dev_count": 690,
        "test_count": 693
    },
    "religion": {
        "dev": {
            "ss": 0.8,
            "lms": 0.7333333333333333,
            "icat": 0.2933333333333332
        },
        "test": {
            "ss": 0.5625,
            "lms": 0.78125,
            "icat": 0.68359375
        },
        "dev_count": 45,
        "test_count": 48
    }
}
12/08/2025 08:38:46 - INFO - __main__ - ====================================================================================================
12/08/2025 08:38:46 - INFO - __main__ - Evaluating model at ./models/bert-base-cased/notall/inp/dynamic/2e-06/64/22000/model_13
12/08/2025 08:38:46 - INFO - __main__ - ==================================================28/80==================================================
12/08/2025 08:38:51 - INFO - __main__ - Got result: {
    "path": "./models/bert-base-cased/notall/inp/dynamic/2e-06/64/22000/model_13",
    "gender": {
        "dev": {
            "ss": 0.6730769230769231,
            "lms": 0.7596153846153846,
            "icat": 0.496671597633136
        },
        "test": {
            "ss": 0.5384615384615384,
            "lms": 0.7596153846153846,
            "icat": 0.7011834319526628
        },
        "dev_count": 156,
        "test_count": 156
    },
    "profession": {
        "dev": {
            "ss": 0.5819209039548022,
            "lms": 0.7203389830508474,
            "icat": 0.6023173417600307
        },
        "test": {
            "ss": 0.6101694915254238,
            "lms": 0.6497175141242938,
            "icat": 0.5065594177918222
        },
        "dev_count": 531,
        "test_count": 531
    },
    "race": {
        "dev": {
            "ss": 0.40869565217391307,
            "lms": 0.7347826086956522,
            "icat": 0.6006049149338375
        },
        "test": {
            "ss": 0.44155844155844154,
            "lms": 0.6796536796536796,
            "icat": 0.6002136391746781
        },
        "dev_count": 690,
        "test_count": 693
    },
    "religion": {
        "dev": {
            "ss": 0.7333333333333333,
            "lms": 0.7333333333333333,
            "icat": 0.3911111111111112
        },
        "test": {
            "ss": 0.5625,
            "lms": 0.8125,
            "icat": 0.7109375
        },
        "dev_count": 45,
        "test_count": 48
    }
}
12/08/2025 08:38:51 - INFO - __main__ - ====================================================================================================
12/08/2025 08:38:51 - INFO - __main__ - Evaluating model at ./models/bert-base-cased/notall/inp/dynamic/2e-06/64/22000/model_2
12/08/2025 08:38:51 - INFO - __main__ - ==================================================29/80==================================================
12/08/2025 08:38:54 - INFO - __main__ - Got result: {
    "path": "./models/bert-base-cased/notall/inp/dynamic/2e-06/64/22000/model_2",
    "gender": {
        "dev": {
            "ss": 0.6923076923076923,
            "lms": 0.75,
            "icat": 0.46153846153846156
        },
        "test": {
            "ss": 0.5384615384615384,
            "lms": 0.7596153846153846,
            "icat": 0.7011834319526628
        },
        "dev_count": 156,
        "test_count": 156
    },
    "profession": {
        "dev": {
            "ss": 0.5988700564971752,
            "lms": 0.7542372881355932,
            "icat": 0.6050943215551087
        },
        "test": {
            "ss": 0.632768361581921,
            "lms": 0.6977401129943502,
            "icat": 0.5124644897698617
        },
        "dev_count": 531,
        "test_count": 531
    },
    "race": {
        "dev": {
            "ss": 0.40869565217391307,
            "lms": 0.7782608695652173,
            "icat": 0.6361436672967864
        },
        "test": {
            "ss": 0.4458874458874459,
            "lms": 0.7316017316017316,
            "icat": 0.6524240550214576
        },
        "dev_count": 690,
        "test_count": 693
    },
    "religion": {
        "dev": {
            "ss": 0.7333333333333333,
            "lms": 0.7333333333333333,
            "icat": 0.3911111111111112
        },
        "test": {
            "ss": 0.5625,
            "lms": 0.71875,
            "icat": 0.62890625
        },
        "dev_count": 45,
        "test_count": 48
    }
}
12/08/2025 08:38:54 - INFO - __main__ - ====================================================================================================
12/08/2025 08:38:54 - INFO - __main__ - Evaluating model at ./models/bert-base-cased/notall/inp/dynamic/2e-06/64/22000/model_12
12/08/2025 08:38:54 - INFO - __main__ - ==================================================30/80==================================================
12/08/2025 08:38:57 - INFO - __main__ - Got result: {
    "path": "./models/bert-base-cased/notall/inp/dynamic/2e-06/64/22000/model_12",
    "gender": {
        "dev": {
            "ss": 0.6730769230769231,
            "lms": 0.7596153846153846,
            "icat": 0.496671597633136
        },
        "test": {
            "ss": 0.5384615384615384,
            "lms": 0.7596153846153846,
            "icat": 0.7011834319526628
        },
        "dev_count": 156,
        "test_count": 156
    },
    "profession": {
        "dev": {
            "ss": 0.5819209039548022,
            "lms": 0.7231638418079096,
            "icat": 0.6046793705512465
        },
        "test": {
            "ss": 0.6101694915254238,
            "lms": 0.6581920903954802,
            "icat": 0.5131667145456286
        },
        "dev_count": 531,
        "test_count": 531
    },
    "race": {
        "dev": {
            "ss": 0.41304347826086957,
            "lms": 0.7326086956521739,
            "icat": 0.6051984877126654
        },
        "test": {
            "ss": 0.44155844155844154,
            "lms": 0.6861471861471862,
            "icat": 0.6059481643897229
        },
        "dev_count": 690,
        "test_count": 693
    },
    "religion": {
        "dev": {
            "ss": 0.7333333333333333,
            "lms": 0.7333333333333333,
            "icat": 0.3911111111111112
        },
        "test": {
            "ss": 0.5625,
            "lms": 0.8125,
            "icat": 0.7109375
        },
        "dev_count": 45,
        "test_count": 48
    }
}
12/08/2025 08:38:57 - INFO - __main__ - ====================================================================================================
12/08/2025 08:38:57 - INFO - __main__ - Evaluating model at ./models/bert-base-cased/notall/inp/dynamic/2e-06/64/15000/model_7
12/08/2025 08:38:57 - INFO - __main__ - ==================================================31/80==================================================
12/08/2025 08:39:00 - INFO - __main__ - Got result: {
    "path": "./models/bert-base-cased/notall/inp/dynamic/2e-06/64/15000/model_7",
    "gender": {
        "dev": {
            "ss": 0.6730769230769231,
            "lms": 0.7884615384615384,
            "icat": 0.5155325443786981
        },
        "test": {
            "ss": 0.5769230769230769,
            "lms": 0.7692307692307693,
            "icat": 0.6508875739644971
        },
        "dev_count": 156,
        "test_count": 156
    },
    "profession": {
        "dev": {
            "ss": 0.6101694915254238,
            "lms": 0.7570621468926554,
            "icat": 0.5902518433400363
        },
        "test": {
            "ss": 0.6101694915254238,
            "lms": 0.7062146892655368,
            "icat": 0.5506080628171981
        },
        "dev_count": 531,
        "test_count": 531
    },
    "race": {
        "dev": {
            "ss": 0.4043478260869565,
            "lms": 0.7804347826086957,
            "icat": 0.6311342155009452
        },
        "test": {
            "ss": 0.4675324675324675,
            "lms": 0.7251082251082251,
            "icat": 0.6780232754258728
        },
        "dev_count": 690,
        "test_count": 693
    },
    "religion": {
        "dev": {
            "ss": 0.7333333333333333,
            "lms": 0.7333333333333333,
            "icat": 0.3911111111111112
        },
        "test": {
            "ss": 0.5625,
            "lms": 0.78125,
            "icat": 0.68359375
        },
        "dev_count": 45,
        "test_count": 48
    }
}
12/08/2025 08:39:00 - INFO - __main__ - ====================================================================================================
12/08/2025 08:39:00 - INFO - __main__ - Evaluating model at ./models/bert-base-cased/notall/inp/dynamic/2e-06/64/15000/model_6
12/08/2025 08:39:00 - INFO - __main__ - ==================================================32/80==================================================
12/08/2025 08:39:06 - INFO - __main__ - Got result: {
    "path": "./models/bert-base-cased/notall/inp/dynamic/2e-06/64/15000/model_6",
    "gender": {
        "dev": {
            "ss": 0.6923076923076923,
            "lms": 0.7692307692307693,
            "icat": 0.4733727810650888
        },
        "test": {
            "ss": 0.5769230769230769,
            "lms": 0.7692307692307693,
            "icat": 0.6508875739644971
        },
        "dev_count": 156,
        "test_count": 156
    },
    "profession": {
        "dev": {
            "ss": 0.6101694915254238,
            "lms": 0.7542372881355932,
            "icat": 0.5880494110887675
        },
        "test": {
            "ss": 0.6101694915254238,
            "lms": 0.7090395480225988,
            "icat": 0.5528104950684668
        },
        "dev_count": 531,
        "test_count": 531
    },
    "race": {
        "dev": {
            "ss": 0.41739130434782606,
            "lms": 0.7804347826086957,
            "icat": 0.6514933837429111
        },
        "test": {
            "ss": 0.47186147186147187,
            "lms": 0.7186147186147186,
            "icat": 0.6781731976537171
        },
        "dev_count": 690,
        "test_count": 693
    },
    "religion": {
        "dev": {
            "ss": 0.7333333333333333,
            "lms": 0.7333333333333333,
            "icat": 0.3911111111111112
        },
        "test": {
            "ss": 0.5625,
            "lms": 0.78125,
            "icat": 0.68359375
        },
        "dev_count": 45,
        "test_count": 48
    }
}
12/08/2025 08:39:06 - INFO - __main__ - ====================================================================================================
12/08/2025 08:39:06 - INFO - __main__ - Evaluating model at ./models/bert-base-cased/notall/inp/dynamic/2e-06/64/15000/model_3
12/08/2025 08:39:06 - INFO - __main__ - ==================================================33/80==================================================
12/08/2025 08:39:10 - INFO - __main__ - Got result: {
    "path": "./models/bert-base-cased/notall/inp/dynamic/2e-06/64/15000/model_3",
    "gender": {
        "dev": {
            "ss": 0.6923076923076923,
            "lms": 0.7788461538461539,
            "icat": 0.47928994082840237
        },
        "test": {
            "ss": 0.5576923076923077,
            "lms": 0.7980769230769231,
            "icat": 0.705991124260355
        },
        "dev_count": 156,
        "test_count": 156
    },
    "profession": {
        "dev": {
            "ss": 0.6101694915254238,
            "lms": 0.768361581920904,
            "icat": 0.5990615723451115
        },
        "test": {
            "ss": 0.6271186440677966,
            "lms": 0.7203389830508474,
            "icat": 0.5372019534616489
        },
        "dev_count": 531,
        "test_count": 531
    },
    "race": {
        "dev": {
            "ss": 0.4043478260869565,
            "lms": 0.7891304347826087,
            "icat": 0.6381663516068052
        },
        "test": {
            "ss": 0.46320346320346323,
            "lms": 0.7380952380952381,
            "icat": 0.6837765409193981
        },
        "dev_count": 690,
        "test_count": 693
    },
    "religion": {
        "dev": {
            "ss": 0.7333333333333333,
            "lms": 0.7333333333333333,
            "icat": 0.3911111111111112
        },
        "test": {
            "ss": 0.5625,
            "lms": 0.78125,
            "icat": 0.68359375
        },
        "dev_count": 45,
        "test_count": 48
    }
}
12/08/2025 08:39:10 - INFO - __main__ - ====================================================================================================
12/08/2025 08:39:10 - INFO - __main__ - Evaluating model at ./models/bert-base-cased/notall/inp/dynamic/2e-06/64/15000/model_8
12/08/2025 08:39:10 - INFO - __main__ - ==================================================34/80==================================================
12/08/2025 08:39:13 - INFO - __main__ - Got result: {
    "path": "./models/bert-base-cased/notall/inp/dynamic/2e-06/64/15000/model_8",
    "gender": {
        "dev": {
            "ss": 0.6730769230769231,
            "lms": 0.7980769230769231,
            "icat": 0.5218195266272189
        },
        "test": {
            "ss": 0.5576923076923077,
            "lms": 0.7788461538461539,
            "icat": 0.6889792899408284
        },
        "dev_count": 156,
        "test_count": 156
    },
    "profession": {
        "dev": {
            "ss": 0.5875706214689266,
            "lms": 0.7542372881355932,
            "icat": 0.6221392320214497
        },
        "test": {
            "ss": 0.615819209039548,
            "lms": 0.6949152542372882,
            "icat": 0.5339461840467299
        },
        "dev_count": 531,
        "test_count": 531
    },
    "race": {
        "dev": {
            "ss": 0.41739130434782606,
            "lms": 0.7673913043478261,
            "icat": 0.6406049149338374
        },
        "test": {
            "ss": 0.4675324675324675,
            "lms": 0.7164502164502164,
            "icat": 0.6699274751222803
        },
        "dev_count": 690,
        "test_count": 693
    },
    "religion": {
        "dev": {
            "ss": 0.7333333333333333,
            "lms": 0.7333333333333333,
            "icat": 0.3911111111111112
        },
        "test": {
            "ss": 0.5625,
            "lms": 0.8125,
            "icat": 0.7109375
        },
        "dev_count": 45,
        "test_count": 48
    }
}
12/08/2025 08:39:13 - INFO - __main__ - ====================================================================================================
12/08/2025 08:39:13 - INFO - __main__ - Evaluating model at ./models/bert-base-cased/notall/inp/dynamic/2e-06/64/15000/model_14
12/08/2025 08:39:13 - INFO - __main__ - ==================================================35/80==================================================
12/08/2025 08:39:15 - INFO - __main__ - Got result: {
    "path": "./models/bert-base-cased/notall/inp/dynamic/2e-06/64/15000/model_14",
    "gender": {
        "dev": {
            "ss": 0.6538461538461539,
            "lms": 0.7884615384615384,
            "icat": 0.5458579881656804
        },
        "test": {
            "ss": 0.5192307692307693,
            "lms": 0.7596153846153846,
            "icat": 0.7303994082840236
        },
        "dev_count": 156,
        "test_count": 156
    },
    "profession": {
        "dev": {
            "ss": 0.5706214689265536,
            "lms": 0.7203389830508474,
            "icat": 0.6185961888346261
        },
        "test": {
            "ss": 0.6214689265536724,
            "lms": 0.652542372881356,
            "icat": 0.49401512975198697
        },
        "dev_count": 531,
        "test_count": 531
    },
    "race": {
        "dev": {
            "ss": 0.39565217391304347,
            "lms": 0.741304347826087,
            "icat": 0.5865973534971645
        },
        "test": {
            "ss": 0.44155844155844154,
            "lms": 0.6904761904761905,
            "icat": 0.6097711811997526
        },
        "dev_count": 690,
        "test_count": 693
    },
    "religion": {
        "dev": {
            "ss": 0.7333333333333333,
            "lms": 0.7333333333333333,
            "icat": 0.3911111111111112
        },
        "test": {
            "ss": 0.5625,
            "lms": 0.8125,
            "icat": 0.7109375
        },
        "dev_count": 45,
        "test_count": 48
    }
}
12/08/2025 08:39:15 - INFO - __main__ - ====================================================================================================
12/08/2025 08:39:15 - INFO - __main__ - Evaluating model at ./models/bert-base-cased/notall/inp/dynamic/2e-06/64/15000/model_15
12/08/2025 08:39:15 - INFO - __main__ - ==================================================36/80==================================================
12/08/2025 08:39:18 - INFO - __main__ - Got result: {
    "path": "./models/bert-base-cased/notall/inp/dynamic/2e-06/64/15000/model_15",
    "gender": {
        "dev": {
            "ss": 0.6538461538461539,
            "lms": 0.7884615384615384,
            "icat": 0.5458579881656804
        },
        "test": {
            "ss": 0.5192307692307693,
            "lms": 0.7596153846153846,
            "icat": 0.7303994082840236
        },
        "dev_count": 156,
        "test_count": 156
    },
    "profession": {
        "dev": {
            "ss": 0.576271186440678,
            "lms": 0.7259887005649718,
            "icat": 0.6152446614957388
        },
        "test": {
            "ss": 0.6214689265536724,
            "lms": 0.6497175141242938,
            "icat": 0.49187653611669696
        },
        "dev_count": 531,
        "test_count": 531
    },
    "race": {
        "dev": {
            "ss": 0.39565217391304347,
            "lms": 0.7369565217391304,
            "icat": 0.5831568998109641
        },
        "test": {
            "ss": 0.44155844155844154,
            "lms": 0.6883116883116883,
            "icat": 0.6078596727947377
        },
        "dev_count": 690,
        "test_count": 693
    },
    "religion": {
        "dev": {
            "ss": 0.7333333333333333,
            "lms": 0.7333333333333333,
            "icat": 0.3911111111111112
        },
        "test": {
            "ss": 0.5625,
            "lms": 0.8125,
            "icat": 0.7109375
        },
        "dev_count": 45,
        "test_count": 48
    }
}
12/08/2025 08:39:18 - INFO - __main__ - ====================================================================================================
12/08/2025 08:39:18 - INFO - __main__ - Evaluating model at ./models/bert-base-cased/notall/inp/dynamic/2e-06/64/15000/model_5
12/08/2025 08:39:18 - INFO - __main__ - ==================================================37/80==================================================
12/08/2025 08:39:24 - INFO - __main__ - Got result: {
    "path": "./models/bert-base-cased/notall/inp/dynamic/2e-06/64/15000/model_5",
    "gender": {
        "dev": {
            "ss": 0.6923076923076923,
            "lms": 0.7788461538461539,
            "icat": 0.47928994082840237
        },
        "test": {
            "ss": 0.5769230769230769,
            "lms": 0.7692307692307693,
            "icat": 0.6508875739644971
        },
        "dev_count": 156,
        "test_count": 156
    },
    "profession": {
        "dev": {
            "ss": 0.5932203389830508,
            "lms": 0.7570621468926554,
            "icat": 0.6159149669635163
        },
        "test": {
            "ss": 0.5988700564971752,
            "lms": 0.711864406779661,
            "icat": 0.5711002585463947
        },
        "dev_count": 531,
        "test_count": 531
    },
    "race": {
        "dev": {
            "ss": 0.40869565217391307,
            "lms": 0.7869565217391304,
            "icat": 0.6432514177693762
        },
        "test": {
            "ss": 0.46320346320346323,
            "lms": 0.7164502164502164,
            "icat": 0.6637244429452221
        },
        "dev_count": 690,
        "test_count": 693
    },
    "religion": {
        "dev": {
            "ss": 0.7333333333333333,
            "lms": 0.7333333333333333,
            "icat": 0.3911111111111112
        },
        "test": {
            "ss": 0.5625,
            "lms": 0.78125,
            "icat": 0.68359375
        },
        "dev_count": 45,
        "test_count": 48
    }
}
12/08/2025 08:39:24 - INFO - __main__ - ====================================================================================================
12/08/2025 08:39:24 - INFO - __main__ - Evaluating model at ./models/bert-base-cased/notall/inp/dynamic/2e-06/64/15000/model_4
12/08/2025 08:39:24 - INFO - __main__ - ==================================================38/80==================================================
12/08/2025 08:39:28 - INFO - __main__ - Got result: {
    "path": "./models/bert-base-cased/notall/inp/dynamic/2e-06/64/15000/model_4",
    "gender": {
        "dev": {
            "ss": 0.6923076923076923,
            "lms": 0.7788461538461539,
            "icat": 0.47928994082840237
        },
        "test": {
            "ss": 0.5769230769230769,
            "lms": 0.7980769230769231,
            "icat": 0.6752958579881658
        },
        "dev_count": 156,
        "test_count": 156
    },
    "profession": {
        "dev": {
            "ss": 0.6045197740112994,
            "lms": 0.7655367231638418,
            "icat": 0.6055092725589709
        },
        "test": {
            "ss": 0.6101694915254238,
            "lms": 0.711864406779661,
            "icat": 0.5550129273197356
        },
        "dev_count": 531,
        "test_count": 531
    },
    "race": {
        "dev": {
            "ss": 0.4043478260869565,
            "lms": 0.7847826086956522,
            "icat": 0.6346502835538752
        },
        "test": {
            "ss": 0.46320346320346323,
            "lms": 0.7294372294372294,
            "icat": 0.6757557017297278
        },
        "dev_count": 690,
        "test_count": 693
    },
    "religion": {
        "dev": {
            "ss": 0.7333333333333333,
            "lms": 0.7333333333333333,
            "icat": 0.3911111111111112
        },
        "test": {
            "ss": 0.5625,
            "lms": 0.78125,
            "icat": 0.68359375
        },
        "dev_count": 45,
        "test_count": 48
    }
}
12/08/2025 08:39:28 - INFO - __main__ - ====================================================================================================
12/08/2025 08:39:28 - INFO - __main__ - Evaluating model at ./models/bert-base-cased/notall/inp/dynamic/2e-06/64/15000/model_10
12/08/2025 08:39:28 - INFO - __main__ - ==================================================39/80==================================================
12/08/2025 08:39:32 - INFO - __main__ - Got result: {
    "path": "./models/bert-base-cased/notall/inp/dynamic/2e-06/64/15000/model_10",
    "gender": {
        "dev": {
            "ss": 0.6730769230769231,
            "lms": 0.7980769230769231,
            "icat": 0.5218195266272189
        },
        "test": {
            "ss": 0.5384615384615384,
            "lms": 0.7692307692307693,
            "icat": 0.7100591715976332
        },
        "dev_count": 156,
        "test_count": 156
    },
    "profession": {
        "dev": {
            "ss": 0.576271186440678,
            "lms": 0.7259887005649718,
            "icat": 0.6152446614957388
        },
        "test": {
            "ss": 0.615819209039548,
            "lms": 0.6864406779661016,
            "icat": 0.5274346452168917
        },
        "dev_count": 531,
        "test_count": 531
    },
    "race": {
        "dev": {
            "ss": 0.39565217391304347,
            "lms": 0.7565217391304347,
            "icat": 0.5986389413988658
        },
        "test": {
            "ss": 0.45454545454545453,
            "lms": 0.7121212121212122,
            "icat": 0.6473829201101928
        },
        "dev_count": 690,
        "test_count": 693
    },
    "religion": {
        "dev": {
            "ss": 0.8,
            "lms": 0.7333333333333333,
            "icat": 0.2933333333333332
        },
        "test": {
            "ss": 0.5625,
            "lms": 0.8125,
            "icat": 0.7109375
        },
        "dev_count": 45,
        "test_count": 48
    }
}
12/08/2025 08:39:32 - INFO - __main__ - ====================================================================================================
12/08/2025 08:39:32 - INFO - __main__ - Evaluating model at ./models/bert-base-cased/notall/inp/dynamic/2e-06/64/15000/model_1
12/08/2025 08:39:32 - INFO - __main__ - ==================================================40/80==================================================
12/08/2025 08:39:35 - INFO - __main__ - Got result: {
    "path": "./models/bert-base-cased/notall/inp/dynamic/2e-06/64/15000/model_1",
    "gender": {
        "dev": {
            "ss": 0.7115384615384616,
            "lms": 0.7980769230769231,
            "icat": 0.4604289940828402
        },
        "test": {
            "ss": 0.5576923076923077,
            "lms": 0.75,
            "icat": 0.6634615384615384
        },
        "dev_count": 156,
        "test_count": 156
    },
    "profession": {
        "dev": {
            "ss": 0.5932203389830508,
            "lms": 0.768361581920904,
            "icat": 0.6251077276644643
        },
        "test": {
            "ss": 0.632768361581921,
            "lms": 0.731638418079096,
            "icat": 0.5373615500015959
        },
        "dev_count": 531,
        "test_count": 531
    },
    "race": {
        "dev": {
            "ss": 0.41739130434782606,
            "lms": 0.7782608695652173,
            "icat": 0.6496786389413988
        },
        "test": {
            "ss": 0.45454545454545453,
            "lms": 0.7467532467532467,
            "icat": 0.678866587957497
        },
        "dev_count": 690,
        "test_count": 693
    },
    "religion": {
        "dev": {
            "ss": 0.7333333333333333,
            "lms": 0.7666666666666667,
            "icat": 0.40888888888888897
        },
        "test": {
            "ss": 0.5625,
            "lms": 0.71875,
            "icat": 0.62890625
        },
        "dev_count": 45,
        "test_count": 48
    }
}
12/08/2025 08:39:35 - INFO - __main__ - ====================================================================================================
12/08/2025 08:39:35 - INFO - __main__ - Evaluating model at ./models/bert-base-cased/notall/inp/dynamic/2e-06/64/15000/model_9
12/08/2025 08:39:35 - INFO - __main__ - ==================================================41/80==================================================
12/08/2025 08:39:41 - INFO - __main__ - Got result: {
    "path": "./models/bert-base-cased/notall/inp/dynamic/2e-06/64/15000/model_9",
    "gender": {
        "dev": {
            "ss": 0.6730769230769231,
            "lms": 0.7980769230769231,
            "icat": 0.5218195266272189
        },
        "test": {
            "ss": 0.5384615384615384,
            "lms": 0.7596153846153846,
            "icat": 0.7011834319526628
        },
        "dev_count": 156,
        "test_count": 156
    },
    "profession": {
        "dev": {
            "ss": 0.576271186440678,
            "lms": 0.7344632768361582,
            "icat": 0.6224265057933543
        },
        "test": {
            "ss": 0.615819209039548,
            "lms": 0.6892655367231638,
            "icat": 0.5296051581601711
        },
        "dev_count": 531,
        "test_count": 531
    },
    "race": {
        "dev": {
            "ss": 0.39565217391304347,
            "lms": 0.758695652173913,
            "icat": 0.6003591682419659
        },
        "test": {
            "ss": 0.4588744588744589,
            "lms": 0.7142857142857143,
            "icat": 0.655534941249227
        },
        "dev_count": 690,
        "test_count": 693
    },
    "religion": {
        "dev": {
            "ss": 0.7333333333333333,
            "lms": 0.7666666666666667,
            "icat": 0.40888888888888897
        },
        "test": {
            "ss": 0.5625,
            "lms": 0.8125,
            "icat": 0.7109375
        },
        "dev_count": 45,
        "test_count": 48
    }
}
12/08/2025 08:39:41 - INFO - __main__ - ====================================================================================================
12/08/2025 08:39:41 - INFO - __main__ - Evaluating model at ./models/bert-base-cased/notall/inp/dynamic/2e-06/64/15000/model_11
12/08/2025 08:39:41 - INFO - __main__ - ==================================================42/80==================================================
12/08/2025 08:39:45 - INFO - __main__ - Got result: {
    "path": "./models/bert-base-cased/notall/inp/dynamic/2e-06/64/15000/model_11",
    "gender": {
        "dev": {
            "ss": 0.6730769230769231,
            "lms": 0.7884615384615384,
            "icat": 0.5155325443786981
        },
        "test": {
            "ss": 0.5576923076923077,
            "lms": 0.7884615384615384,
            "icat": 0.6974852071005917
        },
        "dev_count": 156,
        "test_count": 156
    },
    "profession": {
        "dev": {
            "ss": 0.5932203389830508,
            "lms": 0.7429378531073446,
            "icat": 0.6044240160873312
        },
        "test": {
            "ss": 0.6271186440677966,
            "lms": 0.6892655367231638,
            "icat": 0.5140285358613426
        },
        "dev_count": 531,
        "test_count": 531
    },
    "race": {
        "dev": {
            "ss": 0.39565217391304347,
            "lms": 0.7630434782608696,
            "icat": 0.6037996219281664
        },
        "test": {
            "ss": 0.46320346320346323,
            "lms": 0.7077922077922078,
            "icat": 0.6557036037555518
        },
        "dev_count": 690,
        "test_count": 693
    },
    "religion": {
        "dev": {
            "ss": 0.7333333333333333,
            "lms": 0.7333333333333333,
            "icat": 0.3911111111111112
        },
        "test": {
            "ss": 0.5625,
            "lms": 0.8125,
            "icat": 0.7109375
        },
        "dev_count": 45,
        "test_count": 48
    }
}
12/08/2025 08:39:45 - INFO - __main__ - ====================================================================================================
12/08/2025 08:39:45 - INFO - __main__ - Evaluating model at ./models/bert-base-cased/notall/inp/dynamic/2e-06/64/15000/model_13
12/08/2025 08:39:45 - INFO - __main__ - ==================================================43/80==================================================
12/08/2025 08:39:48 - INFO - __main__ - Got result: {
    "path": "./models/bert-base-cased/notall/inp/dynamic/2e-06/64/15000/model_13",
    "gender": {
        "dev": {
            "ss": 0.6730769230769231,
            "lms": 0.7884615384615384,
            "icat": 0.5155325443786981
        },
        "test": {
            "ss": 0.5384615384615384,
            "lms": 0.7596153846153846,
            "icat": 0.7011834319526628
        },
        "dev_count": 156,
        "test_count": 156
    },
    "profession": {
        "dev": {
            "ss": 0.5819209039548022,
            "lms": 0.7288135593220338,
            "icat": 0.6094034281336781
        },
        "test": {
            "ss": 0.6214689265536724,
            "lms": 0.6666666666666666,
            "icat": 0.5047080979284368
        },
        "dev_count": 531,
        "test_count": 531
    },
    "race": {
        "dev": {
            "ss": 0.3869565217391304,
            "lms": 0.75,
            "icat": 0.5804347826086956
        },
        "test": {
            "ss": 0.45021645021645024,
            "lms": 0.6991341991341992,
            "icat": 0.62952343471824
        },
        "dev_count": 690,
        "test_count": 693
    },
    "religion": {
        "dev": {
            "ss": 0.7333333333333333,
            "lms": 0.7333333333333333,
            "icat": 0.3911111111111112
        },
        "test": {
            "ss": 0.5625,
            "lms": 0.8125,
            "icat": 0.7109375
        },
        "dev_count": 45,
        "test_count": 48
    }
}
12/08/2025 08:39:48 - INFO - __main__ - ====================================================================================================
12/08/2025 08:39:48 - INFO - __main__ - Evaluating model at ./models/bert-base-cased/notall/inp/dynamic/2e-06/64/15000/model_2
12/08/2025 08:39:48 - INFO - __main__ - ==================================================44/80==================================================
12/08/2025 08:39:54 - INFO - __main__ - Got result: {
    "path": "./models/bert-base-cased/notall/inp/dynamic/2e-06/64/15000/model_2",
    "gender": {
        "dev": {
            "ss": 0.6923076923076923,
            "lms": 0.7692307692307693,
            "icat": 0.4733727810650888
        },
        "test": {
            "ss": 0.5576923076923077,
            "lms": 0.7788461538461539,
            "icat": 0.6889792899408284
        },
        "dev_count": 156,
        "test_count": 156
    },
    "profession": {
        "dev": {
            "ss": 0.6101694915254238,
            "lms": 0.7824858757062146,
            "icat": 0.6100737336014554
        },
        "test": {
            "ss": 0.6214689265536724,
            "lms": 0.7231638418079096,
            "icat": 0.5474799706342366
        },
        "dev_count": 531,
        "test_count": 531
    },
    "race": {
        "dev": {
            "ss": 0.39565217391304347,
            "lms": 0.7891304347826087,
            "icat": 0.6244423440453686
        },
        "test": {
            "ss": 0.4588744588744589,
            "lms": 0.7445887445887446,
            "icat": 0.6833455145143457
        },
        "dev_count": 690,
        "test_count": 693
    },
    "religion": {
        "dev": {
            "ss": 0.7333333333333333,
            "lms": 0.7666666666666667,
            "icat": 0.40888888888888897
        },
        "test": {
            "ss": 0.5625,
            "lms": 0.78125,
            "icat": 0.68359375
        },
        "dev_count": 45,
        "test_count": 48
    }
}
12/08/2025 08:39:54 - INFO - __main__ - ====================================================================================================
12/08/2025 08:39:54 - INFO - __main__ - Evaluating model at ./models/bert-base-cased/notall/inp/dynamic/2e-06/64/15000/model_12
12/08/2025 08:39:54 - INFO - __main__ - ==================================================45/80==================================================
12/08/2025 08:40:00 - INFO - __main__ - Got result: {
    "path": "./models/bert-base-cased/notall/inp/dynamic/2e-06/64/15000/model_12",
    "gender": {
        "dev": {
            "ss": 0.6730769230769231,
            "lms": 0.7884615384615384,
            "icat": 0.5155325443786981
        },
        "test": {
            "ss": 0.5192307692307693,
            "lms": 0.7596153846153846,
            "icat": 0.7303994082840236
        },
        "dev_count": 156,
        "test_count": 156
    },
    "profession": {
        "dev": {
            "ss": 0.576271186440678,
            "lms": 0.7372881355932204,
            "icat": 0.6248204538925596
        },
        "test": {
            "ss": 0.6214689265536724,
            "lms": 0.6751412429378532,
            "icat": 0.5111238788343069
        },
        "dev_count": 531,
        "test_count": 531
    },
    "race": {
        "dev": {
            "ss": 0.391304347826087,
            "lms": 0.7478260869565218,
            "icat": 0.5852551984877127
        },
        "test": {
            "ss": 0.4458874458874459,
            "lms": 0.7056277056277056,
            "icat": 0.6292610708195123
        },
        "dev_count": 690,
        "test_count": 693
    },
    "religion": {
        "dev": {
            "ss": 0.7333333333333333,
            "lms": 0.7333333333333333,
            "icat": 0.3911111111111112
        },
        "test": {
            "ss": 0.5625,
            "lms": 0.8125,
            "icat": 0.7109375
        },
        "dev_count": 45,
        "test_count": 48
    }
}
12/08/2025 08:40:00 - INFO - __main__ - ====================================================================================================
12/08/2025 08:40:00 - INFO - __main__ - Evaluating model at ./models/bert-base-cased/notall/inp/dynamic/2e-06/64/3000/model_7
12/08/2025 08:40:00 - INFO - __main__ - ==================================================46/80==================================================
12/08/2025 08:40:06 - INFO - __main__ - Got result: {
    "path": "./models/bert-base-cased/notall/inp/dynamic/2e-06/64/3000/model_7",
    "gender": {
        "dev": {
            "ss": 0.6923076923076923,
            "lms": 0.8461538461538461,
            "icat": 0.5207100591715976
        },
        "test": {
            "ss": 0.5769230769230769,
            "lms": 0.8076923076923077,
            "icat": 0.6834319526627219
        },
        "dev_count": 156,
        "test_count": 156
    },
    "profession": {
        "dev": {
            "ss": 0.5819209039548022,
            "lms": 0.7853107344632768,
            "icat": 0.6566440039579943
        },
        "test": {
            "ss": 0.6497175141242938,
            "lms": 0.7457627118644068,
            "icat": 0.5224552331705449
        },
        "dev_count": 531,
        "test_count": 531
    },
    "race": {
        "dev": {
            "ss": 0.4391304347826087,
            "lms": 0.8108695652173913,
            "icat": 0.7121550094517959
        },
        "test": {
            "ss": 0.46320346320346323,
            "lms": 0.7662337662337663,
            "icat": 0.7098442682858268
        },
        "dev_count": 690,
        "test_count": 693
    },
    "religion": {
        "dev": {
            "ss": 0.8,
            "lms": 0.7666666666666667,
            "icat": 0.30666666666666664
        },
        "test": {
            "ss": 0.5625,
            "lms": 0.875,
            "icat": 0.765625
        },
        "dev_count": 45,
        "test_count": 48
    }
}
12/08/2025 08:40:06 - INFO - __main__ - ====================================================================================================
12/08/2025 08:40:06 - INFO - __main__ - Evaluating model at ./models/bert-base-cased/notall/inp/dynamic/2e-06/64/3000/model_6
12/08/2025 08:40:06 - INFO - __main__ - ==================================================47/80==================================================
12/08/2025 08:40:11 - INFO - __main__ - Got result: {
    "path": "./models/bert-base-cased/notall/inp/dynamic/2e-06/64/3000/model_6",
    "gender": {
        "dev": {
            "ss": 0.6923076923076923,
            "lms": 0.8365384615384616,
            "icat": 0.5147928994082841
        },
        "test": {
            "ss": 0.5769230769230769,
            "lms": 0.8076923076923077,
            "icat": 0.6834319526627219
        },
        "dev_count": 156,
        "test_count": 156
    },
    "profession": {
        "dev": {
            "ss": 0.5819209039548022,
            "lms": 0.7824858757062146,
            "icat": 0.6542819751667784
        },
        "test": {
            "ss": 0.655367231638418,
            "lms": 0.7542372881355932,
            "icat": 0.5198697692234033
        },
        "dev_count": 531,
        "test_count": 531
    },
    "race": {
        "dev": {
            "ss": 0.45217391304347826,
            "lms": 0.8152173913043478,
            "icat": 0.7372400756143667
        },
        "test": {
            "ss": 0.4675324675324675,
            "lms": 0.7662337662337663,
            "icat": 0.7164783268679372
        },
        "dev_count": 690,
        "test_count": 693
    },
    "religion": {
        "dev": {
            "ss": 0.8,
            "lms": 0.7666666666666667,
            "icat": 0.30666666666666664
        },
        "test": {
            "ss": 0.5625,
            "lms": 0.875,
            "icat": 0.765625
        },
        "dev_count": 45,
        "test_count": 48
    }
}
12/08/2025 08:40:11 - INFO - __main__ - ====================================================================================================
12/08/2025 08:40:11 - INFO - __main__ - Evaluating model at ./models/bert-base-cased/notall/inp/dynamic/2e-06/64/3000/model_3
12/08/2025 08:40:11 - INFO - __main__ - ==================================================48/80==================================================
12/08/2025 08:40:15 - INFO - __main__ - Got result: {
    "path": "./models/bert-base-cased/notall/inp/dynamic/2e-06/64/3000/model_3",
    "gender": {
        "dev": {
            "ss": 0.7115384615384616,
            "lms": 0.8365384615384616,
            "icat": 0.48261834319526625
        },
        "test": {
            "ss": 0.5769230769230769,
            "lms": 0.8076923076923077,
            "icat": 0.6834319526627219
        },
        "dev_count": 156,
        "test_count": 156
    },
    "profession": {
        "dev": {
            "ss": 0.5932203389830508,
            "lms": 0.7994350282485876,
            "icat": 0.6503878195920713
        },
        "test": {
            "ss": 0.6610169491525424,
            "lms": 0.7655367231638418,
            "icat": 0.5190079479076893
        },
        "dev_count": 531,
        "test_count": 531
    },
    "race": {
        "dev": {
            "ss": 0.4608695652173913,
            "lms": 0.8260869565217391,
            "icat": 0.7614366729678639
        },
        "test": {
            "ss": 0.46320346320346323,
            "lms": 0.7770562770562771,
            "icat": 0.7198703172729147
        },
        "dev_count": 690,
        "test_count": 693
    },
    "religion": {
        "dev": {
            "ss": 0.8,
            "lms": 0.8333333333333334,
            "icat": 0.33333333333333326
        },
        "test": {
            "ss": 0.5625,
            "lms": 0.84375,
            "icat": 0.73828125
        },
        "dev_count": 45,
        "test_count": 48
    }
}
12/08/2025 08:40:15 - INFO - __main__ - ====================================================================================================
12/08/2025 08:40:15 - INFO - __main__ - Evaluating model at ./models/bert-base-cased/notall/inp/dynamic/2e-06/64/3000/model_8
12/08/2025 08:40:15 - INFO - __main__ - ==================================================49/80==================================================
12/08/2025 08:40:21 - INFO - __main__ - Got result: {
    "path": "./models/bert-base-cased/notall/inp/dynamic/2e-06/64/3000/model_8",
    "gender": {
        "dev": {
            "ss": 0.6923076923076923,
            "lms": 0.8557692307692307,
            "icat": 0.5266272189349113
        },
        "test": {
            "ss": 0.5769230769230769,
            "lms": 0.7980769230769231,
            "icat": 0.6752958579881658
        },
        "dev_count": 156,
        "test_count": 156
    },
    "profession": {
        "dev": {
            "ss": 0.576271186440678,
            "lms": 0.7824858757062146,
            "icat": 0.6631236234798429
        },
        "test": {
            "ss": 0.655367231638418,
            "lms": 0.7429378531073446,
            "icat": 0.512081458073989
        },
        "dev_count": 531,
        "test_count": 531
    },
    "race": {
        "dev": {
            "ss": 0.44782608695652176,
            "lms": 0.8130434782608695,
            "icat": 0.7282041587901702
        },
        "test": {
            "ss": 0.4675324675324675,
            "lms": 0.7662337662337663,
            "icat": 0.7164783268679372
        },
        "dev_count": 690,
        "test_count": 693
    },
    "religion": {
        "dev": {
            "ss": 0.8,
            "lms": 0.7666666666666667,
            "icat": 0.30666666666666664
        },
        "test": {
            "ss": 0.5625,
            "lms": 0.875,
            "icat": 0.765625
        },
        "dev_count": 45,
        "test_count": 48
    }
}
12/08/2025 08:40:21 - INFO - __main__ - ====================================================================================================
12/08/2025 08:40:21 - INFO - __main__ - Evaluating model at ./models/bert-base-cased/notall/inp/dynamic/2e-06/64/3000/model_14
12/08/2025 08:40:21 - INFO - __main__ - ==================================================50/80==================================================
12/08/2025 08:40:24 - INFO - __main__ - Got result: {
    "path": "./models/bert-base-cased/notall/inp/dynamic/2e-06/64/3000/model_14",
    "gender": {
        "dev": {
            "ss": 0.6923076923076923,
            "lms": 0.8269230769230769,
            "icat": 0.5088757396449705
        },
        "test": {
            "ss": 0.5576923076923077,
            "lms": 0.7980769230769231,
            "icat": 0.705991124260355
        },
        "dev_count": 156,
        "test_count": 156
    },
    "profession": {
        "dev": {
            "ss": 0.5932203389830508,
            "lms": 0.7740112994350282,
            "icat": 0.6297041080149383
        },
        "test": {
            "ss": 0.6384180790960452,
            "lms": 0.731638418079096,
            "icat": 0.5290944492323406
        },
        "dev_count": 531,
        "test_count": 531
    },
    "race": {
        "dev": {
            "ss": 0.4260869565217391,
            "lms": 0.7934782608695652,
            "icat": 0.6761814744801512
        },
        "test": {
            "ss": 0.4675324675324675,
            "lms": 0.7489177489177489,
            "icat": 0.7002867262607522
        },
        "dev_count": 690,
        "test_count": 693
    },
    "religion": {
        "dev": {
            "ss": 0.8,
            "lms": 0.7333333333333333,
            "icat": 0.2933333333333332
        },
        "test": {
            "ss": 0.5625,
            "lms": 0.875,
            "icat": 0.765625
        },
        "dev_count": 45,
        "test_count": 48
    }
}
12/08/2025 08:40:24 - INFO - __main__ - ====================================================================================================
12/08/2025 08:40:24 - INFO - __main__ - Evaluating model at ./models/bert-base-cased/notall/inp/dynamic/2e-06/64/3000/model_15
12/08/2025 08:40:24 - INFO - __main__ - ==================================================51/80==================================================
12/08/2025 08:40:29 - INFO - __main__ - Got result: {
    "path": "./models/bert-base-cased/notall/inp/dynamic/2e-06/64/3000/model_15",
    "gender": {
        "dev": {
            "ss": 0.6923076923076923,
            "lms": 0.8269230769230769,
            "icat": 0.5088757396449705
        },
        "test": {
            "ss": 0.5576923076923077,
            "lms": 0.7980769230769231,
            "icat": 0.705991124260355
        },
        "dev_count": 156,
        "test_count": 156
    },
    "profession": {
        "dev": {
            "ss": 0.5932203389830508,
            "lms": 0.7740112994350282,
            "icat": 0.6297041080149383
        },
        "test": {
            "ss": 0.6384180790960452,
            "lms": 0.731638418079096,
            "icat": 0.5290944492323406
        },
        "dev_count": 531,
        "test_count": 531
    },
    "race": {
        "dev": {
            "ss": 0.4260869565217391,
            "lms": 0.7956521739130434,
            "icat": 0.6780340264650283
        },
        "test": {
            "ss": 0.4588744588744589,
            "lms": 0.7489177489177489,
            "icat": 0.6873184535522198
        },
        "dev_count": 690,
        "test_count": 693
    },
    "religion": {
        "dev": {
            "ss": 0.8,
            "lms": 0.7333333333333333,
            "icat": 0.2933333333333332
        },
        "test": {
            "ss": 0.5625,
            "lms": 0.875,
            "icat": 0.765625
        },
        "dev_count": 45,
        "test_count": 48
    }
}
12/08/2025 08:40:29 - INFO - __main__ - ====================================================================================================
12/08/2025 08:40:29 - INFO - __main__ - Evaluating model at ./models/bert-base-cased/notall/inp/dynamic/2e-06/64/3000/model_5
12/08/2025 08:40:29 - INFO - __main__ - ==================================================52/80==================================================
12/08/2025 08:40:32 - INFO - __main__ - Got result: {
    "path": "./models/bert-base-cased/notall/inp/dynamic/2e-06/64/3000/model_5",
    "gender": {
        "dev": {
            "ss": 0.6923076923076923,
            "lms": 0.8461538461538461,
            "icat": 0.5207100591715976
        },
        "test": {
            "ss": 0.5769230769230769,
            "lms": 0.7980769230769231,
            "icat": 0.6752958579881658
        },
        "dev_count": 156,
        "test_count": 156
    },
    "profession": {
        "dev": {
            "ss": 0.5819209039548022,
            "lms": 0.788135593220339,
            "icat": 0.6590060327492101
        },
        "test": {
            "ss": 0.6440677966101694,
            "lms": 0.7570621468926554,
            "icat": 0.5389255960930768
        },
        "dev_count": 531,
        "test_count": 531
    },
    "race": {
        "dev": {
            "ss": 0.45652173913043476,
            "lms": 0.8173913043478261,
            "icat": 0.7463137996219281
        },
        "test": {
            "ss": 0.4675324675324675,
            "lms": 0.7705627705627706,
            "icat": 0.7205262270197335
        },
        "dev_count": 690,
        "test_count": 693
    },
    "religion": {
        "dev": {
            "ss": 0.8,
            "lms": 0.7666666666666667,
            "icat": 0.30666666666666664
        },
        "test": {
            "ss": 0.5625,
            "lms": 0.875,
            "icat": 0.765625
        },
        "dev_count": 45,
        "test_count": 48
    }
}
12/08/2025 08:40:32 - INFO - __main__ - ====================================================================================================
12/08/2025 08:40:32 - INFO - __main__ - Evaluating model at ./models/bert-base-cased/notall/inp/dynamic/2e-06/64/3000/model_4
12/08/2025 08:40:32 - INFO - __main__ - ==================================================53/80==================================================
12/08/2025 08:40:35 - INFO - __main__ - Got result: {
    "path": "./models/bert-base-cased/notall/inp/dynamic/2e-06/64/3000/model_4",
    "gender": {
        "dev": {
            "ss": 0.7115384615384616,
            "lms": 0.8365384615384616,
            "icat": 0.48261834319526625
        },
        "test": {
            "ss": 0.5769230769230769,
            "lms": 0.8076923076923077,
            "icat": 0.6834319526627219
        },
        "dev_count": 156,
        "test_count": 156
    },
    "profession": {
        "dev": {
            "ss": 0.5819209039548022,
            "lms": 0.7994350282485876,
            "icat": 0.6684541479140733
        },
        "test": {
            "ss": 0.6610169491525424,
            "lms": 0.7598870056497176,
            "icat": 0.5151776309489611
        },
        "dev_count": 531,
        "test_count": 531
    },
    "race": {
        "dev": {
            "ss": 0.45652173913043476,
            "lms": 0.8239130434782609,
            "icat": 0.7522684310018903
        },
        "test": {
            "ss": 0.4675324675324675,
            "lms": 0.7748917748917749,
            "icat": 0.7245741271715297
        },
        "dev_count": 690,
        "test_count": 693
    },
    "religion": {
        "dev": {
            "ss": 0.8,
            "lms": 0.8333333333333334,
            "icat": 0.33333333333333326
        },
        "test": {
            "ss": 0.5625,
            "lms": 0.84375,
            "icat": 0.73828125
        },
        "dev_count": 45,
        "test_count": 48
    }
}
12/08/2025 08:40:35 - INFO - __main__ - ====================================================================================================
12/08/2025 08:40:35 - INFO - __main__ - Evaluating model at ./models/bert-base-cased/notall/inp/dynamic/2e-06/64/3000/model_10
12/08/2025 08:40:35 - INFO - __main__ - ==================================================54/80==================================================
12/08/2025 08:40:38 - INFO - __main__ - Got result: {
    "path": "./models/bert-base-cased/notall/inp/dynamic/2e-06/64/3000/model_10",
    "gender": {
        "dev": {
            "ss": 0.6923076923076923,
            "lms": 0.8557692307692307,
            "icat": 0.5266272189349113
        },
        "test": {
            "ss": 0.5576923076923077,
            "lms": 0.8076923076923077,
            "icat": 0.7144970414201184
        },
        "dev_count": 156,
        "test_count": 156
    },
    "profession": {
        "dev": {
            "ss": 0.576271186440678,
            "lms": 0.7796610169491526,
            "icat": 0.6607296753806378
        },
        "test": {
            "ss": 0.6440677966101694,
            "lms": 0.7429378531073446,
            "icat": 0.5288710140764149
        },
        "dev_count": 531,
        "test_count": 531
    },
    "race": {
        "dev": {
            "ss": 0.4434782608695652,
            "lms": 0.808695652173913,
            "icat": 0.7172778827977315
        },
        "test": {
            "ss": 0.47619047619047616,
            "lms": 0.7619047619047619,
            "icat": 0.7256235827664398
        },
        "dev_count": 690,
        "test_count": 693
    },
    "religion": {
        "dev": {
            "ss": 0.8,
            "lms": 0.7333333333333333,
            "icat": 0.2933333333333332
        },
        "test": {
            "ss": 0.5625,
            "lms": 0.875,
            "icat": 0.765625
        },
        "dev_count": 45,
        "test_count": 48
    }
}
12/08/2025 08:40:38 - INFO - __main__ - ====================================================================================================
12/08/2025 08:40:38 - INFO - __main__ - Evaluating model at ./models/bert-base-cased/notall/inp/dynamic/2e-06/64/3000/model_1
12/08/2025 08:40:38 - INFO - __main__ - ==================================================55/80==================================================
12/08/2025 08:40:44 - INFO - __main__ - Got result: {
    "path": "./models/bert-base-cased/notall/inp/dynamic/2e-06/64/3000/model_1",
    "gender": {
        "dev": {
            "ss": 0.7115384615384616,
            "lms": 0.8461538461538461,
            "icat": 0.4881656804733727
        },
        "test": {
            "ss": 0.5769230769230769,
            "lms": 0.7884615384615384,
            "icat": 0.6671597633136095
        },
        "dev_count": 156,
        "test_count": 156
    },
    "profession": {
        "dev": {
            "ss": 0.5819209039548022,
            "lms": 0.7966101694915254,
            "icat": 0.6660921191228575
        },
        "test": {
            "ss": 0.6384180790960452,
            "lms": 0.7768361581920904,
            "icat": 0.5617798206134891
        },
        "dev_count": 531,
        "test_count": 531
    },
    "race": {
        "dev": {
            "ss": 0.4956521739130435,
            "lms": 0.8195652173913044,
            "icat": 0.8124385633270322
        },
        "test": {
            "ss": 0.4588744588744589,
            "lms": 0.7792207792207793,
            "icat": 0.7151290268173386
        },
        "dev_count": 690,
        "test_count": 693
    },
    "religion": {
        "dev": {
            "ss": 0.7333333333333333,
            "lms": 0.8,
            "icat": 0.42666666666666675
        },
        "test": {
            "ss": 0.5625,
            "lms": 0.8125,
            "icat": 0.7109375
        },
        "dev_count": 45,
        "test_count": 48
    }
}
12/08/2025 08:40:44 - INFO - __main__ - ====================================================================================================
12/08/2025 08:40:44 - INFO - __main__ - Evaluating model at ./models/bert-base-cased/notall/inp/dynamic/2e-06/64/3000/model_9
12/08/2025 08:40:44 - INFO - __main__ - ==================================================56/80==================================================
12/08/2025 08:40:47 - INFO - __main__ - Got result: {
    "path": "./models/bert-base-cased/notall/inp/dynamic/2e-06/64/3000/model_9",
    "gender": {
        "dev": {
            "ss": 0.6923076923076923,
            "lms": 0.8557692307692307,
            "icat": 0.5266272189349113
        },
        "test": {
            "ss": 0.5769230769230769,
            "lms": 0.8173076923076923,
            "icat": 0.6915680473372782
        },
        "dev_count": 156,
        "test_count": 156
    },
    "profession": {
        "dev": {
            "ss": 0.5706214689265536,
            "lms": 0.7796610169491526,
            "icat": 0.669539404385713
        },
        "test": {
            "ss": 0.6497175141242938,
            "lms": 0.7372881355932204,
            "icat": 0.516518241884516
        },
        "dev_count": 531,
        "test_count": 531
    },
    "race": {
        "dev": {
            "ss": 0.4434782608695652,
            "lms": 0.8065217391304348,
            "icat": 0.7153497164461248
        },
        "test": {
            "ss": 0.47186147186147187,
            "lms": 0.7640692640692641,
            "icat": 0.7210696950956692
        },
        "dev_count": 690,
        "test_count": 693
    },
    "religion": {
        "dev": {
            "ss": 0.8,
            "lms": 0.7666666666666667,
            "icat": 0.30666666666666664
        },
        "test": {
            "ss": 0.5625,
            "lms": 0.875,
            "icat": 0.765625
        },
        "dev_count": 45,
        "test_count": 48
    }
}
12/08/2025 08:40:47 - INFO - __main__ - ====================================================================================================
12/08/2025 08:40:47 - INFO - __main__ - Evaluating model at ./models/bert-base-cased/notall/inp/dynamic/2e-06/64/3000/model_11
12/08/2025 08:40:47 - INFO - __main__ - ==================================================57/80==================================================
12/08/2025 08:40:52 - INFO - __main__ - Got result: {
    "path": "./models/bert-base-cased/notall/inp/dynamic/2e-06/64/3000/model_11",
    "gender": {
        "dev": {
            "ss": 0.6923076923076923,
            "lms": 0.8461538461538461,
            "icat": 0.5207100591715976
        },
        "test": {
            "ss": 0.5961538461538461,
            "lms": 0.7980769230769231,
            "icat": 0.6446005917159764
        },
        "dev_count": 156,
        "test_count": 156
    },
    "profession": {
        "dev": {
            "ss": 0.5875706214689266,
            "lms": 0.7796610169491526,
            "icat": 0.6431102173704873
        },
        "test": {
            "ss": 0.6384180790960452,
            "lms": 0.731638418079096,
            "icat": 0.5290944492323406
        },
        "dev_count": 531,
        "test_count": 531
    },
    "race": {
        "dev": {
            "ss": 0.43043478260869567,
            "lms": 0.8021739130434783,
            "icat": 0.6905671077504726
        },
        "test": {
            "ss": 0.47186147186147187,
            "lms": 0.7597402597402597,
            "icat": 0.7169843143869118
        },
        "dev_count": 690,
        "test_count": 693
    },
    "religion": {
        "dev": {
            "ss": 0.8,
            "lms": 0.7333333333333333,
            "icat": 0.2933333333333332
        },
        "test": {
            "ss": 0.5625,
            "lms": 0.875,
            "icat": 0.765625
        },
        "dev_count": 45,
        "test_count": 48
    }
}
12/08/2025 08:40:52 - INFO - __main__ - ====================================================================================================
12/08/2025 08:40:52 - INFO - __main__ - Evaluating model at ./models/bert-base-cased/notall/inp/dynamic/2e-06/64/3000/model_13
12/08/2025 08:40:52 - INFO - __main__ - ==================================================58/80==================================================
12/08/2025 08:40:55 - INFO - __main__ - Got result: {
    "path": "./models/bert-base-cased/notall/inp/dynamic/2e-06/64/3000/model_13",
    "gender": {
        "dev": {
            "ss": 0.6923076923076923,
            "lms": 0.8461538461538461,
            "icat": 0.5207100591715976
        },
        "test": {
            "ss": 0.5769230769230769,
            "lms": 0.7980769230769231,
            "icat": 0.6752958579881658
        },
        "dev_count": 156,
        "test_count": 156
    },
    "profession": {
        "dev": {
            "ss": 0.5988700564971752,
            "lms": 0.7768361581920904,
            "icat": 0.6232244884930894
        },
        "test": {
            "ss": 0.6384180790960452,
            "lms": 0.731638418079096,
            "icat": 0.5290944492323406
        },
        "dev_count": 531,
        "test_count": 531
    },
    "race": {
        "dev": {
            "ss": 0.43043478260869567,
            "lms": 0.7978260869565217,
            "icat": 0.6868241965973535
        },
        "test": {
            "ss": 0.4675324675324675,
            "lms": 0.7510822510822511,
            "icat": 0.7023106763366503
        },
        "dev_count": 690,
        "test_count": 693
    },
    "religion": {
        "dev": {
            "ss": 0.8,
            "lms": 0.7333333333333333,
            "icat": 0.2933333333333332
        },
        "test": {
            "ss": 0.5625,
            "lms": 0.875,
            "icat": 0.765625
        },
        "dev_count": 45,
        "test_count": 48
    }
}
12/08/2025 08:40:55 - INFO - __main__ - ====================================================================================================
12/08/2025 08:40:55 - INFO - __main__ - Evaluating model at ./models/bert-base-cased/notall/inp/dynamic/2e-06/64/3000/model_2
12/08/2025 08:40:55 - INFO - __main__ - ==================================================59/80==================================================
12/08/2025 08:40:58 - INFO - __main__ - Got result: {
    "path": "./models/bert-base-cased/notall/inp/dynamic/2e-06/64/3000/model_2",
    "gender": {
        "dev": {
            "ss": 0.7307692307692307,
            "lms": 0.8461538461538461,
            "icat": 0.455621301775148
        },
        "test": {
            "ss": 0.5769230769230769,
            "lms": 0.7884615384615384,
            "icat": 0.6671597633136095
        },
        "dev_count": 156,
        "test_count": 156
    },
    "profession": {
        "dev": {
            "ss": 0.5932203389830508,
            "lms": 0.7966101694915254,
            "icat": 0.6480896294168342
        },
        "test": {
            "ss": 0.6610169491525424,
            "lms": 0.7627118644067796,
            "icat": 0.5170927894283252
        },
        "dev_count": 531,
        "test_count": 531
    },
    "race": {
        "dev": {
            "ss": 0.4782608695652174,
            "lms": 0.8239130434782609,
            "icat": 0.7880907372400756
        },
        "test": {
            "ss": 0.4588744588744589,
            "lms": 0.7748917748917749,
            "icat": 0.7111560877794644
        },
        "dev_count": 690,
        "test_count": 693
    },
    "religion": {
        "dev": {
            "ss": 0.7333333333333333,
            "lms": 0.8,
            "icat": 0.42666666666666675
        },
        "test": {
            "ss": 0.5625,
            "lms": 0.8125,
            "icat": 0.7109375
        },
        "dev_count": 45,
        "test_count": 48
    }
}
12/08/2025 08:40:58 - INFO - __main__ - ====================================================================================================
12/08/2025 08:40:58 - INFO - __main__ - Evaluating model at ./models/bert-base-cased/notall/inp/dynamic/2e-06/64/3000/model_12
12/08/2025 08:40:58 - INFO - __main__ - ==================================================60/80==================================================
12/08/2025 08:41:04 - INFO - __main__ - Got result: {
    "path": "./models/bert-base-cased/notall/inp/dynamic/2e-06/64/3000/model_12",
    "gender": {
        "dev": {
            "ss": 0.6923076923076923,
            "lms": 0.8461538461538461,
            "icat": 0.5207100591715976
        },
        "test": {
            "ss": 0.5961538461538461,
            "lms": 0.7980769230769231,
            "icat": 0.6446005917159764
        },
        "dev_count": 156,
        "test_count": 156
    },
    "profession": {
        "dev": {
            "ss": 0.5875706214689266,
            "lms": 0.7796610169491526,
            "icat": 0.6431102173704873
        },
        "test": {
            "ss": 0.6384180790960452,
            "lms": 0.731638418079096,
            "icat": 0.5290944492323406
        },
        "dev_count": 531,
        "test_count": 531
    },
    "race": {
        "dev": {
            "ss": 0.43043478260869567,
            "lms": 0.8043478260869565,
            "icat": 0.6924385633270321
        },
        "test": {
            "ss": 0.4675324675324675,
            "lms": 0.7554112554112554,
            "icat": 0.7063585764884466
        },
        "dev_count": 690,
        "test_count": 693
    },
    "religion": {
        "dev": {
            "ss": 0.8,
            "lms": 0.7333333333333333,
            "icat": 0.2933333333333332
        },
        "test": {
            "ss": 0.5625,
            "lms": 0.875,
            "icat": 0.765625
        },
        "dev_count": 45,
        "test_count": 48
    }
}
12/08/2025 08:41:04 - INFO - __main__ - ====================================================================================================
12/08/2025 08:41:04 - INFO - __main__ - Evaluating model at ./models/bert-base-cased/full_grad/inp/dynamic/2e-06/64/None/model_16
12/08/2025 08:41:04 - INFO - __main__ - ==================================================61/80==================================================
12/08/2025 08:41:07 - INFO - __main__ - Got result: {
    "path": "./models/bert-base-cased/full_grad/inp/dynamic/2e-06/64/None/model_16",
    "gender": {
        "dev": {
            "ss": 0.6923076923076923,
            "lms": 0.7692307692307693,
            "icat": 0.4733727810650888
        },
        "test": {
            "ss": 0.5384615384615384,
            "lms": 0.75,
            "icat": 0.6923076923076923
        },
        "dev_count": 156,
        "test_count": 156
    },
    "profession": {
        "dev": {
            "ss": 0.5875706214689266,
            "lms": 0.7740112994350282,
            "icat": 0.6384499984040345
        },
        "test": {
            "ss": 0.6271186440677966,
            "lms": 0.7033898305084746,
            "icat": 0.5245619074978455
        },
        "dev_count": 531,
        "test_count": 531
    },
    "race": {
        "dev": {
            "ss": 0.41304347826086957,
            "lms": 0.7760869565217391,
            "icat": 0.6411153119092627
        },
        "test": {
            "ss": 0.4458874458874459,
            "lms": 0.7294372294372294,
            "icat": 0.6504938063379622
        },
        "dev_count": 690,
        "test_count": 693
    },
    "religion": {
        "dev": {
            "ss": 0.7333333333333333,
            "lms": 0.7333333333333333,
            "icat": 0.3911111111111112
        },
        "test": {
            "ss": 0.5625,
            "lms": 0.71875,
            "icat": 0.62890625
        },
        "dev_count": 45,
        "test_count": 48
    }
}
12/08/2025 08:41:07 - INFO - __main__ - ====================================================================================================
12/08/2025 08:41:07 - INFO - __main__ - Evaluating model at ./models/bert-base-cased/full_grad/inp/dynamic/2e-06/64/None/model_7
12/08/2025 08:41:07 - INFO - __main__ - ==================================================62/80==================================================
12/08/2025 08:41:11 - INFO - __main__ - Got result: {
    "path": "./models/bert-base-cased/full_grad/inp/dynamic/2e-06/64/None/model_7",
    "gender": {
        "dev": {
            "ss": 0.6730769230769231,
            "lms": 0.7692307692307693,
            "icat": 0.5029585798816567
        },
        "test": {
            "ss": 0.5384615384615384,
            "lms": 0.7307692307692307,
            "icat": 0.6745562130177515
        },
        "dev_count": 156,
        "test_count": 156
    },
    "profession": {
        "dev": {
            "ss": 0.5819209039548022,
            "lms": 0.7344632768361582,
            "icat": 0.6141274857161098
        },
        "test": {
            "ss": 0.6045197740112994,
            "lms": 0.6807909604519774,
            "icat": 0.5384787257812251
        },
        "dev_count": 531,
        "test_count": 531
    },
    "race": {
        "dev": {
            "ss": 0.40869565217391307,
            "lms": 0.7456521739130435,
            "icat": 0.6094896030245748
        },
        "test": {
            "ss": 0.4588744588744589,
            "lms": 0.7034632034632035,
            "icat": 0.6456025936545418
        },
        "dev_count": 690,
        "test_count": 693
    },
    "religion": {
        "dev": {
            "ss": 0.7333333333333333,
            "lms": 0.7333333333333333,
            "icat": 0.3911111111111112
        },
        "test": {
            "ss": 0.5,
            "lms": 0.71875,
            "icat": 0.71875
        },
        "dev_count": 45,
        "test_count": 48
    }
}
12/08/2025 08:41:11 - INFO - __main__ - ====================================================================================================
12/08/2025 08:41:11 - INFO - __main__ - Evaluating model at ./models/bert-base-cased/full_grad/inp/dynamic/2e-06/64/None/model_6
12/08/2025 08:41:11 - INFO - __main__ - ==================================================63/80==================================================
12/08/2025 08:41:16 - INFO - __main__ - Got result: {
    "path": "./models/bert-base-cased/full_grad/inp/dynamic/2e-06/64/None/model_6",
    "gender": {
        "dev": {
            "ss": 0.6730769230769231,
            "lms": 0.7692307692307693,
            "icat": 0.5029585798816567
        },
        "test": {
            "ss": 0.5384615384615384,
            "lms": 0.7307692307692307,
            "icat": 0.6745562130177515
        },
        "dev_count": 156,
        "test_count": 156
    },
    "profession": {
        "dev": {
            "ss": 0.5875706214689266,
            "lms": 0.7401129943502824,
            "icat": 0.6104886846053177
        },
        "test": {
            "ss": 0.6045197740112994,
            "lms": 0.6864406779661016,
            "icat": 0.5429474288997415
        },
        "dev_count": 531,
        "test_count": 531
    },
    "race": {
        "dev": {
            "ss": 0.41304347826086957,
            "lms": 0.7434782608695653,
            "icat": 0.6141776937618147
        },
        "test": {
            "ss": 0.4588744588744589,
            "lms": 0.7056277056277056,
            "icat": 0.6475890631734788
        },
        "dev_count": 690,
        "test_count": 693
    },
    "religion": {
        "dev": {
            "ss": 0.7333333333333333,
            "lms": 0.7333333333333333,
            "icat": 0.3911111111111112
        },
        "test": {
            "ss": 0.5,
            "lms": 0.71875,
            "icat": 0.71875
        },
        "dev_count": 45,
        "test_count": 48
    }
}
12/08/2025 08:41:16 - INFO - __main__ - ====================================================================================================
12/08/2025 08:41:16 - INFO - __main__ - Evaluating model at ./models/bert-base-cased/full_grad/inp/dynamic/2e-06/64/None/model_3
12/08/2025 08:41:16 - INFO - __main__ - ==================================================64/80==================================================
12/08/2025 08:41:20 - INFO - __main__ - Got result: {
    "path": "./models/bert-base-cased/full_grad/inp/dynamic/2e-06/64/None/model_3",
    "gender": {
        "dev": {
            "ss": 0.6923076923076923,
            "lms": 0.7596153846153846,
            "icat": 0.46745562130177515
        },
        "test": {
            "ss": 0.5384615384615384,
            "lms": 0.7307692307692307,
            "icat": 0.6745562130177515
        },
        "dev_count": 156,
        "test_count": 156
    },
    "profession": {
        "dev": {
            "ss": 0.5932203389830508,
            "lms": 0.748587570621469,
            "icat": 0.6090203964378053
        },
        "test": {
            "ss": 0.615819209039548,
            "lms": 0.6892655367231638,
            "icat": 0.5296051581601711
        },
        "dev_count": 531,
        "test_count": 531
    },
    "race": {
        "dev": {
            "ss": 0.40869565217391307,
            "lms": 0.7695652173913043,
            "icat": 0.6290359168241967
        },
        "test": {
            "ss": 0.45454545454545453,
            "lms": 0.7207792207792207,
            "icat": 0.6552538370720188
        },
        "dev_count": 690,
        "test_count": 693
    },
    "religion": {
        "dev": {
            "ss": 0.7333333333333333,
            "lms": 0.7333333333333333,
            "icat": 0.3911111111111112
        },
        "test": {
            "ss": 0.5625,
            "lms": 0.71875,
            "icat": 0.62890625
        },
        "dev_count": 45,
        "test_count": 48
    }
}
12/08/2025 08:41:20 - INFO - __main__ - ====================================================================================================
12/08/2025 08:41:20 - INFO - __main__ - Evaluating model at ./models/bert-base-cased/full_grad/inp/dynamic/2e-06/64/None/model_8
12/08/2025 08:41:20 - INFO - __main__ - ==================================================65/80==================================================
12/08/2025 08:41:25 - INFO - __main__ - Got result: {
    "path": "./models/bert-base-cased/full_grad/inp/dynamic/2e-06/64/None/model_8",
    "gender": {
        "dev": {
            "ss": 0.6730769230769231,
            "lms": 0.7692307692307693,
            "icat": 0.5029585798816567
        },
        "test": {
            "ss": 0.5384615384615384,
            "lms": 0.7307692307692307,
            "icat": 0.6745562130177515
        },
        "dev_count": 156,
        "test_count": 156
    },
    "profession": {
        "dev": {
            "ss": 0.5875706214689266,
            "lms": 0.7288135593220338,
            "icat": 0.6011682466724121
        },
        "test": {
            "ss": 0.6045197740112994,
            "lms": 0.6779661016949152,
            "icat": 0.5362443742219669
        },
        "dev_count": 531,
        "test_count": 531
    },
    "race": {
        "dev": {
            "ss": 0.41304347826086957,
            "lms": 0.7434782608695653,
            "icat": 0.6141776937618147
        },
        "test": {
            "ss": 0.4588744588744589,
            "lms": 0.7034632034632035,
            "icat": 0.6456025936545418
        },
        "dev_count": 690,
        "test_count": 693
    },
    "religion": {
        "dev": {
            "ss": 0.7333333333333333,
            "lms": 0.7333333333333333,
            "icat": 0.3911111111111112
        },
        "test": {
            "ss": 0.5,
            "lms": 0.78125,
            "icat": 0.78125
        },
        "dev_count": 45,
        "test_count": 48
    }
}
12/08/2025 08:41:25 - INFO - __main__ - ====================================================================================================
12/08/2025 08:41:25 - INFO - __main__ - Evaluating model at ./models/bert-base-cased/full_grad/inp/dynamic/2e-06/64/None/model_14
12/08/2025 08:41:25 - INFO - __main__ - ==================================================66/80==================================================
12/08/2025 08:41:30 - INFO - __main__ - Got result: {
    "path": "./models/bert-base-cased/full_grad/inp/dynamic/2e-06/64/None/model_14",
    "gender": {
        "dev": {
            "ss": 0.6538461538461539,
            "lms": 0.7788461538461539,
            "icat": 0.5392011834319527
        },
        "test": {
            "ss": 0.5384615384615384,
            "lms": 0.7307692307692307,
            "icat": 0.6745562130177515
        },
        "dev_count": 156,
        "test_count": 156
    },
    "profession": {
        "dev": {
            "ss": 0.576271186440678,
            "lms": 0.7062146892655368,
            "icat": 0.5984870248013023
        },
        "test": {
            "ss": 0.6271186440677966,
            "lms": 0.6271186440677966,
            "icat": 0.46768170066072967
        },
        "dev_count": 531,
        "test_count": 531
    },
    "race": {
        "dev": {
            "ss": 0.391304347826087,
            "lms": 0.7326086956521739,
            "icat": 0.5733459357277882
        },
        "test": {
            "ss": 0.4458874458874459,
            "lms": 0.6688311688311688,
            "icat": 0.5964468432000899
        },
        "dev_count": 690,
        "test_count": 693
    },
    "religion": {
        "dev": {
            "ss": 0.6666666666666666,
            "lms": 0.7,
            "icat": 0.4666666666666667
        },
        "test": {
            "ss": 0.5,
            "lms": 0.75,
            "icat": 0.75
        },
        "dev_count": 45,
        "test_count": 48
    }
}
12/08/2025 08:41:30 - INFO - __main__ - ====================================================================================================
12/08/2025 08:41:30 - INFO - __main__ - Evaluating model at ./models/bert-base-cased/full_grad/inp/dynamic/2e-06/64/None/model_15
12/08/2025 08:41:30 - INFO - __main__ - ==================================================67/80==================================================
12/08/2025 08:41:34 - INFO - __main__ - Got result: {
    "path": "./models/bert-base-cased/full_grad/inp/dynamic/2e-06/64/None/model_15",
    "gender": {
        "dev": {
            "ss": 0.6538461538461539,
            "lms": 0.7788461538461539,
            "icat": 0.5392011834319527
        },
        "test": {
            "ss": 0.5384615384615384,
            "lms": 0.7307692307692307,
            "icat": 0.6745562130177515
        },
        "dev_count": 156,
        "test_count": 156
    },
    "profession": {
        "dev": {
            "ss": 0.5649717514124294,
            "lms": 0.7062146892655368,
            "icat": 0.6144466787960037
        },
        "test": {
            "ss": 0.6214689265536724,
            "lms": 0.6214689265536724,
            "icat": 0.4704905997637971
        },
        "dev_count": 531,
        "test_count": 531
    },
    "race": {
        "dev": {
            "ss": 0.3826086956521739,
            "lms": 0.7282608695652174,
            "icat": 0.5572778827977316
        },
        "test": {
            "ss": 0.44155844155844154,
            "lms": 0.6688311688311688,
            "icat": 0.5906560971496035
        },
        "dev_count": 690,
        "test_count": 693
    },
    "religion": {
        "dev": {
            "ss": 0.6666666666666666,
            "lms": 0.7,
            "icat": 0.4666666666666667
        },
        "test": {
            "ss": 0.5,
            "lms": 0.75,
            "icat": 0.75
        },
        "dev_count": 45,
        "test_count": 48
    }
}
12/08/2025 08:41:34 - INFO - __main__ - ====================================================================================================
12/08/2025 08:41:34 - INFO - __main__ - Evaluating model at ./models/bert-base-cased/full_grad/inp/dynamic/2e-06/64/None/model_17
12/08/2025 08:41:34 - INFO - __main__ - ==================================================68/80==================================================
12/08/2025 08:41:38 - INFO - __main__ - Got result: {
    "path": "./models/bert-base-cased/full_grad/inp/dynamic/2e-06/64/None/model_17",
    "gender": {
        "dev": {
            "ss": 0.6923076923076923,
            "lms": 0.7596153846153846,
            "icat": 0.46745562130177515
        },
        "test": {
            "ss": 0.5384615384615384,
            "lms": 0.75,
            "icat": 0.6923076923076923
        },
        "dev_count": 156,
        "test_count": 156
    },
    "profession": {
        "dev": {
            "ss": 0.5819209039548022,
            "lms": 0.7598870056497176,
            "icat": 0.635385744837052
        },
        "test": {
            "ss": 0.6271186440677966,
            "lms": 0.6864406779661016,
            "icat": 0.511921861534042
        },
        "dev_count": 531,
        "test_count": 531
    },
    "race": {
        "dev": {
            "ss": 0.41739130434782606,
            "lms": 0.7717391304347826,
            "icat": 0.644234404536862
        },
        "test": {
            "ss": 0.45454545454545453,
            "lms": 0.7316017316017316,
            "icat": 0.6650924832743014
        },
        "dev_count": 690,
        "test_count": 693
    },
    "religion": {
        "dev": {
            "ss": 0.7333333333333333,
            "lms": 0.7333333333333333,
            "icat": 0.3911111111111112
        },
        "test": {
            "ss": 0.5625,
            "lms": 0.71875,
            "icat": 0.62890625
        },
        "dev_count": 45,
        "test_count": 48
    }
}
12/08/2025 08:41:38 - INFO - __main__ - ====================================================================================================
12/08/2025 08:41:38 - INFO - __main__ - Evaluating model at ./models/bert-base-cased/full_grad/inp/dynamic/2e-06/64/None/model_5
12/08/2025 08:41:38 - INFO - __main__ - ==================================================69/80==================================================
12/08/2025 08:41:41 - INFO - __main__ - Got result: {
    "path": "./models/bert-base-cased/full_grad/inp/dynamic/2e-06/64/None/model_5",
    "gender": {
        "dev": {
            "ss": 0.6923076923076923,
            "lms": 0.7692307692307693,
            "icat": 0.4733727810650888
        },
        "test": {
            "ss": 0.5384615384615384,
            "lms": 0.7307692307692307,
            "icat": 0.6745562130177515
        },
        "dev_count": 156,
        "test_count": 156
    },
    "profession": {
        "dev": {
            "ss": 0.5988700564971752,
            "lms": 0.7429378531073446,
            "icat": 0.5960292380861182
        },
        "test": {
            "ss": 0.615819209039548,
            "lms": 0.6892655367231638,
            "icat": 0.5296051581601711
        },
        "dev_count": 531,
        "test_count": 531
    },
    "race": {
        "dev": {
            "ss": 0.40869565217391307,
            "lms": 0.758695652173913,
            "icat": 0.6201512287334594
        },
        "test": {
            "ss": 0.46320346320346323,
            "lms": 0.70995670995671,
            "icat": 0.6577088135529695
        },
        "dev_count": 690,
        "test_count": 693
    },
    "religion": {
        "dev": {
            "ss": 0.7333333333333333,
            "lms": 0.7333333333333333,
            "icat": 0.3911111111111112
        },
        "test": {
            "ss": 0.5625,
            "lms": 0.75,
            "icat": 0.65625
        },
        "dev_count": 45,
        "test_count": 48
    }
}
12/08/2025 08:41:41 - INFO - __main__ - ====================================================================================================
12/08/2025 08:41:41 - INFO - __main__ - Evaluating model at ./models/bert-base-cased/full_grad/inp/dynamic/2e-06/64/None/model_4
12/08/2025 08:41:41 - INFO - __main__ - ==================================================70/80==================================================
12/08/2025 08:41:44 - INFO - __main__ - Got result: {
    "path": "./models/bert-base-cased/full_grad/inp/dynamic/2e-06/64/None/model_4",
    "gender": {
        "dev": {
            "ss": 0.6923076923076923,
            "lms": 0.7596153846153846,
            "icat": 0.46745562130177515
        },
        "test": {
            "ss": 0.5384615384615384,
            "lms": 0.7307692307692307,
            "icat": 0.6745562130177515
        },
        "dev_count": 156,
        "test_count": 156
    },
    "profession": {
        "dev": {
            "ss": 0.6045197740112994,
            "lms": 0.7429378531073446,
            "icat": 0.5876344600849054
        },
        "test": {
            "ss": 0.615819209039548,
            "lms": 0.6864406779661016,
            "icat": 0.5274346452168917
        },
        "dev_count": 531,
        "test_count": 531
    },
    "race": {
        "dev": {
            "ss": 0.4043478260869565,
            "lms": 0.7608695652173914,
            "icat": 0.6153119092627599
        },
        "test": {
            "ss": 0.46320346320346323,
            "lms": 0.7121212121212122,
            "icat": 0.6597140233503871
        },
        "dev_count": 690,
        "test_count": 693
    },
    "religion": {
        "dev": {
            "ss": 0.7333333333333333,
            "lms": 0.7333333333333333,
            "icat": 0.3911111111111112
        },
        "test": {
            "ss": 0.5625,
            "lms": 0.71875,
            "icat": 0.62890625
        },
        "dev_count": 45,
        "test_count": 48
    }
}
12/08/2025 08:41:44 - INFO - __main__ - ====================================================================================================
12/08/2025 08:41:44 - INFO - __main__ - Evaluating model at ./models/bert-base-cased/full_grad/inp/dynamic/2e-06/64/None/model_10
12/08/2025 08:41:44 - INFO - __main__ - ==================================================71/80==================================================
12/08/2025 08:41:48 - INFO - __main__ - Got result: {
    "path": "./models/bert-base-cased/full_grad/inp/dynamic/2e-06/64/None/model_10",
    "gender": {
        "dev": {
            "ss": 0.6730769230769231,
            "lms": 0.7692307692307693,
            "icat": 0.5029585798816567
        },
        "test": {
            "ss": 0.5384615384615384,
            "lms": 0.7211538461538461,
            "icat": 0.6656804733727811
        },
        "dev_count": 156,
        "test_count": 156
    },
    "profession": {
        "dev": {
            "ss": 0.5819209039548022,
            "lms": 0.7175141242937854,
            "icat": 0.5999553129688149
        },
        "test": {
            "ss": 0.615819209039548,
            "lms": 0.6497175141242938,
            "icat": 0.4992179769542597
        },
        "dev_count": 531,
        "test_count": 531
    },
    "race": {
        "dev": {
            "ss": 0.4,
            "lms": 0.7434782608695653,
            "icat": 0.5947826086956522
        },
        "test": {
            "ss": 0.4588744588744589,
            "lms": 0.696969696969697,
            "icat": 0.6396431850977305
        },
        "dev_count": 690,
        "test_count": 693
    },
    "religion": {
        "dev": {
            "ss": 0.7333333333333333,
            "lms": 0.7333333333333333,
            "icat": 0.3911111111111112
        },
        "test": {
            "ss": 0.5,
            "lms": 0.78125,
            "icat": 0.78125
        },
        "dev_count": 45,
        "test_count": 48
    }
}
12/08/2025 08:41:48 - INFO - __main__ - ====================================================================================================
12/08/2025 08:41:48 - INFO - __main__ - Evaluating model at ./models/bert-base-cased/full_grad/inp/dynamic/2e-06/64/None/model_1
12/08/2025 08:41:48 - INFO - __main__ - ==================================================72/80==================================================
12/08/2025 08:41:51 - INFO - __main__ - Got result: {
    "path": "./models/bert-base-cased/full_grad/inp/dynamic/2e-06/64/None/model_1",
    "gender": {
        "dev": {
            "ss": 0.6923076923076923,
            "lms": 0.7692307692307693,
            "icat": 0.4733727810650888
        },
        "test": {
            "ss": 0.5384615384615384,
            "lms": 0.75,
            "icat": 0.6923076923076923
        },
        "dev_count": 156,
        "test_count": 156
    },
    "profession": {
        "dev": {
            "ss": 0.5875706214689266,
            "lms": 0.7740112994350282,
            "icat": 0.6384499984040345
        },
        "test": {
            "ss": 0.6271186440677966,
            "lms": 0.7033898305084746,
            "icat": 0.5245619074978455
        },
        "dev_count": 531,
        "test_count": 531
    },
    "race": {
        "dev": {
            "ss": 0.41304347826086957,
            "lms": 0.7760869565217391,
            "icat": 0.6411153119092627
        },
        "test": {
            "ss": 0.4458874458874459,
            "lms": 0.7294372294372294,
            "icat": 0.6504938063379622
        },
        "dev_count": 690,
        "test_count": 693
    },
    "religion": {
        "dev": {
            "ss": 0.7333333333333333,
            "lms": 0.7333333333333333,
            "icat": 0.3911111111111112
        },
        "test": {
            "ss": 0.5625,
            "lms": 0.71875,
            "icat": 0.62890625
        },
        "dev_count": 45,
        "test_count": 48
    }
}
12/08/2025 08:41:51 - INFO - __main__ - ====================================================================================================
12/08/2025 08:41:51 - INFO - __main__ - Evaluating model at ./models/bert-base-cased/full_grad/inp/dynamic/2e-06/64/None/model_20
12/08/2025 08:41:51 - INFO - __main__ - ==================================================73/80==================================================
12/08/2025 08:41:56 - INFO - __main__ - Got result: {
    "path": "./models/bert-base-cased/full_grad/inp/dynamic/2e-06/64/None/model_20",
    "gender": {
        "dev": {
            "ss": 0.6923076923076923,
            "lms": 0.7692307692307693,
            "icat": 0.4733727810650888
        },
        "test": {
            "ss": 0.5384615384615384,
            "lms": 0.7307692307692307,
            "icat": 0.6745562130177515
        },
        "dev_count": 156,
        "test_count": 156
    },
    "profession": {
        "dev": {
            "ss": 0.5988700564971752,
            "lms": 0.7429378531073446,
            "icat": 0.5960292380861182
        },
        "test": {
            "ss": 0.615819209039548,
            "lms": 0.6892655367231638,
            "icat": 0.5296051581601711
        },
        "dev_count": 531,
        "test_count": 531
    },
    "race": {
        "dev": {
            "ss": 0.40869565217391307,
            "lms": 0.758695652173913,
            "icat": 0.6201512287334594
        },
        "test": {
            "ss": 0.46320346320346323,
            "lms": 0.70995670995671,
            "icat": 0.6577088135529695
        },
        "dev_count": 690,
        "test_count": 693
    },
    "religion": {
        "dev": {
            "ss": 0.7333333333333333,
            "lms": 0.7333333333333333,
            "icat": 0.3911111111111112
        },
        "test": {
            "ss": 0.5625,
            "lms": 0.75,
            "icat": 0.65625
        },
        "dev_count": 45,
        "test_count": 48
    }
}
12/08/2025 08:41:56 - INFO - __main__ - ====================================================================================================
12/08/2025 08:41:56 - INFO - __main__ - Evaluating model at ./models/bert-base-cased/full_grad/inp/dynamic/2e-06/64/None/model_19
12/08/2025 08:41:56 - INFO - __main__ - ==================================================74/80==================================================
12/08/2025 08:42:01 - INFO - __main__ - Got result: {
    "path": "./models/bert-base-cased/full_grad/inp/dynamic/2e-06/64/None/model_19",
    "gender": {
        "dev": {
            "ss": 0.6923076923076923,
            "lms": 0.7596153846153846,
            "icat": 0.46745562130177515
        },
        "test": {
            "ss": 0.5384615384615384,
            "lms": 0.7307692307692307,
            "icat": 0.6745562130177515
        },
        "dev_count": 156,
        "test_count": 156
    },
    "profession": {
        "dev": {
            "ss": 0.6045197740112994,
            "lms": 0.7429378531073446,
            "icat": 0.5876344600849054
        },
        "test": {
            "ss": 0.615819209039548,
            "lms": 0.6864406779661016,
            "icat": 0.5274346452168917
        },
        "dev_count": 531,
        "test_count": 531
    },
    "race": {
        "dev": {
            "ss": 0.4043478260869565,
            "lms": 0.7608695652173914,
            "icat": 0.6153119092627599
        },
        "test": {
            "ss": 0.46320346320346323,
            "lms": 0.7121212121212122,
            "icat": 0.6597140233503871
        },
        "dev_count": 690,
        "test_count": 693
    },
    "religion": {
        "dev": {
            "ss": 0.7333333333333333,
            "lms": 0.7333333333333333,
            "icat": 0.3911111111111112
        },
        "test": {
            "ss": 0.5625,
            "lms": 0.71875,
            "icat": 0.62890625
        },
        "dev_count": 45,
        "test_count": 48
    }
}
12/08/2025 08:42:01 - INFO - __main__ - ====================================================================================================
12/08/2025 08:42:01 - INFO - __main__ - Evaluating model at ./models/bert-base-cased/full_grad/inp/dynamic/2e-06/64/None/model_9
12/08/2025 08:42:01 - INFO - __main__ - ==================================================75/80==================================================
12/08/2025 08:42:04 - INFO - __main__ - Got result: {
    "path": "./models/bert-base-cased/full_grad/inp/dynamic/2e-06/64/None/model_9",
    "gender": {
        "dev": {
            "ss": 0.6730769230769231,
            "lms": 0.7692307692307693,
            "icat": 0.5029585798816567
        },
        "test": {
            "ss": 0.5384615384615384,
            "lms": 0.7307692307692307,
            "icat": 0.6745562130177515
        },
        "dev_count": 156,
        "test_count": 156
    },
    "profession": {
        "dev": {
            "ss": 0.5819209039548022,
            "lms": 0.7175141242937854,
            "icat": 0.5999553129688149
        },
        "test": {
            "ss": 0.6101694915254238,
            "lms": 0.6610169491525424,
            "icat": 0.5153691467968974
        },
        "dev_count": 531,
        "test_count": 531
    },
    "race": {
        "dev": {
            "ss": 0.4043478260869565,
            "lms": 0.7456521739130435,
            "icat": 0.6030056710775047
        },
        "test": {
            "ss": 0.46320346320346323,
            "lms": 0.6991341991341992,
            "icat": 0.6476827645658815
        },
        "dev_count": 690,
        "test_count": 693
    },
    "religion": {
        "dev": {
            "ss": 0.7333333333333333,
            "lms": 0.7333333333333333,
            "icat": 0.3911111111111112
        },
        "test": {
            "ss": 0.5,
            "lms": 0.78125,
            "icat": 0.78125
        },
        "dev_count": 45,
        "test_count": 48
    }
}
12/08/2025 08:42:04 - INFO - __main__ - ====================================================================================================
12/08/2025 08:42:04 - INFO - __main__ - Evaluating model at ./models/bert-base-cased/full_grad/inp/dynamic/2e-06/64/None/model_18
12/08/2025 08:42:04 - INFO - __main__ - ==================================================76/80==================================================
12/08/2025 08:42:09 - INFO - __main__ - Got result: {
    "path": "./models/bert-base-cased/full_grad/inp/dynamic/2e-06/64/None/model_18",
    "gender": {
        "dev": {
            "ss": 0.6923076923076923,
            "lms": 0.7596153846153846,
            "icat": 0.46745562130177515
        },
        "test": {
            "ss": 0.5384615384615384,
            "lms": 0.7307692307692307,
            "icat": 0.6745562130177515
        },
        "dev_count": 156,
        "test_count": 156
    },
    "profession": {
        "dev": {
            "ss": 0.5932203389830508,
            "lms": 0.748587570621469,
            "icat": 0.6090203964378053
        },
        "test": {
            "ss": 0.615819209039548,
            "lms": 0.6892655367231638,
            "icat": 0.5296051581601711
        },
        "dev_count": 531,
        "test_count": 531
    },
    "race": {
        "dev": {
            "ss": 0.40869565217391307,
            "lms": 0.7695652173913043,
            "icat": 0.6290359168241967
        },
        "test": {
            "ss": 0.45454545454545453,
            "lms": 0.7207792207792207,
            "icat": 0.6552538370720188
        },
        "dev_count": 690,
        "test_count": 693
    },
    "religion": {
        "dev": {
            "ss": 0.7333333333333333,
            "lms": 0.7333333333333333,
            "icat": 0.3911111111111112
        },
        "test": {
            "ss": 0.5625,
            "lms": 0.71875,
            "icat": 0.62890625
        },
        "dev_count": 45,
        "test_count": 48
    }
}
12/08/2025 08:42:09 - INFO - __main__ - ====================================================================================================
12/08/2025 08:42:09 - INFO - __main__ - Evaluating model at ./models/bert-base-cased/full_grad/inp/dynamic/2e-06/64/None/model_11
12/08/2025 08:42:09 - INFO - __main__ - ==================================================77/80==================================================
12/08/2025 08:42:12 - INFO - __main__ - Got result: {
    "path": "./models/bert-base-cased/full_grad/inp/dynamic/2e-06/64/None/model_11",
    "gender": {
        "dev": {
            "ss": 0.6730769230769231,
            "lms": 0.7788461538461539,
            "icat": 0.5092455621301775
        },
        "test": {
            "ss": 0.5384615384615384,
            "lms": 0.7211538461538461,
            "icat": 0.6656804733727811
        },
        "dev_count": 156,
        "test_count": 156
    },
    "profession": {
        "dev": {
            "ss": 0.5875706214689266,
            "lms": 0.711864406779661,
            "icat": 0.5871875897730536
        },
        "test": {
            "ss": 0.6214689265536724,
            "lms": 0.6497175141242938,
            "icat": 0.49187653611669696
        },
        "dev_count": 531,
        "test_count": 531
    },
    "race": {
        "dev": {
            "ss": 0.3826086956521739,
            "lms": 0.7369565217391304,
            "icat": 0.5639319470699433
        },
        "test": {
            "ss": 0.4458874458874459,
            "lms": 0.6904761904761905,
            "icat": 0.6157493300350443
        },
        "dev_count": 690,
        "test_count": 693
    },
    "religion": {
        "dev": {
            "ss": 0.7333333333333333,
            "lms": 0.7,
            "icat": 0.3733333333333334
        },
        "test": {
            "ss": 0.5,
            "lms": 0.78125,
            "icat": 0.78125
        },
        "dev_count": 45,
        "test_count": 48
    }
}
12/08/2025 08:42:12 - INFO - __main__ - ====================================================================================================
12/08/2025 08:42:12 - INFO - __main__ - Evaluating model at ./models/bert-base-cased/full_grad/inp/dynamic/2e-06/64/None/model_13
12/08/2025 08:42:12 - INFO - __main__ - ==================================================78/80==================================================
12/08/2025 08:42:17 - INFO - __main__ - Got result: {
    "path": "./models/bert-base-cased/full_grad/inp/dynamic/2e-06/64/None/model_13",
    "gender": {
        "dev": {
            "ss": 0.6538461538461539,
            "lms": 0.7788461538461539,
            "icat": 0.5392011834319527
        },
        "test": {
            "ss": 0.5192307692307693,
            "lms": 0.7307692307692307,
            "icat": 0.702662721893491
        },
        "dev_count": 156,
        "test_count": 156
    },
    "profession": {
        "dev": {
            "ss": 0.576271186440678,
            "lms": 0.7062146892655368,
            "icat": 0.5984870248013023
        },
        "test": {
            "ss": 0.6214689265536724,
            "lms": 0.6440677966101694,
            "icat": 0.48759934884611694
        },
        "dev_count": 531,
        "test_count": 531
    },
    "race": {
        "dev": {
            "ss": 0.3826086956521739,
            "lms": 0.7304347826086957,
            "icat": 0.5589413988657845
        },
        "test": {
            "ss": 0.44155844155844154,
            "lms": 0.6774891774891775,
            "icat": 0.5983021307696632
        },
        "dev_count": 690,
        "test_count": 693
    },
    "religion": {
        "dev": {
            "ss": 0.6666666666666666,
            "lms": 0.7,
            "icat": 0.4666666666666667
        },
        "test": {
            "ss": 0.5,
            "lms": 0.75,
            "icat": 0.75
        },
        "dev_count": 45,
        "test_count": 48
    }
}
12/08/2025 08:42:17 - INFO - __main__ - ====================================================================================================
12/08/2025 08:42:17 - INFO - __main__ - Evaluating model at ./models/bert-base-cased/full_grad/inp/dynamic/2e-06/64/None/model_2
12/08/2025 08:42:17 - INFO - __main__ - ==================================================79/80==================================================
12/08/2025 08:42:20 - INFO - __main__ - Got result: {
    "path": "./models/bert-base-cased/full_grad/inp/dynamic/2e-06/64/None/model_2",
    "gender": {
        "dev": {
            "ss": 0.6923076923076923,
            "lms": 0.7596153846153846,
            "icat": 0.46745562130177515
        },
        "test": {
            "ss": 0.5384615384615384,
            "lms": 0.75,
            "icat": 0.6923076923076923
        },
        "dev_count": 156,
        "test_count": 156
    },
    "profession": {
        "dev": {
            "ss": 0.5819209039548022,
            "lms": 0.7598870056497176,
            "icat": 0.635385744837052
        },
        "test": {
            "ss": 0.6271186440677966,
            "lms": 0.6864406779661016,
            "icat": 0.511921861534042
        },
        "dev_count": 531,
        "test_count": 531
    },
    "race": {
        "dev": {
            "ss": 0.41739130434782606,
            "lms": 0.7717391304347826,
            "icat": 0.644234404536862
        },
        "test": {
            "ss": 0.45454545454545453,
            "lms": 0.7316017316017316,
            "icat": 0.6650924832743014
        },
        "dev_count": 690,
        "test_count": 693
    },
    "religion": {
        "dev": {
            "ss": 0.7333333333333333,
            "lms": 0.7333333333333333,
            "icat": 0.3911111111111112
        },
        "test": {
            "ss": 0.5625,
            "lms": 0.71875,
            "icat": 0.62890625
        },
        "dev_count": 45,
        "test_count": 48
    }
}
12/08/2025 08:42:20 - INFO - __main__ - ====================================================================================================
12/08/2025 08:42:20 - INFO - __main__ - Evaluating model at ./models/bert-base-cased/full_grad/inp/dynamic/2e-06/64/None/model_12
12/08/2025 08:42:20 - INFO - __main__ - ==================================================80/80==================================================
12/08/2025 08:42:25 - INFO - __main__ - Got result: {
    "path": "./models/bert-base-cased/full_grad/inp/dynamic/2e-06/64/None/model_12",
    "gender": {
        "dev": {
            "ss": 0.6538461538461539,
            "lms": 0.7788461538461539,
            "icat": 0.5392011834319527
        },
        "test": {
            "ss": 0.5384615384615384,
            "lms": 0.7211538461538461,
            "icat": 0.6656804733727811
        },
        "dev_count": 156,
        "test_count": 156
    },
    "profession": {
        "dev": {
            "ss": 0.5706214689265536,
            "lms": 0.7090395480225988,
            "icat": 0.6088927192058476
        },
        "test": {
            "ss": 0.6214689265536724,
            "lms": 0.6440677966101694,
            "icat": 0.48759934884611694
        },
        "dev_count": 531,
        "test_count": 531
    },
    "race": {
        "dev": {
            "ss": 0.3782608695652174,
            "lms": 0.7304347826086957,
            "icat": 0.5525897920604914
        },
        "test": {
            "ss": 0.4458874458874459,
            "lms": 0.6774891774891775,
            "icat": 0.6041678379340717
        },
        "dev_count": 690,
        "test_count": 693
    },
    "religion": {
        "dev": {
            "ss": 0.6666666666666666,
            "lms": 0.7,
            "icat": 0.4666666666666667
        },
        "test": {
            "ss": 0.5,
            "lms": 0.75,
            "icat": 0.75
        },
        "dev_count": 45,
        "test_count": 48
    }
}
12/08/2025 08:42:25 - INFO - __main__ - ====================================================================================================
12/08/2025 08:42:25 - INFO - __main__ - Got results map {
    "notall": {
        "inp": {
            "dynamic": {
                "2e-06": {
                    "64": {
                        "10000": {
                            "model_7": {
                                "path": "./models/bert-base-cased/notall/inp/dynamic/2e-06/64/10000/model_7",
                                "gender": {
                                    "dev": {
                                        "ss": 0.6923076923076923,
                                        "lms": 0.7788461538461539,
                                        "icat": 0.47928994082840237
                                    },
                                    "test": {
                                        "ss": 0.5384615384615384,
                                        "lms": 0.7692307692307693,
                                        "icat": 0.7100591715976332
                                    },
                                    "dev_count": 156,
                                    "test_count": 156
                                },
                                "profession": {
                                    "dev": {
                                        "ss": 0.5819209039548022,
                                        "lms": 0.7372881355932204,
                                        "icat": 0.6164895145073256
                                    },
                                    "test": {
                                        "ss": 0.615819209039548,
                                        "lms": 0.6977401129943502,
                                        "icat": 0.5361166969900092
                                    },
                                    "dev_count": 531,
                                    "test_count": 531
                                },
                                "race": {
                                    "dev": {
                                        "ss": 0.41304347826086957,
                                        "lms": 0.7739130434782608,
                                        "icat": 0.6393194706994328
                                    },
                                    "test": {
                                        "ss": 0.46320346320346323,
                                        "lms": 0.7229437229437229,
                                        "icat": 0.6697400723374749
                                    },
                                    "dev_count": 690,
                                    "test_count": 693
                                },
                                "religion": {
                                    "dev": {
                                        "ss": 0.8,
                                        "lms": 0.7666666666666667,
                                        "icat": 0.30666666666666664
                                    },
                                    "test": {
                                        "ss": 0.5625,
                                        "lms": 0.84375,
                                        "icat": 0.73828125
                                    },
                                    "dev_count": 45,
                                    "test_count": 48
                                }
                            },
                            "model_6": {
                                "path": "./models/bert-base-cased/notall/inp/dynamic/2e-06/64/10000/model_6",
                                "gender": {
                                    "dev": {
                                        "ss": 0.6923076923076923,
                                        "lms": 0.7788461538461539,
                                        "icat": 0.47928994082840237
                                    },
                                    "test": {
                                        "ss": 0.5576923076923077,
                                        "lms": 0.7596153846153846,
                                        "icat": 0.6719674556213017
                                    },
                                    "dev_count": 156,
                                    "test_count": 156
                                },
                                "profession": {
                                    "dev": {
                                        "ss": 0.5932203389830508,
                                        "lms": 0.7457627118644068,
                                        "icat": 0.6067222062625682
                                    },
                                    "test": {
                                        "ss": 0.6101694915254238,
                                        "lms": 0.6977401129943502,
                                        "icat": 0.5440007660633916
                                    },
                                    "dev_count": 531,
                                    "test_count": 531
                                },
                                "race": {
                                    "dev": {
                                        "ss": 0.4217391304347826,
                                        "lms": 0.7782608695652173,
                                        "icat": 0.6564461247637051
                                    },
                                    "test": {
                                        "ss": 0.46320346320346323,
                                        "lms": 0.7229437229437229,
                                        "icat": 0.6697400723374749
                                    },
                                    "dev_count": 690,
                                    "test_count": 693
                                },
                                "religion": {
                                    "dev": {
                                        "ss": 0.8,
                                        "lms": 0.7666666666666667,
                                        "icat": 0.30666666666666664
                                    },
                                    "test": {
                                        "ss": 0.5625,
                                        "lms": 0.84375,
                                        "icat": 0.73828125
                                    },
                                    "dev_count": 45,
                                    "test_count": 48
                                }
                            },
                            "model_3": {
                                "path": "./models/bert-base-cased/notall/inp/dynamic/2e-06/64/10000/model_3",
                                "gender": {
                                    "dev": {
                                        "ss": 0.6923076923076923,
                                        "lms": 0.7692307692307693,
                                        "icat": 0.4733727810650888
                                    },
                                    "test": {
                                        "ss": 0.5384615384615384,
                                        "lms": 0.7692307692307693,
                                        "icat": 0.7100591715976332
                                    },
                                    "dev_count": 156,
                                    "test_count": 156
                                },
                                "profession": {
                                    "dev": {
                                        "ss": 0.5932203389830508,
                                        "lms": 0.7627118644067796,
                                        "icat": 0.6205113473139903
                                    },
                                    "test": {
                                        "ss": 0.6045197740112994,
                                        "lms": 0.7005649717514124,
                                        "icat": 0.5541191866960324
                                    },
                                    "dev_count": 531,
                                    "test_count": 531
                                },
                                "race": {
                                    "dev": {
                                        "ss": 0.40869565217391307,
                                        "lms": 0.7934782608695652,
                                        "icat": 0.6485822306238186
                                    },
                                    "test": {
                                        "ss": 0.45021645021645024,
                                        "lms": 0.7424242424242424,
                                        "icat": 0.6685032139577595
                                    },
                                    "dev_count": 690,
                                    "test_count": 693
                                },
                                "religion": {
                                    "dev": {
                                        "ss": 0.7333333333333333,
                                        "lms": 0.7666666666666667,
                                        "icat": 0.40888888888888897
                                    },
                                    "test": {
                                        "ss": 0.5625,
                                        "lms": 0.8125,
                                        "icat": 0.7109375
                                    },
                                    "dev_count": 45,
                                    "test_count": 48
                                }
                            },
                            "model_8": {
                                "path": "./models/bert-base-cased/notall/inp/dynamic/2e-06/64/10000/model_8",
                                "gender": {
                                    "dev": {
                                        "ss": 0.6923076923076923,
                                        "lms": 0.7884615384615384,
                                        "icat": 0.485207100591716
                                    },
                                    "test": {
                                        "ss": 0.5384615384615384,
                                        "lms": 0.7692307692307693,
                                        "icat": 0.7100591715976332
                                    },
                                    "dev_count": 156,
                                    "test_count": 156
                                },
                                "profession": {
                                    "dev": {
                                        "ss": 0.576271186440678,
                                        "lms": 0.7429378531073446,
                                        "icat": 0.6296083500909699
                                    },
                                    "test": {
                                        "ss": 0.615819209039548,
                                        "lms": 0.6864406779661016,
                                        "icat": 0.5274346452168917
                                    },
                                    "dev_count": 531,
                                    "test_count": 531
                                },
                                "race": {
                                    "dev": {
                                        "ss": 0.41739130434782606,
                                        "lms": 0.7782608695652173,
                                        "icat": 0.6496786389413988
                                    },
                                    "test": {
                                        "ss": 0.4675324675324675,
                                        "lms": 0.7207792207792207,
                                        "icat": 0.6739753752740765
                                    },
                                    "dev_count": 690,
                                    "test_count": 693
                                },
                                "religion": {
                                    "dev": {
                                        "ss": 0.8,
                                        "lms": 0.7666666666666667,
                                        "icat": 0.30666666666666664
                                    },
                                    "test": {
                                        "ss": 0.5625,
                                        "lms": 0.84375,
                                        "icat": 0.73828125
                                    },
                                    "dev_count": 45,
                                    "test_count": 48
                                }
                            },
                            "model_14": {
                                "path": "./models/bert-base-cased/notall/inp/dynamic/2e-06/64/10000/model_14",
                                "gender": {
                                    "dev": {
                                        "ss": 0.6730769230769231,
                                        "lms": 0.7692307692307693,
                                        "icat": 0.5029585798816567
                                    },
                                    "test": {
                                        "ss": 0.5384615384615384,
                                        "lms": 0.7692307692307693,
                                        "icat": 0.7100591715976332
                                    },
                                    "dev_count": 156,
                                    "test_count": 156
                                },
                                "profession": {
                                    "dev": {
                                        "ss": 0.5819209039548022,
                                        "lms": 0.7203389830508474,
                                        "icat": 0.6023173417600307
                                    },
                                    "test": {
                                        "ss": 0.6214689265536724,
                                        "lms": 0.6666666666666666,
                                        "icat": 0.5047080979284368
                                    },
                                    "dev_count": 531,
                                    "test_count": 531
                                },
                                "race": {
                                    "dev": {
                                        "ss": 0.40869565217391307,
                                        "lms": 0.7630434782608696,
                                        "icat": 0.6237051039697543
                                    },
                                    "test": {
                                        "ss": 0.45021645021645024,
                                        "lms": 0.7077922077922078,
                                        "icat": 0.6373193905661438
                                    },
                                    "dev_count": 690,
                                    "test_count": 693
                                },
                                "religion": {
                                    "dev": {
                                        "ss": 0.8,
                                        "lms": 0.7333333333333333,
                                        "icat": 0.2933333333333332
                                    },
                                    "test": {
                                        "ss": 0.5625,
                                        "lms": 0.8125,
                                        "icat": 0.7109375
                                    },
                                    "dev_count": 45,
                                    "test_count": 48
                                }
                            },
                            "model_15": {
                                "path": "./models/bert-base-cased/notall/inp/dynamic/2e-06/64/10000/model_15",
                                "gender": {
                                    "dev": {
                                        "ss": 0.6538461538461539,
                                        "lms": 0.7692307692307693,
                                        "icat": 0.5325443786982249
                                    },
                                    "test": {
                                        "ss": 0.5384615384615384,
                                        "lms": 0.7692307692307693,
                                        "icat": 0.7100591715976332
                                    },
                                    "dev_count": 156,
                                    "test_count": 156
                                },
                                "profession": {
                                    "dev": {
                                        "ss": 0.5819209039548022,
                                        "lms": 0.7203389830508474,
                                        "icat": 0.6023173417600307
                                    },
                                    "test": {
                                        "ss": 0.6214689265536724,
                                        "lms": 0.6638418079096046,
                                        "icat": 0.502569504293147
                                    },
                                    "dev_count": 531,
                                    "test_count": 531
                                },
                                "race": {
                                    "dev": {
                                        "ss": 0.40869565217391307,
                                        "lms": 0.7565217391304347,
                                        "icat": 0.618374291115312
                                    },
                                    "test": {
                                        "ss": 0.45021645021645024,
                                        "lms": 0.7056277056277056,
                                        "icat": 0.6353704016041678
                                    },
                                    "dev_count": 690,
                                    "test_count": 693
                                },
                                "religion": {
                                    "dev": {
                                        "ss": 0.8,
                                        "lms": 0.7333333333333333,
                                        "icat": 0.2933333333333332
                                    },
                                    "test": {
                                        "ss": 0.5625,
                                        "lms": 0.8125,
                                        "icat": 0.7109375
                                    },
                                    "dev_count": 45,
                                    "test_count": 48
                                }
                            },
                            "model_5": {
                                "path": "./models/bert-base-cased/notall/inp/dynamic/2e-06/64/10000/model_5",
                                "gender": {
                                    "dev": {
                                        "ss": 0.6923076923076923,
                                        "lms": 0.7692307692307693,
                                        "icat": 0.4733727810650888
                                    },
                                    "test": {
                                        "ss": 0.5576923076923077,
                                        "lms": 0.7692307692307693,
                                        "icat": 0.6804733727810651
                                    },
                                    "dev_count": 156,
                                    "test_count": 156
                                },
                                "profession": {
                                    "dev": {
                                        "ss": 0.5932203389830508,
                                        "lms": 0.7542372881355932,
                                        "icat": 0.6136167767882793
                                    },
                                    "test": {
                                        "ss": 0.615819209039548,
                                        "lms": 0.6949152542372882,
                                        "icat": 0.5339461840467299
                                    },
                                    "dev_count": 531,
                                    "test_count": 531
                                },
                                "race": {
                                    "dev": {
                                        "ss": 0.41304347826086957,
                                        "lms": 0.7847826086956522,
                                        "icat": 0.6482986767485822
                                    },
                                    "test": {
                                        "ss": 0.4588744588744589,
                                        "lms": 0.7316017316017316,
                                        "icat": 0.6714266974007234
                                    },
                                    "dev_count": 690,
                                    "test_count": 693
                                },
                                "religion": {
                                    "dev": {
                                        "ss": 0.8,
                                        "lms": 0.7666666666666667,
                                        "icat": 0.30666666666666664
                                    },
                                    "test": {
                                        "ss": 0.5625,
                                        "lms": 0.84375,
                                        "icat": 0.73828125
                                    },
                                    "dev_count": 45,
                                    "test_count": 48
                                }
                            },
                            "model_4": {
                                "path": "./models/bert-base-cased/notall/inp/dynamic/2e-06/64/10000/model_4",
                                "gender": {
                                    "dev": {
                                        "ss": 0.6923076923076923,
                                        "lms": 0.7692307692307693,
                                        "icat": 0.4733727810650888
                                    },
                                    "test": {
                                        "ss": 0.5576923076923077,
                                        "lms": 0.7692307692307693,
                                        "icat": 0.6804733727810651
                                    },
                                    "dev_count": 156,
                                    "test_count": 156
                                },
                                "profession": {
                                    "dev": {
                                        "ss": 0.5988700564971752,
                                        "lms": 0.7655367231638418,
                                        "icat": 0.614159405024099
                                    },
                                    "test": {
                                        "ss": 0.6101694915254238,
                                        "lms": 0.6977401129943502,
                                        "icat": 0.5440007660633916
                                    },
                                    "dev_count": 531,
                                    "test_count": 531
                                },
                                "race": {
                                    "dev": {
                                        "ss": 0.40869565217391307,
                                        "lms": 0.7869565217391304,
                                        "icat": 0.6432514177693762
                                    },
                                    "test": {
                                        "ss": 0.45454545454545453,
                                        "lms": 0.7316017316017316,
                                        "icat": 0.6650924832743014
                                    },
                                    "dev_count": 690,
                                    "test_count": 693
                                },
                                "religion": {
                                    "dev": {
                                        "ss": 0.7333333333333333,
                                        "lms": 0.7666666666666667,
                                        "icat": 0.40888888888888897
                                    },
                                    "test": {
                                        "ss": 0.5625,
                                        "lms": 0.84375,
                                        "icat": 0.73828125
                                    },
                                    "dev_count": 45,
                                    "test_count": 48
                                }
                            },
                            "model_10": {
                                "path": "./models/bert-base-cased/notall/inp/dynamic/2e-06/64/10000/model_10",
                                "gender": {
                                    "dev": {
                                        "ss": 0.6923076923076923,
                                        "lms": 0.7788461538461539,
                                        "icat": 0.47928994082840237
                                    },
                                    "test": {
                                        "ss": 0.5384615384615384,
                                        "lms": 0.7692307692307693,
                                        "icat": 0.7100591715976332
                                    },
                                    "dev_count": 156,
                                    "test_count": 156
                                },
                                "profession": {
                                    "dev": {
                                        "ss": 0.576271186440678,
                                        "lms": 0.731638418079096,
                                        "icat": 0.6200325576941491
                                    },
                                    "test": {
                                        "ss": 0.6214689265536724,
                                        "lms": 0.6807909604519774,
                                        "icat": 0.5154010661048868
                                    },
                                    "dev_count": 531,
                                    "test_count": 531
                                },
                                "race": {
                                    "dev": {
                                        "ss": 0.41739130434782606,
                                        "lms": 0.7695652173913043,
                                        "icat": 0.6424196597353496
                                    },
                                    "test": {
                                        "ss": 0.4675324675324675,
                                        "lms": 0.70995670995671,
                                        "icat": 0.6638556248945859
                                    },
                                    "dev_count": 690,
                                    "test_count": 693
                                },
                                "religion": {
                                    "dev": {
                                        "ss": 0.8,
                                        "lms": 0.7333333333333333,
                                        "icat": 0.2933333333333332
                                    },
                                    "test": {
                                        "ss": 0.5625,
                                        "lms": 0.8125,
                                        "icat": 0.7109375
                                    },
                                    "dev_count": 45,
                                    "test_count": 48
                                }
                            },
                            "model_1": {
                                "path": "./models/bert-base-cased/notall/inp/dynamic/2e-06/64/10000/model_1",
                                "gender": {
                                    "dev": {
                                        "ss": 0.7115384615384616,
                                        "lms": 0.7980769230769231,
                                        "icat": 0.4604289940828402
                                    },
                                    "test": {
                                        "ss": 0.5384615384615384,
                                        "lms": 0.75,
                                        "icat": 0.6923076923076923
                                    },
                                    "dev_count": 156,
                                    "test_count": 156
                                },
                                "profession": {
                                    "dev": {
                                        "ss": 0.576271186440678,
                                        "lms": 0.7768361581920904,
                                        "icat": 0.6583357272814325
                                    },
                                    "test": {
                                        "ss": 0.6214689265536724,
                                        "lms": 0.7259887005649718,
                                        "icat": 0.5496185642695266
                                    },
                                    "dev_count": 531,
                                    "test_count": 531
                                },
                                "race": {
                                    "dev": {
                                        "ss": 0.4260869565217391,
                                        "lms": 0.7913043478260869,
                                        "icat": 0.6743289224952741
                                    },
                                    "test": {
                                        "ss": 0.45454545454545453,
                                        "lms": 0.7489177489177489,
                                        "icat": 0.6808343171979535
                                    },
                                    "dev_count": 690,
                                    "test_count": 693
                                },
                                "religion": {
                                    "dev": {
                                        "ss": 0.7333333333333333,
                                        "lms": 0.7666666666666667,
                                        "icat": 0.40888888888888897
                                    },
                                    "test": {
                                        "ss": 0.5625,
                                        "lms": 0.78125,
                                        "icat": 0.68359375
                                    },
                                    "dev_count": 45,
                                    "test_count": 48
                                }
                            },
                            "model_9": {
                                "path": "./models/bert-base-cased/notall/inp/dynamic/2e-06/64/10000/model_9",
                                "gender": {
                                    "dev": {
                                        "ss": 0.6923076923076923,
                                        "lms": 0.7884615384615384,
                                        "icat": 0.485207100591716
                                    },
                                    "test": {
                                        "ss": 0.5384615384615384,
                                        "lms": 0.7692307692307693,
                                        "icat": 0.7100591715976332
                                    },
                                    "dev_count": 156,
                                    "test_count": 156
                                },
                                "profession": {
                                    "dev": {
                                        "ss": 0.5649717514124294,
                                        "lms": 0.731638418079096,
                                        "icat": 0.6365667592326598
                                    },
                                    "test": {
                                        "ss": 0.615819209039548,
                                        "lms": 0.6779661016949152,
                                        "icat": 0.5209231063870535
                                    },
                                    "dev_count": 531,
                                    "test_count": 531
                                },
                                "race": {
                                    "dev": {
                                        "ss": 0.41739130434782606,
                                        "lms": 0.7760869565217391,
                                        "icat": 0.6478638941398865
                                    },
                                    "test": {
                                        "ss": 0.4675324675324675,
                                        "lms": 0.7121212121212122,
                                        "icat": 0.6658795749704841
                                    },
                                    "dev_count": 690,
                                    "test_count": 693
                                },
                                "religion": {
                                    "dev": {
                                        "ss": 0.8,
                                        "lms": 0.7333333333333333,
                                        "icat": 0.2933333333333332
                                    },
                                    "test": {
                                        "ss": 0.5625,
                                        "lms": 0.8125,
                                        "icat": 0.7109375
                                    },
                                    "dev_count": 45,
                                    "test_count": 48
                                }
                            },
                            "model_11": {
                                "path": "./models/bert-base-cased/notall/inp/dynamic/2e-06/64/10000/model_11",
                                "gender": {
                                    "dev": {
                                        "ss": 0.6730769230769231,
                                        "lms": 0.7788461538461539,
                                        "icat": 0.5092455621301775
                                    },
                                    "test": {
                                        "ss": 0.5384615384615384,
                                        "lms": 0.7692307692307693,
                                        "icat": 0.7100591715976332
                                    },
                                    "dev_count": 156,
                                    "test_count": 156
                                },
                                "profession": {
                                    "dev": {
                                        "ss": 0.576271186440678,
                                        "lms": 0.731638418079096,
                                        "icat": 0.6200325576941491
                                    },
                                    "test": {
                                        "ss": 0.6214689265536724,
                                        "lms": 0.6751412429378532,
                                        "icat": 0.5111238788343069
                                    },
                                    "dev_count": 531,
                                    "test_count": 531
                                },
                                "race": {
                                    "dev": {
                                        "ss": 0.41304347826086957,
                                        "lms": 0.7673913043478261,
                                        "icat": 0.6339319470699433
                                    },
                                    "test": {
                                        "ss": 0.4588744588744589,
                                        "lms": 0.7121212121212122,
                                        "icat": 0.65354847173029
                                    },
                                    "dev_count": 690,
                                    "test_count": 693
                                },
                                "religion": {
                                    "dev": {
                                        "ss": 0.8,
                                        "lms": 0.7333333333333333,
                                        "icat": 0.2933333333333332
                                    },
                                    "test": {
                                        "ss": 0.5625,
                                        "lms": 0.8125,
                                        "icat": 0.7109375
                                    },
                                    "dev_count": 45,
                                    "test_count": 48
                                }
                            },
                            "model_13": {
                                "path": "./models/bert-base-cased/notall/inp/dynamic/2e-06/64/10000/model_13",
                                "gender": {
                                    "dev": {
                                        "ss": 0.6730769230769231,
                                        "lms": 0.7692307692307693,
                                        "icat": 0.5029585798816567
                                    },
                                    "test": {
                                        "ss": 0.5384615384615384,
                                        "lms": 0.7692307692307693,
                                        "icat": 0.7100591715976332
                                    },
                                    "dev_count": 156,
                                    "test_count": 156
                                },
                                "profession": {
                                    "dev": {
                                        "ss": 0.576271186440678,
                                        "lms": 0.7231638418079096,
                                        "icat": 0.6128507133965335
                                    },
                                    "test": {
                                        "ss": 0.6101694915254238,
                                        "lms": 0.6666666666666666,
                                        "icat": 0.5197740112994349
                                    },
                                    "dev_count": 531,
                                    "test_count": 531
                                },
                                "race": {
                                    "dev": {
                                        "ss": 0.4043478260869565,
                                        "lms": 0.7673913043478261,
                                        "icat": 0.620586011342155
                                    },
                                    "test": {
                                        "ss": 0.45454545454545453,
                                        "lms": 0.7077922077922078,
                                        "icat": 0.6434474616292798
                                    },
                                    "dev_count": 690,
                                    "test_count": 693
                                },
                                "religion": {
                                    "dev": {
                                        "ss": 0.8,
                                        "lms": 0.7333333333333333,
                                        "icat": 0.2933333333333332
                                    },
                                    "test": {
                                        "ss": 0.5625,
                                        "lms": 0.8125,
                                        "icat": 0.7109375
                                    },
                                    "dev_count": 45,
                                    "test_count": 48
                                }
                            },
                            "model_2": {
                                "path": "./models/bert-base-cased/notall/inp/dynamic/2e-06/64/10000/model_2",
                                "gender": {
                                    "dev": {
                                        "ss": 0.6923076923076923,
                                        "lms": 0.7980769230769231,
                                        "icat": 0.49112426035502965
                                    },
                                    "test": {
                                        "ss": 0.5384615384615384,
                                        "lms": 0.7692307692307693,
                                        "icat": 0.7100591715976332
                                    },
                                    "dev_count": 156,
                                    "test_count": 156
                                },
                                "profession": {
                                    "dev": {
                                        "ss": 0.576271186440678,
                                        "lms": 0.7711864406779662,
                                        "icat": 0.6535478310830222
                                    },
                                    "test": {
                                        "ss": 0.615819209039548,
                                        "lms": 0.7090395480225988,
                                        "icat": 0.5447987487631268
                                    },
                                    "dev_count": 531,
                                    "test_count": 531
                                },
                                "race": {
                                    "dev": {
                                        "ss": 0.4043478260869565,
                                        "lms": 0.7913043478260869,
                                        "icat": 0.6399243856332703
                                    },
                                    "test": {
                                        "ss": 0.45021645021645024,
                                        "lms": 0.7402597402597403,
                                        "icat": 0.6665542249957835
                                    },
                                    "dev_count": 690,
                                    "test_count": 693
                                },
                                "religion": {
                                    "dev": {
                                        "ss": 0.7333333333333333,
                                        "lms": 0.8,
                                        "icat": 0.42666666666666675
                                    },
                                    "test": {
                                        "ss": 0.5625,
                                        "lms": 0.78125,
                                        "icat": 0.68359375
                                    },
                                    "dev_count": 45,
                                    "test_count": 48
                                }
                            },
                            "model_12": {
                                "path": "./models/bert-base-cased/notall/inp/dynamic/2e-06/64/10000/model_12",
                                "gender": {
                                    "dev": {
                                        "ss": 0.6730769230769231,
                                        "lms": 0.7692307692307693,
                                        "icat": 0.5029585798816567
                                    },
                                    "test": {
                                        "ss": 0.5384615384615384,
                                        "lms": 0.7692307692307693,
                                        "icat": 0.7100591715976332
                                    },
                                    "dev_count": 156,
                                    "test_count": 156
                                },
                                "profession": {
                                    "dev": {
                                        "ss": 0.576271186440678,
                                        "lms": 0.7259887005649718,
                                        "icat": 0.6152446614957388
                                    },
                                    "test": {
                                        "ss": 0.615819209039548,
                                        "lms": 0.6694915254237288,
                                        "icat": 0.5144115675572154
                                    },
                                    "dev_count": 531,
                                    "test_count": 531
                                },
                                "race": {
                                    "dev": {
                                        "ss": 0.40869565217391307,
                                        "lms": 0.7673913043478261,
                                        "icat": 0.6272589792060492
                                    },
                                    "test": {
                                        "ss": 0.45454545454545453,
                                        "lms": 0.70995670995671,
                                        "icat": 0.6454151908697363
                                    },
                                    "dev_count": 690,
                                    "test_count": 693
                                },
                                "religion": {
                                    "dev": {
                                        "ss": 0.8,
                                        "lms": 0.7333333333333333,
                                        "icat": 0.2933333333333332
                                    },
                                    "test": {
                                        "ss": 0.5625,
                                        "lms": 0.8125,
                                        "icat": 0.7109375
                                    },
                                    "dev_count": 45,
                                    "test_count": 48
                                }
                            }
                        },
                        "22000": {
                            "model_7": {
                                "path": "./models/bert-base-cased/notall/inp/dynamic/2e-06/64/22000/model_7",
                                "gender": {
                                    "dev": {
                                        "ss": 0.6730769230769231,
                                        "lms": 0.7596153846153846,
                                        "icat": 0.496671597633136
                                    },
                                    "test": {
                                        "ss": 0.5384615384615384,
                                        "lms": 0.75,
                                        "icat": 0.6923076923076923
                                    },
                                    "dev_count": 156,
                                    "test_count": 156
                                },
                                "profession": {
                                    "dev": {
                                        "ss": 0.5875706214689266,
                                        "lms": 0.7372881355932204,
                                        "icat": 0.6081585751220914
                                    },
                                    "test": {
                                        "ss": 0.6101694915254238,
                                        "lms": 0.6836158192090396,
                                        "icat": 0.5329886048070478
                                    },
                                    "dev_count": 531,
                                    "test_count": 531
                                },
                                "race": {
                                    "dev": {
                                        "ss": 0.41304347826086957,
                                        "lms": 0.75,
                                        "icat": 0.6195652173913043
                                    },
                                    "test": {
                                        "ss": 0.45454545454545453,
                                        "lms": 0.7077922077922078,
                                        "icat": 0.6434474616292798
                                    },
                                    "dev_count": 690,
                                    "test_count": 693
                                },
                                "religion": {
                                    "dev": {
                                        "ss": 0.7333333333333333,
                                        "lms": 0.7333333333333333,
                                        "icat": 0.3911111111111112
                                    },
                                    "test": {
                                        "ss": 0.5625,
                                        "lms": 0.78125,
                                        "icat": 0.68359375
                                    },
                                    "dev_count": 45,
                                    "test_count": 48
                                }
                            },
                            "model_6": {
                                "path": "./models/bert-base-cased/notall/inp/dynamic/2e-06/64/22000/model_6",
                                "gender": {
                                    "dev": {
                                        "ss": 0.6730769230769231,
                                        "lms": 0.7596153846153846,
                                        "icat": 0.496671597633136
                                    },
                                    "test": {
                                        "ss": 0.5384615384615384,
                                        "lms": 0.75,
                                        "icat": 0.6923076923076923
                                    },
                                    "dev_count": 156,
                                    "test_count": 156
                                },
                                "profession": {
                                    "dev": {
                                        "ss": 0.5988700564971752,
                                        "lms": 0.7429378531073446,
                                        "icat": 0.5960292380861182
                                    },
                                    "test": {
                                        "ss": 0.6101694915254238,
                                        "lms": 0.6836158192090396,
                                        "icat": 0.5329886048070478
                                    },
                                    "dev_count": 531,
                                    "test_count": 531
                                },
                                "race": {
                                    "dev": {
                                        "ss": 0.40869565217391307,
                                        "lms": 0.7521739130434782,
                                        "icat": 0.614820415879017
                                    },
                                    "test": {
                                        "ss": 0.45454545454545453,
                                        "lms": 0.7077922077922078,
                                        "icat": 0.6434474616292798
                                    },
                                    "dev_count": 690,
                                    "test_count": 693
                                },
                                "religion": {
                                    "dev": {
                                        "ss": 0.7333333333333333,
                                        "lms": 0.7333333333333333,
                                        "icat": 0.3911111111111112
                                    },
                                    "test": {
                                        "ss": 0.5625,
                                        "lms": 0.78125,
                                        "icat": 0.68359375
                                    },
                                    "dev_count": 45,
                                    "test_count": 48
                                }
                            },
                            "model_3": {
                                "path": "./models/bert-base-cased/notall/inp/dynamic/2e-06/64/22000/model_3",
                                "gender": {
                                    "dev": {
                                        "ss": 0.6923076923076923,
                                        "lms": 0.75,
                                        "icat": 0.46153846153846156
                                    },
                                    "test": {
                                        "ss": 0.5192307692307693,
                                        "lms": 0.7403846153846154,
                                        "icat": 0.7119082840236686
                                    },
                                    "dev_count": 156,
                                    "test_count": 156
                                },
                                "profession": {
                                    "dev": {
                                        "ss": 0.6045197740112994,
                                        "lms": 0.748587570621469,
                                        "icat": 0.5921031632034218
                                    },
                                    "test": {
                                        "ss": 0.615819209039548,
                                        "lms": 0.7005649717514124,
                                        "icat": 0.5382872099332886
                                    },
                                    "dev_count": 531,
                                    "test_count": 531
                                },
                                "race": {
                                    "dev": {
                                        "ss": 0.41304347826086957,
                                        "lms": 0.7760869565217391,
                                        "icat": 0.6411153119092627
                                    },
                                    "test": {
                                        "ss": 0.4588744588744589,
                                        "lms": 0.7207792207792207,
                                        "icat": 0.661494349806038
                                    },
                                    "dev_count": 690,
                                    "test_count": 693
                                },
                                "religion": {
                                    "dev": {
                                        "ss": 0.7333333333333333,
                                        "lms": 0.7333333333333333,
                                        "icat": 0.3911111111111112
                                    },
                                    "test": {
                                        "ss": 0.5625,
                                        "lms": 0.71875,
                                        "icat": 0.62890625
                                    },
                                    "dev_count": 45,
                                    "test_count": 48
                                }
                            },
                            "model_8": {
                                "path": "./models/bert-base-cased/notall/inp/dynamic/2e-06/64/22000/model_8",
                                "gender": {
                                    "dev": {
                                        "ss": 0.6730769230769231,
                                        "lms": 0.7692307692307693,
                                        "icat": 0.5029585798816567
                                    },
                                    "test": {
                                        "ss": 0.5384615384615384,
                                        "lms": 0.75,
                                        "icat": 0.6923076923076923
                                    },
                                    "dev_count": 156,
                                    "test_count": 156
                                },
                                "profession": {
                                    "dev": {
                                        "ss": 0.5988700564971752,
                                        "lms": 0.731638418079096,
                                        "icat": 0.5869641546171278
                                    },
                                    "test": {
                                        "ss": 0.6101694915254238,
                                        "lms": 0.6836158192090396,
                                        "icat": 0.5329886048070478
                                    },
                                    "dev_count": 531,
                                    "test_count": 531
                                },
                                "race": {
                                    "dev": {
                                        "ss": 0.41739130434782606,
                                        "lms": 0.75,
                                        "icat": 0.6260869565217391
                                    },
                                    "test": {
                                        "ss": 0.45454545454545453,
                                        "lms": 0.7077922077922078,
                                        "icat": 0.6434474616292798
                                    },
                                    "dev_count": 690,
                                    "test_count": 693
                                },
                                "religion": {
                                    "dev": {
                                        "ss": 0.7333333333333333,
                                        "lms": 0.7333333333333333,
                                        "icat": 0.3911111111111112
                                    },
                                    "test": {
                                        "ss": 0.5625,
                                        "lms": 0.78125,
                                        "icat": 0.68359375
                                    },
                                    "dev_count": 45,
                                    "test_count": 48
                                }
                            },
                            "model_14": {
                                "path": "./models/bert-base-cased/notall/inp/dynamic/2e-06/64/22000/model_14",
                                "gender": {
                                    "dev": {
                                        "ss": 0.6730769230769231,
                                        "lms": 0.7596153846153846,
                                        "icat": 0.496671597633136
                                    },
                                    "test": {
                                        "ss": 0.5384615384615384,
                                        "lms": 0.7596153846153846,
                                        "icat": 0.7011834319526628
                                    },
                                    "dev_count": 156,
                                    "test_count": 156
                                },
                                "profession": {
                                    "dev": {
                                        "ss": 0.5819209039548022,
                                        "lms": 0.7146892655367232,
                                        "icat": 0.597593284177599
                                    },
                                    "test": {
                                        "ss": 0.615819209039548,
                                        "lms": 0.6440677966101694,
                                        "icat": 0.49487695106770085
                                    },
                                    "dev_count": 531,
                                    "test_count": 531
                                },
                                "race": {
                                    "dev": {
                                        "ss": 0.4043478260869565,
                                        "lms": 0.7347826086956522,
                                        "icat": 0.5942155009451796
                                    },
                                    "test": {
                                        "ss": 0.44155844155844154,
                                        "lms": 0.6753246753246753,
                                        "icat": 0.5963906223646483
                                    },
                                    "dev_count": 690,
                                    "test_count": 693
                                },
                                "religion": {
                                    "dev": {
                                        "ss": 0.7333333333333333,
                                        "lms": 0.7333333333333333,
                                        "icat": 0.3911111111111112
                                    },
                                    "test": {
                                        "ss": 0.5625,
                                        "lms": 0.8125,
                                        "icat": 0.7109375
                                    },
                                    "dev_count": 45,
                                    "test_count": 48
                                }
                            },
                            "model_15": {
                                "path": "./models/bert-base-cased/notall/inp/dynamic/2e-06/64/22000/model_15",
                                "gender": {
                                    "dev": {
                                        "ss": 0.6730769230769231,
                                        "lms": 0.7596153846153846,
                                        "icat": 0.496671597633136
                                    },
                                    "test": {
                                        "ss": 0.5384615384615384,
                                        "lms": 0.7596153846153846,
                                        "icat": 0.7011834319526628
                                    },
                                    "dev_count": 156,
                                    "test_count": 156
                                },
                                "profession": {
                                    "dev": {
                                        "ss": 0.5819209039548022,
                                        "lms": 0.711864406779661,
                                        "icat": 0.5952312553863832
                                    },
                                    "test": {
                                        "ss": 0.615819209039548,
                                        "lms": 0.6440677966101694,
                                        "icat": 0.49487695106770085
                                    },
                                    "dev_count": 531,
                                    "test_count": 531
                                },
                                "race": {
                                    "dev": {
                                        "ss": 0.4043478260869565,
                                        "lms": 0.7347826086956522,
                                        "icat": 0.5942155009451796
                                    },
                                    "test": {
                                        "ss": 0.44155844155844154,
                                        "lms": 0.6731601731601732,
                                        "icat": 0.5944791139596335
                                    },
                                    "dev_count": 690,
                                    "test_count": 693
                                },
                                "religion": {
                                    "dev": {
                                        "ss": 0.7333333333333333,
                                        "lms": 0.7333333333333333,
                                        "icat": 0.3911111111111112
                                    },
                                    "test": {
                                        "ss": 0.5625,
                                        "lms": 0.8125,
                                        "icat": 0.7109375
                                    },
                                    "dev_count": 45,
                                    "test_count": 48
                                }
                            },
                            "model_5": {
                                "path": "./models/bert-base-cased/notall/inp/dynamic/2e-06/64/22000/model_5",
                                "gender": {
                                    "dev": {
                                        "ss": 0.6923076923076923,
                                        "lms": 0.75,
                                        "icat": 0.46153846153846156
                                    },
                                    "test": {
                                        "ss": 0.5384615384615384,
                                        "lms": 0.75,
                                        "icat": 0.6923076923076923
                                    },
                                    "dev_count": 156,
                                    "test_count": 156
                                },
                                "profession": {
                                    "dev": {
                                        "ss": 0.5932203389830508,
                                        "lms": 0.7429378531073446,
                                        "icat": 0.6044240160873312
                                    },
                                    "test": {
                                        "ss": 0.615819209039548,
                                        "lms": 0.6864406779661016,
                                        "icat": 0.5274346452168917
                                    },
                                    "dev_count": 531,
                                    "test_count": 531
                                },
                                "race": {
                                    "dev": {
                                        "ss": 0.40869565217391307,
                                        "lms": 0.758695652173913,
                                        "icat": 0.6201512287334594
                                    },
                                    "test": {
                                        "ss": 0.45454545454545453,
                                        "lms": 0.70995670995671,
                                        "icat": 0.6454151908697363
                                    },
                                    "dev_count": 690,
                                    "test_count": 693
                                },
                                "religion": {
                                    "dev": {
                                        "ss": 0.7333333333333333,
                                        "lms": 0.7333333333333333,
                                        "icat": 0.3911111111111112
                                    },
                                    "test": {
                                        "ss": 0.5625,
                                        "lms": 0.75,
                                        "icat": 0.65625
                                    },
                                    "dev_count": 45,
                                    "test_count": 48
                                }
                            },
                            "model_4": {
                                "path": "./models/bert-base-cased/notall/inp/dynamic/2e-06/64/22000/model_4",
                                "gender": {
                                    "dev": {
                                        "ss": 0.6923076923076923,
                                        "lms": 0.75,
                                        "icat": 0.46153846153846156
                                    },
                                    "test": {
                                        "ss": 0.5384615384615384,
                                        "lms": 0.7403846153846154,
                                        "icat": 0.6834319526627219
                                    },
                                    "dev_count": 156,
                                    "test_count": 156
                                },
                                "profession": {
                                    "dev": {
                                        "ss": 0.5988700564971752,
                                        "lms": 0.7401129943502824,
                                        "icat": 0.5937629672188706
                                    },
                                    "test": {
                                        "ss": 0.615819209039548,
                                        "lms": 0.6892655367231638,
                                        "icat": 0.5296051581601711
                                    },
                                    "dev_count": 531,
                                    "test_count": 531
                                },
                                "race": {
                                    "dev": {
                                        "ss": 0.40869565217391307,
                                        "lms": 0.7717391304347826,
                                        "icat": 0.630812854442344
                                    },
                                    "test": {
                                        "ss": 0.4588744588744589,
                                        "lms": 0.7121212121212122,
                                        "icat": 0.65354847173029
                                    },
                                    "dev_count": 690,
                                    "test_count": 693
                                },
                                "religion": {
                                    "dev": {
                                        "ss": 0.7333333333333333,
                                        "lms": 0.7333333333333333,
                                        "icat": 0.3911111111111112
                                    },
                                    "test": {
                                        "ss": 0.5625,
                                        "lms": 0.75,
                                        "icat": 0.65625
                                    },
                                    "dev_count": 45,
                                    "test_count": 48
                                }
                            },
                            "model_10": {
                                "path": "./models/bert-base-cased/notall/inp/dynamic/2e-06/64/22000/model_10",
                                "gender": {
                                    "dev": {
                                        "ss": 0.6730769230769231,
                                        "lms": 0.7692307692307693,
                                        "icat": 0.5029585798816567
                                    },
                                    "test": {
                                        "ss": 0.5384615384615384,
                                        "lms": 0.7596153846153846,
                                        "icat": 0.7011834319526628
                                    },
                                    "dev_count": 156,
                                    "test_count": 156
                                },
                                "profession": {
                                    "dev": {
                                        "ss": 0.5875706214689266,
                                        "lms": 0.7259887005649718,
                                        "icat": 0.5988381371891858
                                    },
                                    "test": {
                                        "ss": 0.615819209039548,
                                        "lms": 0.6666666666666666,
                                        "icat": 0.512241054613936
                                    },
                                    "dev_count": 531,
                                    "test_count": 531
                                },
                                "race": {
                                    "dev": {
                                        "ss": 0.41304347826086957,
                                        "lms": 0.7456521739130435,
                                        "icat": 0.6159735349716446
                                    },
                                    "test": {
                                        "ss": 0.45021645021645024,
                                        "lms": 0.6948051948051948,
                                        "icat": 0.6256254567942879
                                    },
                                    "dev_count": 690,
                                    "test_count": 693
                                },
                                "religion": {
                                    "dev": {
                                        "ss": 0.8,
                                        "lms": 0.7333333333333333,
                                        "icat": 0.2933333333333332
                                    },
                                    "test": {
                                        "ss": 0.5625,
                                        "lms": 0.78125,
                                        "icat": 0.68359375
                                    },
                                    "dev_count": 45,
                                    "test_count": 48
                                }
                            },
                            "model_1": {
                                "path": "./models/bert-base-cased/notall/inp/dynamic/2e-06/64/22000/model_1",
                                "gender": {
                                    "dev": {
                                        "ss": 0.7115384615384616,
                                        "lms": 0.7788461538461539,
                                        "icat": 0.44933431952662717
                                    },
                                    "test": {
                                        "ss": 0.5384615384615384,
                                        "lms": 0.75,
                                        "icat": 0.6923076923076923
                                    },
                                    "dev_count": 156,
                                    "test_count": 156
                                },
                                "profession": {
                                    "dev": {
                                        "ss": 0.5819209039548022,
                                        "lms": 0.7711864406779662,
                                        "icat": 0.6448338600019152
                                    },
                                    "test": {
                                        "ss": 0.632768361581921,
                                        "lms": 0.7090395480225988,
                                        "icat": 0.5207635098471064
                                    },
                                    "dev_count": 531,
                                    "test_count": 531
                                },
                                "race": {
                                    "dev": {
                                        "ss": 0.40869565217391307,
                                        "lms": 0.7804347826086957,
                                        "icat": 0.637920604914934
                                    },
                                    "test": {
                                        "ss": 0.45021645021645024,
                                        "lms": 0.7316017316017316,
                                        "icat": 0.6587582691478796
                                    },
                                    "dev_count": 690,
                                    "test_count": 693
                                },
                                "religion": {
                                    "dev": {
                                        "ss": 0.7333333333333333,
                                        "lms": 0.7666666666666667,
                                        "icat": 0.40888888888888897
                                    },
                                    "test": {
                                        "ss": 0.5625,
                                        "lms": 0.71875,
                                        "icat": 0.62890625
                                    },
                                    "dev_count": 45,
                                    "test_count": 48
                                }
                            },
                            "model_9": {
                                "path": "./models/bert-base-cased/notall/inp/dynamic/2e-06/64/22000/model_9",
                                "gender": {
                                    "dev": {
                                        "ss": 0.6730769230769231,
                                        "lms": 0.7692307692307693,
                                        "icat": 0.5029585798816567
                                    },
                                    "test": {
                                        "ss": 0.5384615384615384,
                                        "lms": 0.7596153846153846,
                                        "icat": 0.7011834319526628
                                    },
                                    "dev_count": 156,
                                    "test_count": 156
                                },
                                "profession": {
                                    "dev": {
                                        "ss": 0.5932203389830508,
                                        "lms": 0.7288135593220338,
                                        "icat": 0.5929330652111462
                                    },
                                    "test": {
                                        "ss": 0.615819209039548,
                                        "lms": 0.672316384180791,
                                        "icat": 0.5165820805004948
                                    },
                                    "dev_count": 531,
                                    "test_count": 531
                                },
                                "race": {
                                    "dev": {
                                        "ss": 0.40869565217391307,
                                        "lms": 0.7478260869565218,
                                        "icat": 0.6112665406427221
                                    },
                                    "test": {
                                        "ss": 0.45021645021645024,
                                        "lms": 0.7012987012987013,
                                        "icat": 0.6314724236802159
                                    },
                                    "dev_count": 690,
                                    "test_count": 693
                                },
                                "religion": {
                                    "dev": {
                                        "ss": 0.7333333333333333,
                                        "lms": 0.7333333333333333,
                                        "icat": 0.3911111111111112
                                    },
                                    "test": {
                                        "ss": 0.5625,
                                        "lms": 0.78125,
                                        "icat": 0.68359375
                                    },
                                    "dev_count": 45,
                                    "test_count": 48
                                }
                            },
                            "model_11": {
                                "path": "./models/bert-base-cased/notall/inp/dynamic/2e-06/64/22000/model_11",
                                "gender": {
                                    "dev": {
                                        "ss": 0.6730769230769231,
                                        "lms": 0.7596153846153846,
                                        "icat": 0.496671597633136
                                    },
                                    "test": {
                                        "ss": 0.5384615384615384,
                                        "lms": 0.7596153846153846,
                                        "icat": 0.7011834319526628
                                    },
                                    "dev_count": 156,
                                    "test_count": 156
                                },
                                "profession": {
                                    "dev": {
                                        "ss": 0.5875706214689266,
                                        "lms": 0.7231638418079096,
                                        "icat": 0.5965080277059593
                                    },
                                    "test": {
                                        "ss": 0.615819209039548,
                                        "lms": 0.6638418079096046,
                                        "icat": 0.5100705416706567
                                    },
                                    "dev_count": 531,
                                    "test_count": 531
                                },
                                "race": {
                                    "dev": {
                                        "ss": 0.40869565217391307,
                                        "lms": 0.7434782608695653,
                                        "icat": 0.6077126654064273
                                    },
                                    "test": {
                                        "ss": 0.45021645021645024,
                                        "lms": 0.6904761904761905,
                                        "icat": 0.6217274788703361
                                    },
                                    "dev_count": 690,
                                    "test_count": 693
                                },
                                "religion": {
                                    "dev": {
                                        "ss": 0.8,
                                        "lms": 0.7333333333333333,
                                        "icat": 0.2933333333333332
                                    },
                                    "test": {
                                        "ss": 0.5625,
                                        "lms": 0.78125,
                                        "icat": 0.68359375
                                    },
                                    "dev_count": 45,
                                    "test_count": 48
                                }
                            },
                            "model_13": {
                                "path": "./models/bert-base-cased/notall/inp/dynamic/2e-06/64/22000/model_13",
                                "gender": {
                                    "dev": {
                                        "ss": 0.6730769230769231,
                                        "lms": 0.7596153846153846,
                                        "icat": 0.496671597633136
                                    },
                                    "test": {
                                        "ss": 0.5384615384615384,
                                        "lms": 0.7596153846153846,
                                        "icat": 0.7011834319526628
                                    },
                                    "dev_count": 156,
                                    "test_count": 156
                                },
                                "profession": {
                                    "dev": {
                                        "ss": 0.5819209039548022,
                                        "lms": 0.7203389830508474,
                                        "icat": 0.6023173417600307
                                    },
                                    "test": {
                                        "ss": 0.6101694915254238,
                                        "lms": 0.6497175141242938,
                                        "icat": 0.5065594177918222
                                    },
                                    "dev_count": 531,
                                    "test_count": 531
                                },
                                "race": {
                                    "dev": {
                                        "ss": 0.40869565217391307,
                                        "lms": 0.7347826086956522,
                                        "icat": 0.6006049149338375
                                    },
                                    "test": {
                                        "ss": 0.44155844155844154,
                                        "lms": 0.6796536796536796,
                                        "icat": 0.6002136391746781
                                    },
                                    "dev_count": 690,
                                    "test_count": 693
                                },
                                "religion": {
                                    "dev": {
                                        "ss": 0.7333333333333333,
                                        "lms": 0.7333333333333333,
                                        "icat": 0.3911111111111112
                                    },
                                    "test": {
                                        "ss": 0.5625,
                                        "lms": 0.8125,
                                        "icat": 0.7109375
                                    },
                                    "dev_count": 45,
                                    "test_count": 48
                                }
                            },
                            "model_2": {
                                "path": "./models/bert-base-cased/notall/inp/dynamic/2e-06/64/22000/model_2",
                                "gender": {
                                    "dev": {
                                        "ss": 0.6923076923076923,
                                        "lms": 0.75,
                                        "icat": 0.46153846153846156
                                    },
                                    "test": {
                                        "ss": 0.5384615384615384,
                                        "lms": 0.7596153846153846,
                                        "icat": 0.7011834319526628
                                    },
                                    "dev_count": 156,
                                    "test_count": 156
                                },
                                "profession": {
                                    "dev": {
                                        "ss": 0.5988700564971752,
                                        "lms": 0.7542372881355932,
                                        "icat": 0.6050943215551087
                                    },
                                    "test": {
                                        "ss": 0.632768361581921,
                                        "lms": 0.6977401129943502,
                                        "icat": 0.5124644897698617
                                    },
                                    "dev_count": 531,
                                    "test_count": 531
                                },
                                "race": {
                                    "dev": {
                                        "ss": 0.40869565217391307,
                                        "lms": 0.7782608695652173,
                                        "icat": 0.6361436672967864
                                    },
                                    "test": {
                                        "ss": 0.4458874458874459,
                                        "lms": 0.7316017316017316,
                                        "icat": 0.6524240550214576
                                    },
                                    "dev_count": 690,
                                    "test_count": 693
                                },
                                "religion": {
                                    "dev": {
                                        "ss": 0.7333333333333333,
                                        "lms": 0.7333333333333333,
                                        "icat": 0.3911111111111112
                                    },
                                    "test": {
                                        "ss": 0.5625,
                                        "lms": 0.71875,
                                        "icat": 0.62890625
                                    },
                                    "dev_count": 45,
                                    "test_count": 48
                                }
                            },
                            "model_12": {
                                "path": "./models/bert-base-cased/notall/inp/dynamic/2e-06/64/22000/model_12",
                                "gender": {
                                    "dev": {
                                        "ss": 0.6730769230769231,
                                        "lms": 0.7596153846153846,
                                        "icat": 0.496671597633136
                                    },
                                    "test": {
                                        "ss": 0.5384615384615384,
                                        "lms": 0.7596153846153846,
                                        "icat": 0.7011834319526628
                                    },
                                    "dev_count": 156,
                                    "test_count": 156
                                },
                                "profession": {
                                    "dev": {
                                        "ss": 0.5819209039548022,
                                        "lms": 0.7231638418079096,
                                        "icat": 0.6046793705512465
                                    },
                                    "test": {
                                        "ss": 0.6101694915254238,
                                        "lms": 0.6581920903954802,
                                        "icat": 0.5131667145456286
                                    },
                                    "dev_count": 531,
                                    "test_count": 531
                                },
                                "race": {
                                    "dev": {
                                        "ss": 0.41304347826086957,
                                        "lms": 0.7326086956521739,
                                        "icat": 0.6051984877126654
                                    },
                                    "test": {
                                        "ss": 0.44155844155844154,
                                        "lms": 0.6861471861471862,
                                        "icat": 0.6059481643897229
                                    },
                                    "dev_count": 690,
                                    "test_count": 693
                                },
                                "religion": {
                                    "dev": {
                                        "ss": 0.7333333333333333,
                                        "lms": 0.7333333333333333,
                                        "icat": 0.3911111111111112
                                    },
                                    "test": {
                                        "ss": 0.5625,
                                        "lms": 0.8125,
                                        "icat": 0.7109375
                                    },
                                    "dev_count": 45,
                                    "test_count": 48
                                }
                            }
                        },
                        "15000": {
                            "model_7": {
                                "path": "./models/bert-base-cased/notall/inp/dynamic/2e-06/64/15000/model_7",
                                "gender": {
                                    "dev": {
                                        "ss": 0.6730769230769231,
                                        "lms": 0.7884615384615384,
                                        "icat": 0.5155325443786981
                                    },
                                    "test": {
                                        "ss": 0.5769230769230769,
                                        "lms": 0.7692307692307693,
                                        "icat": 0.6508875739644971
                                    },
                                    "dev_count": 156,
                                    "test_count": 156
                                },
                                "profession": {
                                    "dev": {
                                        "ss": 0.6101694915254238,
                                        "lms": 0.7570621468926554,
                                        "icat": 0.5902518433400363
                                    },
                                    "test": {
                                        "ss": 0.6101694915254238,
                                        "lms": 0.7062146892655368,
                                        "icat": 0.5506080628171981
                                    },
                                    "dev_count": 531,
                                    "test_count": 531
                                },
                                "race": {
                                    "dev": {
                                        "ss": 0.4043478260869565,
                                        "lms": 0.7804347826086957,
                                        "icat": 0.6311342155009452
                                    },
                                    "test": {
                                        "ss": 0.4675324675324675,
                                        "lms": 0.7251082251082251,
                                        "icat": 0.6780232754258728
                                    },
                                    "dev_count": 690,
                                    "test_count": 693
                                },
                                "religion": {
                                    "dev": {
                                        "ss": 0.7333333333333333,
                                        "lms": 0.7333333333333333,
                                        "icat": 0.3911111111111112
                                    },
                                    "test": {
                                        "ss": 0.5625,
                                        "lms": 0.78125,
                                        "icat": 0.68359375
                                    },
                                    "dev_count": 45,
                                    "test_count": 48
                                }
                            },
                            "model_6": {
                                "path": "./models/bert-base-cased/notall/inp/dynamic/2e-06/64/15000/model_6",
                                "gender": {
                                    "dev": {
                                        "ss": 0.6923076923076923,
                                        "lms": 0.7692307692307693,
                                        "icat": 0.4733727810650888
                                    },
                                    "test": {
                                        "ss": 0.5769230769230769,
                                        "lms": 0.7692307692307693,
                                        "icat": 0.6508875739644971
                                    },
                                    "dev_count": 156,
                                    "test_count": 156
                                },
                                "profession": {
                                    "dev": {
                                        "ss": 0.6101694915254238,
                                        "lms": 0.7542372881355932,
                                        "icat": 0.5880494110887675
                                    },
                                    "test": {
                                        "ss": 0.6101694915254238,
                                        "lms": 0.7090395480225988,
                                        "icat": 0.5528104950684668
                                    },
                                    "dev_count": 531,
                                    "test_count": 531
                                },
                                "race": {
                                    "dev": {
                                        "ss": 0.41739130434782606,
                                        "lms": 0.7804347826086957,
                                        "icat": 0.6514933837429111
                                    },
                                    "test": {
                                        "ss": 0.47186147186147187,
                                        "lms": 0.7186147186147186,
                                        "icat": 0.6781731976537171
                                    },
                                    "dev_count": 690,
                                    "test_count": 693
                                },
                                "religion": {
                                    "dev": {
                                        "ss": 0.7333333333333333,
                                        "lms": 0.7333333333333333,
                                        "icat": 0.3911111111111112
                                    },
                                    "test": {
                                        "ss": 0.5625,
                                        "lms": 0.78125,
                                        "icat": 0.68359375
                                    },
                                    "dev_count": 45,
                                    "test_count": 48
                                }
                            },
                            "model_3": {
                                "path": "./models/bert-base-cased/notall/inp/dynamic/2e-06/64/15000/model_3",
                                "gender": {
                                    "dev": {
                                        "ss": 0.6923076923076923,
                                        "lms": 0.7788461538461539,
                                        "icat": 0.47928994082840237
                                    },
                                    "test": {
                                        "ss": 0.5576923076923077,
                                        "lms": 0.7980769230769231,
                                        "icat": 0.705991124260355
                                    },
                                    "dev_count": 156,
                                    "test_count": 156
                                },
                                "profession": {
                                    "dev": {
                                        "ss": 0.6101694915254238,
                                        "lms": 0.768361581920904,
                                        "icat": 0.5990615723451115
                                    },
                                    "test": {
                                        "ss": 0.6271186440677966,
                                        "lms": 0.7203389830508474,
                                        "icat": 0.5372019534616489
                                    },
                                    "dev_count": 531,
                                    "test_count": 531
                                },
                                "race": {
                                    "dev": {
                                        "ss": 0.4043478260869565,
                                        "lms": 0.7891304347826087,
                                        "icat": 0.6381663516068052
                                    },
                                    "test": {
                                        "ss": 0.46320346320346323,
                                        "lms": 0.7380952380952381,
                                        "icat": 0.6837765409193981
                                    },
                                    "dev_count": 690,
                                    "test_count": 693
                                },
                                "religion": {
                                    "dev": {
                                        "ss": 0.7333333333333333,
                                        "lms": 0.7333333333333333,
                                        "icat": 0.3911111111111112
                                    },
                                    "test": {
                                        "ss": 0.5625,
                                        "lms": 0.78125,
                                        "icat": 0.68359375
                                    },
                                    "dev_count": 45,
                                    "test_count": 48
                                }
                            },
                            "model_8": {
                                "path": "./models/bert-base-cased/notall/inp/dynamic/2e-06/64/15000/model_8",
                                "gender": {
                                    "dev": {
                                        "ss": 0.6730769230769231,
                                        "lms": 0.7980769230769231,
                                        "icat": 0.5218195266272189
                                    },
                                    "test": {
                                        "ss": 0.5576923076923077,
                                        "lms": 0.7788461538461539,
                                        "icat": 0.6889792899408284
                                    },
                                    "dev_count": 156,
                                    "test_count": 156
                                },
                                "profession": {
                                    "dev": {
                                        "ss": 0.5875706214689266,
                                        "lms": 0.7542372881355932,
                                        "icat": 0.6221392320214497
                                    },
                                    "test": {
                                        "ss": 0.615819209039548,
                                        "lms": 0.6949152542372882,
                                        "icat": 0.5339461840467299
                                    },
                                    "dev_count": 531,
                                    "test_count": 531
                                },
                                "race": {
                                    "dev": {
                                        "ss": 0.41739130434782606,
                                        "lms": 0.7673913043478261,
                                        "icat": 0.6406049149338374
                                    },
                                    "test": {
                                        "ss": 0.4675324675324675,
                                        "lms": 0.7164502164502164,
                                        "icat": 0.6699274751222803
                                    },
                                    "dev_count": 690,
                                    "test_count": 693
                                },
                                "religion": {
                                    "dev": {
                                        "ss": 0.7333333333333333,
                                        "lms": 0.7333333333333333,
                                        "icat": 0.3911111111111112
                                    },
                                    "test": {
                                        "ss": 0.5625,
                                        "lms": 0.8125,
                                        "icat": 0.7109375
                                    },
                                    "dev_count": 45,
                                    "test_count": 48
                                }
                            },
                            "model_14": {
                                "path": "./models/bert-base-cased/notall/inp/dynamic/2e-06/64/15000/model_14",
                                "gender": {
                                    "dev": {
                                        "ss": 0.6538461538461539,
                                        "lms": 0.7884615384615384,
                                        "icat": 0.5458579881656804
                                    },
                                    "test": {
                                        "ss": 0.5192307692307693,
                                        "lms": 0.7596153846153846,
                                        "icat": 0.7303994082840236
                                    },
                                    "dev_count": 156,
                                    "test_count": 156
                                },
                                "profession": {
                                    "dev": {
                                        "ss": 0.5706214689265536,
                                        "lms": 0.7203389830508474,
                                        "icat": 0.6185961888346261
                                    },
                                    "test": {
                                        "ss": 0.6214689265536724,
                                        "lms": 0.652542372881356,
                                        "icat": 0.49401512975198697
                                    },
                                    "dev_count": 531,
                                    "test_count": 531
                                },
                                "race": {
                                    "dev": {
                                        "ss": 0.39565217391304347,
                                        "lms": 0.741304347826087,
                                        "icat": 0.5865973534971645
                                    },
                                    "test": {
                                        "ss": 0.44155844155844154,
                                        "lms": 0.6904761904761905,
                                        "icat": 0.6097711811997526
                                    },
                                    "dev_count": 690,
                                    "test_count": 693
                                },
                                "religion": {
                                    "dev": {
                                        "ss": 0.7333333333333333,
                                        "lms": 0.7333333333333333,
                                        "icat": 0.3911111111111112
                                    },
                                    "test": {
                                        "ss": 0.5625,
                                        "lms": 0.8125,
                                        "icat": 0.7109375
                                    },
                                    "dev_count": 45,
                                    "test_count": 48
                                }
                            },
                            "model_15": {
                                "path": "./models/bert-base-cased/notall/inp/dynamic/2e-06/64/15000/model_15",
                                "gender": {
                                    "dev": {
                                        "ss": 0.6538461538461539,
                                        "lms": 0.7884615384615384,
                                        "icat": 0.5458579881656804
                                    },
                                    "test": {
                                        "ss": 0.5192307692307693,
                                        "lms": 0.7596153846153846,
                                        "icat": 0.7303994082840236
                                    },
                                    "dev_count": 156,
                                    "test_count": 156
                                },
                                "profession": {
                                    "dev": {
                                        "ss": 0.576271186440678,
                                        "lms": 0.7259887005649718,
                                        "icat": 0.6152446614957388
                                    },
                                    "test": {
                                        "ss": 0.6214689265536724,
                                        "lms": 0.6497175141242938,
                                        "icat": 0.49187653611669696
                                    },
                                    "dev_count": 531,
                                    "test_count": 531
                                },
                                "race": {
                                    "dev": {
                                        "ss": 0.39565217391304347,
                                        "lms": 0.7369565217391304,
                                        "icat": 0.5831568998109641
                                    },
                                    "test": {
                                        "ss": 0.44155844155844154,
                                        "lms": 0.6883116883116883,
                                        "icat": 0.6078596727947377
                                    },
                                    "dev_count": 690,
                                    "test_count": 693
                                },
                                "religion": {
                                    "dev": {
                                        "ss": 0.7333333333333333,
                                        "lms": 0.7333333333333333,
                                        "icat": 0.3911111111111112
                                    },
                                    "test": {
                                        "ss": 0.5625,
                                        "lms": 0.8125,
                                        "icat": 0.7109375
                                    },
                                    "dev_count": 45,
                                    "test_count": 48
                                }
                            },
                            "model_5": {
                                "path": "./models/bert-base-cased/notall/inp/dynamic/2e-06/64/15000/model_5",
                                "gender": {
                                    "dev": {
                                        "ss": 0.6923076923076923,
                                        "lms": 0.7788461538461539,
                                        "icat": 0.47928994082840237
                                    },
                                    "test": {
                                        "ss": 0.5769230769230769,
                                        "lms": 0.7692307692307693,
                                        "icat": 0.6508875739644971
                                    },
                                    "dev_count": 156,
                                    "test_count": 156
                                },
                                "profession": {
                                    "dev": {
                                        "ss": 0.5932203389830508,
                                        "lms": 0.7570621468926554,
                                        "icat": 0.6159149669635163
                                    },
                                    "test": {
                                        "ss": 0.5988700564971752,
                                        "lms": 0.711864406779661,
                                        "icat": 0.5711002585463947
                                    },
                                    "dev_count": 531,
                                    "test_count": 531
                                },
                                "race": {
                                    "dev": {
                                        "ss": 0.40869565217391307,
                                        "lms": 0.7869565217391304,
                                        "icat": 0.6432514177693762
                                    },
                                    "test": {
                                        "ss": 0.46320346320346323,
                                        "lms": 0.7164502164502164,
                                        "icat": 0.6637244429452221
                                    },
                                    "dev_count": 690,
                                    "test_count": 693
                                },
                                "religion": {
                                    "dev": {
                                        "ss": 0.7333333333333333,
                                        "lms": 0.7333333333333333,
                                        "icat": 0.3911111111111112
                                    },
                                    "test": {
                                        "ss": 0.5625,
                                        "lms": 0.78125,
                                        "icat": 0.68359375
                                    },
                                    "dev_count": 45,
                                    "test_count": 48
                                }
                            },
                            "model_4": {
                                "path": "./models/bert-base-cased/notall/inp/dynamic/2e-06/64/15000/model_4",
                                "gender": {
                                    "dev": {
                                        "ss": 0.6923076923076923,
                                        "lms": 0.7788461538461539,
                                        "icat": 0.47928994082840237
                                    },
                                    "test": {
                                        "ss": 0.5769230769230769,
                                        "lms": 0.7980769230769231,
                                        "icat": 0.6752958579881658
                                    },
                                    "dev_count": 156,
                                    "test_count": 156
                                },
                                "profession": {
                                    "dev": {
                                        "ss": 0.6045197740112994,
                                        "lms": 0.7655367231638418,
                                        "icat": 0.6055092725589709
                                    },
                                    "test": {
                                        "ss": 0.6101694915254238,
                                        "lms": 0.711864406779661,
                                        "icat": 0.5550129273197356
                                    },
                                    "dev_count": 531,
                                    "test_count": 531
                                },
                                "race": {
                                    "dev": {
                                        "ss": 0.4043478260869565,
                                        "lms": 0.7847826086956522,
                                        "icat": 0.6346502835538752
                                    },
                                    "test": {
                                        "ss": 0.46320346320346323,
                                        "lms": 0.7294372294372294,
                                        "icat": 0.6757557017297278
                                    },
                                    "dev_count": 690,
                                    "test_count": 693
                                },
                                "religion": {
                                    "dev": {
                                        "ss": 0.7333333333333333,
                                        "lms": 0.7333333333333333,
                                        "icat": 0.3911111111111112
                                    },
                                    "test": {
                                        "ss": 0.5625,
                                        "lms": 0.78125,
                                        "icat": 0.68359375
                                    },
                                    "dev_count": 45,
                                    "test_count": 48
                                }
                            },
                            "model_10": {
                                "path": "./models/bert-base-cased/notall/inp/dynamic/2e-06/64/15000/model_10",
                                "gender": {
                                    "dev": {
                                        "ss": 0.6730769230769231,
                                        "lms": 0.7980769230769231,
                                        "icat": 0.5218195266272189
                                    },
                                    "test": {
                                        "ss": 0.5384615384615384,
                                        "lms": 0.7692307692307693,
                                        "icat": 0.7100591715976332
                                    },
                                    "dev_count": 156,
                                    "test_count": 156
                                },
                                "profession": {
                                    "dev": {
                                        "ss": 0.576271186440678,
                                        "lms": 0.7259887005649718,
                                        "icat": 0.6152446614957388
                                    },
                                    "test": {
                                        "ss": 0.615819209039548,
                                        "lms": 0.6864406779661016,
                                        "icat": 0.5274346452168917
                                    },
                                    "dev_count": 531,
                                    "test_count": 531
                                },
                                "race": {
                                    "dev": {
                                        "ss": 0.39565217391304347,
                                        "lms": 0.7565217391304347,
                                        "icat": 0.5986389413988658
                                    },
                                    "test": {
                                        "ss": 0.45454545454545453,
                                        "lms": 0.7121212121212122,
                                        "icat": 0.6473829201101928
                                    },
                                    "dev_count": 690,
                                    "test_count": 693
                                },
                                "religion": {
                                    "dev": {
                                        "ss": 0.8,
                                        "lms": 0.7333333333333333,
                                        "icat": 0.2933333333333332
                                    },
                                    "test": {
                                        "ss": 0.5625,
                                        "lms": 0.8125,
                                        "icat": 0.7109375
                                    },
                                    "dev_count": 45,
                                    "test_count": 48
                                }
                            },
                            "model_1": {
                                "path": "./models/bert-base-cased/notall/inp/dynamic/2e-06/64/15000/model_1",
                                "gender": {
                                    "dev": {
                                        "ss": 0.7115384615384616,
                                        "lms": 0.7980769230769231,
                                        "icat": 0.4604289940828402
                                    },
                                    "test": {
                                        "ss": 0.5576923076923077,
                                        "lms": 0.75,
                                        "icat": 0.6634615384615384
                                    },
                                    "dev_count": 156,
                                    "test_count": 156
                                },
                                "profession": {
                                    "dev": {
                                        "ss": 0.5932203389830508,
                                        "lms": 0.768361581920904,
                                        "icat": 0.6251077276644643
                                    },
                                    "test": {
                                        "ss": 0.632768361581921,
                                        "lms": 0.731638418079096,
                                        "icat": 0.5373615500015959
                                    },
                                    "dev_count": 531,
                                    "test_count": 531
                                },
                                "race": {
                                    "dev": {
                                        "ss": 0.41739130434782606,
                                        "lms": 0.7782608695652173,
                                        "icat": 0.6496786389413988
                                    },
                                    "test": {
                                        "ss": 0.45454545454545453,
                                        "lms": 0.7467532467532467,
                                        "icat": 0.678866587957497
                                    },
                                    "dev_count": 690,
                                    "test_count": 693
                                },
                                "religion": {
                                    "dev": {
                                        "ss": 0.7333333333333333,
                                        "lms": 0.7666666666666667,
                                        "icat": 0.40888888888888897
                                    },
                                    "test": {
                                        "ss": 0.5625,
                                        "lms": 0.71875,
                                        "icat": 0.62890625
                                    },
                                    "dev_count": 45,
                                    "test_count": 48
                                }
                            },
                            "model_9": {
                                "path": "./models/bert-base-cased/notall/inp/dynamic/2e-06/64/15000/model_9",
                                "gender": {
                                    "dev": {
                                        "ss": 0.6730769230769231,
                                        "lms": 0.7980769230769231,
                                        "icat": 0.5218195266272189
                                    },
                                    "test": {
                                        "ss": 0.5384615384615384,
                                        "lms": 0.7596153846153846,
                                        "icat": 0.7011834319526628
                                    },
                                    "dev_count": 156,
                                    "test_count": 156
                                },
                                "profession": {
                                    "dev": {
                                        "ss": 0.576271186440678,
                                        "lms": 0.7344632768361582,
                                        "icat": 0.6224265057933543
                                    },
                                    "test": {
                                        "ss": 0.615819209039548,
                                        "lms": 0.6892655367231638,
                                        "icat": 0.5296051581601711
                                    },
                                    "dev_count": 531,
                                    "test_count": 531
                                },
                                "race": {
                                    "dev": {
                                        "ss": 0.39565217391304347,
                                        "lms": 0.758695652173913,
                                        "icat": 0.6003591682419659
                                    },
                                    "test": {
                                        "ss": 0.4588744588744589,
                                        "lms": 0.7142857142857143,
                                        "icat": 0.655534941249227
                                    },
                                    "dev_count": 690,
                                    "test_count": 693
                                },
                                "religion": {
                                    "dev": {
                                        "ss": 0.7333333333333333,
                                        "lms": 0.7666666666666667,
                                        "icat": 0.40888888888888897
                                    },
                                    "test": {
                                        "ss": 0.5625,
                                        "lms": 0.8125,
                                        "icat": 0.7109375
                                    },
                                    "dev_count": 45,
                                    "test_count": 48
                                }
                            },
                            "model_11": {
                                "path": "./models/bert-base-cased/notall/inp/dynamic/2e-06/64/15000/model_11",
                                "gender": {
                                    "dev": {
                                        "ss": 0.6730769230769231,
                                        "lms": 0.7884615384615384,
                                        "icat": 0.5155325443786981
                                    },
                                    "test": {
                                        "ss": 0.5576923076923077,
                                        "lms": 0.7884615384615384,
                                        "icat": 0.6974852071005917
                                    },
                                    "dev_count": 156,
                                    "test_count": 156
                                },
                                "profession": {
                                    "dev": {
                                        "ss": 0.5932203389830508,
                                        "lms": 0.7429378531073446,
                                        "icat": 0.6044240160873312
                                    },
                                    "test": {
                                        "ss": 0.6271186440677966,
                                        "lms": 0.6892655367231638,
                                        "icat": 0.5140285358613426
                                    },
                                    "dev_count": 531,
                                    "test_count": 531
                                },
                                "race": {
                                    "dev": {
                                        "ss": 0.39565217391304347,
                                        "lms": 0.7630434782608696,
                                        "icat": 0.6037996219281664
                                    },
                                    "test": {
                                        "ss": 0.46320346320346323,
                                        "lms": 0.7077922077922078,
                                        "icat": 0.6557036037555518
                                    },
                                    "dev_count": 690,
                                    "test_count": 693
                                },
                                "religion": {
                                    "dev": {
                                        "ss": 0.7333333333333333,
                                        "lms": 0.7333333333333333,
                                        "icat": 0.3911111111111112
                                    },
                                    "test": {
                                        "ss": 0.5625,
                                        "lms": 0.8125,
                                        "icat": 0.7109375
                                    },
                                    "dev_count": 45,
                                    "test_count": 48
                                }
                            },
                            "model_13": {
                                "path": "./models/bert-base-cased/notall/inp/dynamic/2e-06/64/15000/model_13",
                                "gender": {
                                    "dev": {
                                        "ss": 0.6730769230769231,
                                        "lms": 0.7884615384615384,
                                        "icat": 0.5155325443786981
                                    },
                                    "test": {
                                        "ss": 0.5384615384615384,
                                        "lms": 0.7596153846153846,
                                        "icat": 0.7011834319526628
                                    },
                                    "dev_count": 156,
                                    "test_count": 156
                                },
                                "profession": {
                                    "dev": {
                                        "ss": 0.5819209039548022,
                                        "lms": 0.7288135593220338,
                                        "icat": 0.6094034281336781
                                    },
                                    "test": {
                                        "ss": 0.6214689265536724,
                                        "lms": 0.6666666666666666,
                                        "icat": 0.5047080979284368
                                    },
                                    "dev_count": 531,
                                    "test_count": 531
                                },
                                "race": {
                                    "dev": {
                                        "ss": 0.3869565217391304,
                                        "lms": 0.75,
                                        "icat": 0.5804347826086956
                                    },
                                    "test": {
                                        "ss": 0.45021645021645024,
                                        "lms": 0.6991341991341992,
                                        "icat": 0.62952343471824
                                    },
                                    "dev_count": 690,
                                    "test_count": 693
                                },
                                "religion": {
                                    "dev": {
                                        "ss": 0.7333333333333333,
                                        "lms": 0.7333333333333333,
                                        "icat": 0.3911111111111112
                                    },
                                    "test": {
                                        "ss": 0.5625,
                                        "lms": 0.8125,
                                        "icat": 0.7109375
                                    },
                                    "dev_count": 45,
                                    "test_count": 48
                                }
                            },
                            "model_2": {
                                "path": "./models/bert-base-cased/notall/inp/dynamic/2e-06/64/15000/model_2",
                                "gender": {
                                    "dev": {
                                        "ss": 0.6923076923076923,
                                        "lms": 0.7692307692307693,
                                        "icat": 0.4733727810650888
                                    },
                                    "test": {
                                        "ss": 0.5576923076923077,
                                        "lms": 0.7788461538461539,
                                        "icat": 0.6889792899408284
                                    },
                                    "dev_count": 156,
                                    "test_count": 156
                                },
                                "profession": {
                                    "dev": {
                                        "ss": 0.6101694915254238,
                                        "lms": 0.7824858757062146,
                                        "icat": 0.6100737336014554
                                    },
                                    "test": {
                                        "ss": 0.6214689265536724,
                                        "lms": 0.7231638418079096,
                                        "icat": 0.5474799706342366
                                    },
                                    "dev_count": 531,
                                    "test_count": 531
                                },
                                "race": {
                                    "dev": {
                                        "ss": 0.39565217391304347,
                                        "lms": 0.7891304347826087,
                                        "icat": 0.6244423440453686
                                    },
                                    "test": {
                                        "ss": 0.4588744588744589,
                                        "lms": 0.7445887445887446,
                                        "icat": 0.6833455145143457
                                    },
                                    "dev_count": 690,
                                    "test_count": 693
                                },
                                "religion": {
                                    "dev": {
                                        "ss": 0.7333333333333333,
                                        "lms": 0.7666666666666667,
                                        "icat": 0.40888888888888897
                                    },
                                    "test": {
                                        "ss": 0.5625,
                                        "lms": 0.78125,
                                        "icat": 0.68359375
                                    },
                                    "dev_count": 45,
                                    "test_count": 48
                                }
                            },
                            "model_12": {
                                "path": "./models/bert-base-cased/notall/inp/dynamic/2e-06/64/15000/model_12",
                                "gender": {
                                    "dev": {
                                        "ss": 0.6730769230769231,
                                        "lms": 0.7884615384615384,
                                        "icat": 0.5155325443786981
                                    },
                                    "test": {
                                        "ss": 0.5192307692307693,
                                        "lms": 0.7596153846153846,
                                        "icat": 0.7303994082840236
                                    },
                                    "dev_count": 156,
                                    "test_count": 156
                                },
                                "profession": {
                                    "dev": {
                                        "ss": 0.576271186440678,
                                        "lms": 0.7372881355932204,
                                        "icat": 0.6248204538925596
                                    },
                                    "test": {
                                        "ss": 0.6214689265536724,
                                        "lms": 0.6751412429378532,
                                        "icat": 0.5111238788343069
                                    },
                                    "dev_count": 531,
                                    "test_count": 531
                                },
                                "race": {
                                    "dev": {
                                        "ss": 0.391304347826087,
                                        "lms": 0.7478260869565218,
                                        "icat": 0.5852551984877127
                                    },
                                    "test": {
                                        "ss": 0.4458874458874459,
                                        "lms": 0.7056277056277056,
                                        "icat": 0.6292610708195123
                                    },
                                    "dev_count": 690,
                                    "test_count": 693
                                },
                                "religion": {
                                    "dev": {
                                        "ss": 0.7333333333333333,
                                        "lms": 0.7333333333333333,
                                        "icat": 0.3911111111111112
                                    },
                                    "test": {
                                        "ss": 0.5625,
                                        "lms": 0.8125,
                                        "icat": 0.7109375
                                    },
                                    "dev_count": 45,
                                    "test_count": 48
                                }
                            }
                        },
                        "3000": {
                            "model_7": {
                                "path": "./models/bert-base-cased/notall/inp/dynamic/2e-06/64/3000/model_7",
                                "gender": {
                                    "dev": {
                                        "ss": 0.6923076923076923,
                                        "lms": 0.8461538461538461,
                                        "icat": 0.5207100591715976
                                    },
                                    "test": {
                                        "ss": 0.5769230769230769,
                                        "lms": 0.8076923076923077,
                                        "icat": 0.6834319526627219
                                    },
                                    "dev_count": 156,
                                    "test_count": 156
                                },
                                "profession": {
                                    "dev": {
                                        "ss": 0.5819209039548022,
                                        "lms": 0.7853107344632768,
                                        "icat": 0.6566440039579943
                                    },
                                    "test": {
                                        "ss": 0.6497175141242938,
                                        "lms": 0.7457627118644068,
                                        "icat": 0.5224552331705449
                                    },
                                    "dev_count": 531,
                                    "test_count": 531
                                },
                                "race": {
                                    "dev": {
                                        "ss": 0.4391304347826087,
                                        "lms": 0.8108695652173913,
                                        "icat": 0.7121550094517959
                                    },
                                    "test": {
                                        "ss": 0.46320346320346323,
                                        "lms": 0.7662337662337663,
                                        "icat": 0.7098442682858268
                                    },
                                    "dev_count": 690,
                                    "test_count": 693
                                },
                                "religion": {
                                    "dev": {
                                        "ss": 0.8,
                                        "lms": 0.7666666666666667,
                                        "icat": 0.30666666666666664
                                    },
                                    "test": {
                                        "ss": 0.5625,
                                        "lms": 0.875,
                                        "icat": 0.765625
                                    },
                                    "dev_count": 45,
                                    "test_count": 48
                                }
                            },
                            "model_6": {
                                "path": "./models/bert-base-cased/notall/inp/dynamic/2e-06/64/3000/model_6",
                                "gender": {
                                    "dev": {
                                        "ss": 0.6923076923076923,
                                        "lms": 0.8365384615384616,
                                        "icat": 0.5147928994082841
                                    },
                                    "test": {
                                        "ss": 0.5769230769230769,
                                        "lms": 0.8076923076923077,
                                        "icat": 0.6834319526627219
                                    },
                                    "dev_count": 156,
                                    "test_count": 156
                                },
                                "profession": {
                                    "dev": {
                                        "ss": 0.5819209039548022,
                                        "lms": 0.7824858757062146,
                                        "icat": 0.6542819751667784
                                    },
                                    "test": {
                                        "ss": 0.655367231638418,
                                        "lms": 0.7542372881355932,
                                        "icat": 0.5198697692234033
                                    },
                                    "dev_count": 531,
                                    "test_count": 531
                                },
                                "race": {
                                    "dev": {
                                        "ss": 0.45217391304347826,
                                        "lms": 0.8152173913043478,
                                        "icat": 0.7372400756143667
                                    },
                                    "test": {
                                        "ss": 0.4675324675324675,
                                        "lms": 0.7662337662337663,
                                        "icat": 0.7164783268679372
                                    },
                                    "dev_count": 690,
                                    "test_count": 693
                                },
                                "religion": {
                                    "dev": {
                                        "ss": 0.8,
                                        "lms": 0.7666666666666667,
                                        "icat": 0.30666666666666664
                                    },
                                    "test": {
                                        "ss": 0.5625,
                                        "lms": 0.875,
                                        "icat": 0.765625
                                    },
                                    "dev_count": 45,
                                    "test_count": 48
                                }
                            },
                            "model_3": {
                                "path": "./models/bert-base-cased/notall/inp/dynamic/2e-06/64/3000/model_3",
                                "gender": {
                                    "dev": {
                                        "ss": 0.7115384615384616,
                                        "lms": 0.8365384615384616,
                                        "icat": 0.48261834319526625
                                    },
                                    "test": {
                                        "ss": 0.5769230769230769,
                                        "lms": 0.8076923076923077,
                                        "icat": 0.6834319526627219
                                    },
                                    "dev_count": 156,
                                    "test_count": 156
                                },
                                "profession": {
                                    "dev": {
                                        "ss": 0.5932203389830508,
                                        "lms": 0.7994350282485876,
                                        "icat": 0.6503878195920713
                                    },
                                    "test": {
                                        "ss": 0.6610169491525424,
                                        "lms": 0.7655367231638418,
                                        "icat": 0.5190079479076893
                                    },
                                    "dev_count": 531,
                                    "test_count": 531
                                },
                                "race": {
                                    "dev": {
                                        "ss": 0.4608695652173913,
                                        "lms": 0.8260869565217391,
                                        "icat": 0.7614366729678639
                                    },
                                    "test": {
                                        "ss": 0.46320346320346323,
                                        "lms": 0.7770562770562771,
                                        "icat": 0.7198703172729147
                                    },
                                    "dev_count": 690,
                                    "test_count": 693
                                },
                                "religion": {
                                    "dev": {
                                        "ss": 0.8,
                                        "lms": 0.8333333333333334,
                                        "icat": 0.33333333333333326
                                    },
                                    "test": {
                                        "ss": 0.5625,
                                        "lms": 0.84375,
                                        "icat": 0.73828125
                                    },
                                    "dev_count": 45,
                                    "test_count": 48
                                }
                            },
                            "model_8": {
                                "path": "./models/bert-base-cased/notall/inp/dynamic/2e-06/64/3000/model_8",
                                "gender": {
                                    "dev": {
                                        "ss": 0.6923076923076923,
                                        "lms": 0.8557692307692307,
                                        "icat": 0.5266272189349113
                                    },
                                    "test": {
                                        "ss": 0.5769230769230769,
                                        "lms": 0.7980769230769231,
                                        "icat": 0.6752958579881658
                                    },
                                    "dev_count": 156,
                                    "test_count": 156
                                },
                                "profession": {
                                    "dev": {
                                        "ss": 0.576271186440678,
                                        "lms": 0.7824858757062146,
                                        "icat": 0.6631236234798429
                                    },
                                    "test": {
                                        "ss": 0.655367231638418,
                                        "lms": 0.7429378531073446,
                                        "icat": 0.512081458073989
                                    },
                                    "dev_count": 531,
                                    "test_count": 531
                                },
                                "race": {
                                    "dev": {
                                        "ss": 0.44782608695652176,
                                        "lms": 0.8130434782608695,
                                        "icat": 0.7282041587901702
                                    },
                                    "test": {
                                        "ss": 0.4675324675324675,
                                        "lms": 0.7662337662337663,
                                        "icat": 0.7164783268679372
                                    },
                                    "dev_count": 690,
                                    "test_count": 693
                                },
                                "religion": {
                                    "dev": {
                                        "ss": 0.8,
                                        "lms": 0.7666666666666667,
                                        "icat": 0.30666666666666664
                                    },
                                    "test": {
                                        "ss": 0.5625,
                                        "lms": 0.875,
                                        "icat": 0.765625
                                    },
                                    "dev_count": 45,
                                    "test_count": 48
                                }
                            },
                            "model_14": {
                                "path": "./models/bert-base-cased/notall/inp/dynamic/2e-06/64/3000/model_14",
                                "gender": {
                                    "dev": {
                                        "ss": 0.6923076923076923,
                                        "lms": 0.8269230769230769,
                                        "icat": 0.5088757396449705
                                    },
                                    "test": {
                                        "ss": 0.5576923076923077,
                                        "lms": 0.7980769230769231,
                                        "icat": 0.705991124260355
                                    },
                                    "dev_count": 156,
                                    "test_count": 156
                                },
                                "profession": {
                                    "dev": {
                                        "ss": 0.5932203389830508,
                                        "lms": 0.7740112994350282,
                                        "icat": 0.6297041080149383
                                    },
                                    "test": {
                                        "ss": 0.6384180790960452,
                                        "lms": 0.731638418079096,
                                        "icat": 0.5290944492323406
                                    },
                                    "dev_count": 531,
                                    "test_count": 531
                                },
                                "race": {
                                    "dev": {
                                        "ss": 0.4260869565217391,
                                        "lms": 0.7934782608695652,
                                        "icat": 0.6761814744801512
                                    },
                                    "test": {
                                        "ss": 0.4675324675324675,
                                        "lms": 0.7489177489177489,
                                        "icat": 0.7002867262607522
                                    },
                                    "dev_count": 690,
                                    "test_count": 693
                                },
                                "religion": {
                                    "dev": {
                                        "ss": 0.8,
                                        "lms": 0.7333333333333333,
                                        "icat": 0.2933333333333332
                                    },
                                    "test": {
                                        "ss": 0.5625,
                                        "lms": 0.875,
                                        "icat": 0.765625
                                    },
                                    "dev_count": 45,
                                    "test_count": 48
                                }
                            },
                            "model_15": {
                                "path": "./models/bert-base-cased/notall/inp/dynamic/2e-06/64/3000/model_15",
                                "gender": {
                                    "dev": {
                                        "ss": 0.6923076923076923,
                                        "lms": 0.8269230769230769,
                                        "icat": 0.5088757396449705
                                    },
                                    "test": {
                                        "ss": 0.5576923076923077,
                                        "lms": 0.7980769230769231,
                                        "icat": 0.705991124260355
                                    },
                                    "dev_count": 156,
                                    "test_count": 156
                                },
                                "profession": {
                                    "dev": {
                                        "ss": 0.5932203389830508,
                                        "lms": 0.7740112994350282,
                                        "icat": 0.6297041080149383
                                    },
                                    "test": {
                                        "ss": 0.6384180790960452,
                                        "lms": 0.731638418079096,
                                        "icat": 0.5290944492323406
                                    },
                                    "dev_count": 531,
                                    "test_count": 531
                                },
                                "race": {
                                    "dev": {
                                        "ss": 0.4260869565217391,
                                        "lms": 0.7956521739130434,
                                        "icat": 0.6780340264650283
                                    },
                                    "test": {
                                        "ss": 0.4588744588744589,
                                        "lms": 0.7489177489177489,
                                        "icat": 0.6873184535522198
                                    },
                                    "dev_count": 690,
                                    "test_count": 693
                                },
                                "religion": {
                                    "dev": {
                                        "ss": 0.8,
                                        "lms": 0.7333333333333333,
                                        "icat": 0.2933333333333332
                                    },
                                    "test": {
                                        "ss": 0.5625,
                                        "lms": 0.875,
                                        "icat": 0.765625
                                    },
                                    "dev_count": 45,
                                    "test_count": 48
                                }
                            },
                            "model_5": {
                                "path": "./models/bert-base-cased/notall/inp/dynamic/2e-06/64/3000/model_5",
                                "gender": {
                                    "dev": {
                                        "ss": 0.6923076923076923,
                                        "lms": 0.8461538461538461,
                                        "icat": 0.5207100591715976
                                    },
                                    "test": {
                                        "ss": 0.5769230769230769,
                                        "lms": 0.7980769230769231,
                                        "icat": 0.6752958579881658
                                    },
                                    "dev_count": 156,
                                    "test_count": 156
                                },
                                "profession": {
                                    "dev": {
                                        "ss": 0.5819209039548022,
                                        "lms": 0.788135593220339,
                                        "icat": 0.6590060327492101
                                    },
                                    "test": {
                                        "ss": 0.6440677966101694,
                                        "lms": 0.7570621468926554,
                                        "icat": 0.5389255960930768
                                    },
                                    "dev_count": 531,
                                    "test_count": 531
                                },
                                "race": {
                                    "dev": {
                                        "ss": 0.45652173913043476,
                                        "lms": 0.8173913043478261,
                                        "icat": 0.7463137996219281
                                    },
                                    "test": {
                                        "ss": 0.4675324675324675,
                                        "lms": 0.7705627705627706,
                                        "icat": 0.7205262270197335
                                    },
                                    "dev_count": 690,
                                    "test_count": 693
                                },
                                "religion": {
                                    "dev": {
                                        "ss": 0.8,
                                        "lms": 0.7666666666666667,
                                        "icat": 0.30666666666666664
                                    },
                                    "test": {
                                        "ss": 0.5625,
                                        "lms": 0.875,
                                        "icat": 0.765625
                                    },
                                    "dev_count": 45,
                                    "test_count": 48
                                }
                            },
                            "model_4": {
                                "path": "./models/bert-base-cased/notall/inp/dynamic/2e-06/64/3000/model_4",
                                "gender": {
                                    "dev": {
                                        "ss": 0.7115384615384616,
                                        "lms": 0.8365384615384616,
                                        "icat": 0.48261834319526625
                                    },
                                    "test": {
                                        "ss": 0.5769230769230769,
                                        "lms": 0.8076923076923077,
                                        "icat": 0.6834319526627219
                                    },
                                    "dev_count": 156,
                                    "test_count": 156
                                },
                                "profession": {
                                    "dev": {
                                        "ss": 0.5819209039548022,
                                        "lms": 0.7994350282485876,
                                        "icat": 0.6684541479140733
                                    },
                                    "test": {
                                        "ss": 0.6610169491525424,
                                        "lms": 0.7598870056497176,
                                        "icat": 0.5151776309489611
                                    },
                                    "dev_count": 531,
                                    "test_count": 531
                                },
                                "race": {
                                    "dev": {
                                        "ss": 0.45652173913043476,
                                        "lms": 0.8239130434782609,
                                        "icat": 0.7522684310018903
                                    },
                                    "test": {
                                        "ss": 0.4675324675324675,
                                        "lms": 0.7748917748917749,
                                        "icat": 0.7245741271715297
                                    },
                                    "dev_count": 690,
                                    "test_count": 693
                                },
                                "religion": {
                                    "dev": {
                                        "ss": 0.8,
                                        "lms": 0.8333333333333334,
                                        "icat": 0.33333333333333326
                                    },
                                    "test": {
                                        "ss": 0.5625,
                                        "lms": 0.84375,
                                        "icat": 0.73828125
                                    },
                                    "dev_count": 45,
                                    "test_count": 48
                                }
                            },
                            "model_10": {
                                "path": "./models/bert-base-cased/notall/inp/dynamic/2e-06/64/3000/model_10",
                                "gender": {
                                    "dev": {
                                        "ss": 0.6923076923076923,
                                        "lms": 0.8557692307692307,
                                        "icat": 0.5266272189349113
                                    },
                                    "test": {
                                        "ss": 0.5576923076923077,
                                        "lms": 0.8076923076923077,
                                        "icat": 0.7144970414201184
                                    },
                                    "dev_count": 156,
                                    "test_count": 156
                                },
                                "profession": {
                                    "dev": {
                                        "ss": 0.576271186440678,
                                        "lms": 0.7796610169491526,
                                        "icat": 0.6607296753806378
                                    },
                                    "test": {
                                        "ss": 0.6440677966101694,
                                        "lms": 0.7429378531073446,
                                        "icat": 0.5288710140764149
                                    },
                                    "dev_count": 531,
                                    "test_count": 531
                                },
                                "race": {
                                    "dev": {
                                        "ss": 0.4434782608695652,
                                        "lms": 0.808695652173913,
                                        "icat": 0.7172778827977315
                                    },
                                    "test": {
                                        "ss": 0.47619047619047616,
                                        "lms": 0.7619047619047619,
                                        "icat": 0.7256235827664398
                                    },
                                    "dev_count": 690,
                                    "test_count": 693
                                },
                                "religion": {
                                    "dev": {
                                        "ss": 0.8,
                                        "lms": 0.7333333333333333,
                                        "icat": 0.2933333333333332
                                    },
                                    "test": {
                                        "ss": 0.5625,
                                        "lms": 0.875,
                                        "icat": 0.765625
                                    },
                                    "dev_count": 45,
                                    "test_count": 48
                                }
                            },
                            "model_1": {
                                "path": "./models/bert-base-cased/notall/inp/dynamic/2e-06/64/3000/model_1",
                                "gender": {
                                    "dev": {
                                        "ss": 0.7115384615384616,
                                        "lms": 0.8461538461538461,
                                        "icat": 0.4881656804733727
                                    },
                                    "test": {
                                        "ss": 0.5769230769230769,
                                        "lms": 0.7884615384615384,
                                        "icat": 0.6671597633136095
                                    },
                                    "dev_count": 156,
                                    "test_count": 156
                                },
                                "profession": {
                                    "dev": {
                                        "ss": 0.5819209039548022,
                                        "lms": 0.7966101694915254,
                                        "icat": 0.6660921191228575
                                    },
                                    "test": {
                                        "ss": 0.6384180790960452,
                                        "lms": 0.7768361581920904,
                                        "icat": 0.5617798206134891
                                    },
                                    "dev_count": 531,
                                    "test_count": 531
                                },
                                "race": {
                                    "dev": {
                                        "ss": 0.4956521739130435,
                                        "lms": 0.8195652173913044,
                                        "icat": 0.8124385633270322
                                    },
                                    "test": {
                                        "ss": 0.4588744588744589,
                                        "lms": 0.7792207792207793,
                                        "icat": 0.7151290268173386
                                    },
                                    "dev_count": 690,
                                    "test_count": 693
                                },
                                "religion": {
                                    "dev": {
                                        "ss": 0.7333333333333333,
                                        "lms": 0.8,
                                        "icat": 0.42666666666666675
                                    },
                                    "test": {
                                        "ss": 0.5625,
                                        "lms": 0.8125,
                                        "icat": 0.7109375
                                    },
                                    "dev_count": 45,
                                    "test_count": 48
                                }
                            },
                            "model_9": {
                                "path": "./models/bert-base-cased/notall/inp/dynamic/2e-06/64/3000/model_9",
                                "gender": {
                                    "dev": {
                                        "ss": 0.6923076923076923,
                                        "lms": 0.8557692307692307,
                                        "icat": 0.5266272189349113
                                    },
                                    "test": {
                                        "ss": 0.5769230769230769,
                                        "lms": 0.8173076923076923,
                                        "icat": 0.6915680473372782
                                    },
                                    "dev_count": 156,
                                    "test_count": 156
                                },
                                "profession": {
                                    "dev": {
                                        "ss": 0.5706214689265536,
                                        "lms": 0.7796610169491526,
                                        "icat": 0.669539404385713
                                    },
                                    "test": {
                                        "ss": 0.6497175141242938,
                                        "lms": 0.7372881355932204,
                                        "icat": 0.516518241884516
                                    },
                                    "dev_count": 531,
                                    "test_count": 531
                                },
                                "race": {
                                    "dev": {
                                        "ss": 0.4434782608695652,
                                        "lms": 0.8065217391304348,
                                        "icat": 0.7153497164461248
                                    },
                                    "test": {
                                        "ss": 0.47186147186147187,
                                        "lms": 0.7640692640692641,
                                        "icat": 0.7210696950956692
                                    },
                                    "dev_count": 690,
                                    "test_count": 693
                                },
                                "religion": {
                                    "dev": {
                                        "ss": 0.8,
                                        "lms": 0.7666666666666667,
                                        "icat": 0.30666666666666664
                                    },
                                    "test": {
                                        "ss": 0.5625,
                                        "lms": 0.875,
                                        "icat": 0.765625
                                    },
                                    "dev_count": 45,
                                    "test_count": 48
                                }
                            },
                            "model_11": {
                                "path": "./models/bert-base-cased/notall/inp/dynamic/2e-06/64/3000/model_11",
                                "gender": {
                                    "dev": {
                                        "ss": 0.6923076923076923,
                                        "lms": 0.8461538461538461,
                                        "icat": 0.5207100591715976
                                    },
                                    "test": {
                                        "ss": 0.5961538461538461,
                                        "lms": 0.7980769230769231,
                                        "icat": 0.6446005917159764
                                    },
                                    "dev_count": 156,
                                    "test_count": 156
                                },
                                "profession": {
                                    "dev": {
                                        "ss": 0.5875706214689266,
                                        "lms": 0.7796610169491526,
                                        "icat": 0.6431102173704873
                                    },
                                    "test": {
                                        "ss": 0.6384180790960452,
                                        "lms": 0.731638418079096,
                                        "icat": 0.5290944492323406
                                    },
                                    "dev_count": 531,
                                    "test_count": 531
                                },
                                "race": {
                                    "dev": {
                                        "ss": 0.43043478260869567,
                                        "lms": 0.8021739130434783,
                                        "icat": 0.6905671077504726
                                    },
                                    "test": {
                                        "ss": 0.47186147186147187,
                                        "lms": 0.7597402597402597,
                                        "icat": 0.7169843143869118
                                    },
                                    "dev_count": 690,
                                    "test_count": 693
                                },
                                "religion": {
                                    "dev": {
                                        "ss": 0.8,
                                        "lms": 0.7333333333333333,
                                        "icat": 0.2933333333333332
                                    },
                                    "test": {
                                        "ss": 0.5625,
                                        "lms": 0.875,
                                        "icat": 0.765625
                                    },
                                    "dev_count": 45,
                                    "test_count": 48
                                }
                            },
                            "model_13": {
                                "path": "./models/bert-base-cased/notall/inp/dynamic/2e-06/64/3000/model_13",
                                "gender": {
                                    "dev": {
                                        "ss": 0.6923076923076923,
                                        "lms": 0.8461538461538461,
                                        "icat": 0.5207100591715976
                                    },
                                    "test": {
                                        "ss": 0.5769230769230769,
                                        "lms": 0.7980769230769231,
                                        "icat": 0.6752958579881658
                                    },
                                    "dev_count": 156,
                                    "test_count": 156
                                },
                                "profession": {
                                    "dev": {
                                        "ss": 0.5988700564971752,
                                        "lms": 0.7768361581920904,
                                        "icat": 0.6232244884930894
                                    },
                                    "test": {
                                        "ss": 0.6384180790960452,
                                        "lms": 0.731638418079096,
                                        "icat": 0.5290944492323406
                                    },
                                    "dev_count": 531,
                                    "test_count": 531
                                },
                                "race": {
                                    "dev": {
                                        "ss": 0.43043478260869567,
                                        "lms": 0.7978260869565217,
                                        "icat": 0.6868241965973535
                                    },
                                    "test": {
                                        "ss": 0.4675324675324675,
                                        "lms": 0.7510822510822511,
                                        "icat": 0.7023106763366503
                                    },
                                    "dev_count": 690,
                                    "test_count": 693
                                },
                                "religion": {
                                    "dev": {
                                        "ss": 0.8,
                                        "lms": 0.7333333333333333,
                                        "icat": 0.2933333333333332
                                    },
                                    "test": {
                                        "ss": 0.5625,
                                        "lms": 0.875,
                                        "icat": 0.765625
                                    },
                                    "dev_count": 45,
                                    "test_count": 48
                                }
                            },
                            "model_2": {
                                "path": "./models/bert-base-cased/notall/inp/dynamic/2e-06/64/3000/model_2",
                                "gender": {
                                    "dev": {
                                        "ss": 0.7307692307692307,
                                        "lms": 0.8461538461538461,
                                        "icat": 0.455621301775148
                                    },
                                    "test": {
                                        "ss": 0.5769230769230769,
                                        "lms": 0.7884615384615384,
                                        "icat": 0.6671597633136095
                                    },
                                    "dev_count": 156,
                                    "test_count": 156
                                },
                                "profession": {
                                    "dev": {
                                        "ss": 0.5932203389830508,
                                        "lms": 0.7966101694915254,
                                        "icat": 0.6480896294168342
                                    },
                                    "test": {
                                        "ss": 0.6610169491525424,
                                        "lms": 0.7627118644067796,
                                        "icat": 0.5170927894283252
                                    },
                                    "dev_count": 531,
                                    "test_count": 531
                                },
                                "race": {
                                    "dev": {
                                        "ss": 0.4782608695652174,
                                        "lms": 0.8239130434782609,
                                        "icat": 0.7880907372400756
                                    },
                                    "test": {
                                        "ss": 0.4588744588744589,
                                        "lms": 0.7748917748917749,
                                        "icat": 0.7111560877794644
                                    },
                                    "dev_count": 690,
                                    "test_count": 693
                                },
                                "religion": {
                                    "dev": {
                                        "ss": 0.7333333333333333,
                                        "lms": 0.8,
                                        "icat": 0.42666666666666675
                                    },
                                    "test": {
                                        "ss": 0.5625,
                                        "lms": 0.8125,
                                        "icat": 0.7109375
                                    },
                                    "dev_count": 45,
                                    "test_count": 48
                                }
                            },
                            "model_12": {
                                "path": "./models/bert-base-cased/notall/inp/dynamic/2e-06/64/3000/model_12",
                                "gender": {
                                    "dev": {
                                        "ss": 0.6923076923076923,
                                        "lms": 0.8461538461538461,
                                        "icat": 0.5207100591715976
                                    },
                                    "test": {
                                        "ss": 0.5961538461538461,
                                        "lms": 0.7980769230769231,
                                        "icat": 0.6446005917159764
                                    },
                                    "dev_count": 156,
                                    "test_count": 156
                                },
                                "profession": {
                                    "dev": {
                                        "ss": 0.5875706214689266,
                                        "lms": 0.7796610169491526,
                                        "icat": 0.6431102173704873
                                    },
                                    "test": {
                                        "ss": 0.6384180790960452,
                                        "lms": 0.731638418079096,
                                        "icat": 0.5290944492323406
                                    },
                                    "dev_count": 531,
                                    "test_count": 531
                                },
                                "race": {
                                    "dev": {
                                        "ss": 0.43043478260869567,
                                        "lms": 0.8043478260869565,
                                        "icat": 0.6924385633270321
                                    },
                                    "test": {
                                        "ss": 0.4675324675324675,
                                        "lms": 0.7554112554112554,
                                        "icat": 0.7063585764884466
                                    },
                                    "dev_count": 690,
                                    "test_count": 693
                                },
                                "religion": {
                                    "dev": {
                                        "ss": 0.8,
                                        "lms": 0.7333333333333333,
                                        "icat": 0.2933333333333332
                                    },
                                    "test": {
                                        "ss": 0.5625,
                                        "lms": 0.875,
                                        "icat": 0.765625
                                    },
                                    "dev_count": 45,
                                    "test_count": 48
                                }
                            }
                        }
                    }
                }
            }
        }
    },
    "full_grad": {
        "inp": {
            "dynamic": {
                "2e-06": {
                    "64": {
                        "None": {
                            "model_16": {
                                "path": "./models/bert-base-cased/full_grad/inp/dynamic/2e-06/64/None/model_16",
                                "gender": {
                                    "dev": {
                                        "ss": 0.6923076923076923,
                                        "lms": 0.7692307692307693,
                                        "icat": 0.4733727810650888
                                    },
                                    "test": {
                                        "ss": 0.5384615384615384,
                                        "lms": 0.75,
                                        "icat": 0.6923076923076923
                                    },
                                    "dev_count": 156,
                                    "test_count": 156
                                },
                                "profession": {
                                    "dev": {
                                        "ss": 0.5875706214689266,
                                        "lms": 0.7740112994350282,
                                        "icat": 0.6384499984040345
                                    },
                                    "test": {
                                        "ss": 0.6271186440677966,
                                        "lms": 0.7033898305084746,
                                        "icat": 0.5245619074978455
                                    },
                                    "dev_count": 531,
                                    "test_count": 531
                                },
                                "race": {
                                    "dev": {
                                        "ss": 0.41304347826086957,
                                        "lms": 0.7760869565217391,
                                        "icat": 0.6411153119092627
                                    },
                                    "test": {
                                        "ss": 0.4458874458874459,
                                        "lms": 0.7294372294372294,
                                        "icat": 0.6504938063379622
                                    },
                                    "dev_count": 690,
                                    "test_count": 693
                                },
                                "religion": {
                                    "dev": {
                                        "ss": 0.7333333333333333,
                                        "lms": 0.7333333333333333,
                                        "icat": 0.3911111111111112
                                    },
                                    "test": {
                                        "ss": 0.5625,
                                        "lms": 0.71875,
                                        "icat": 0.62890625
                                    },
                                    "dev_count": 45,
                                    "test_count": 48
                                }
                            },
                            "model_7": {
                                "path": "./models/bert-base-cased/full_grad/inp/dynamic/2e-06/64/None/model_7",
                                "gender": {
                                    "dev": {
                                        "ss": 0.6730769230769231,
                                        "lms": 0.7692307692307693,
                                        "icat": 0.5029585798816567
                                    },
                                    "test": {
                                        "ss": 0.5384615384615384,
                                        "lms": 0.7307692307692307,
                                        "icat": 0.6745562130177515
                                    },
                                    "dev_count": 156,
                                    "test_count": 156
                                },
                                "profession": {
                                    "dev": {
                                        "ss": 0.5819209039548022,
                                        "lms": 0.7344632768361582,
                                        "icat": 0.6141274857161098
                                    },
                                    "test": {
                                        "ss": 0.6045197740112994,
                                        "lms": 0.6807909604519774,
                                        "icat": 0.5384787257812251
                                    },
                                    "dev_count": 531,
                                    "test_count": 531
                                },
                                "race": {
                                    "dev": {
                                        "ss": 0.40869565217391307,
                                        "lms": 0.7456521739130435,
                                        "icat": 0.6094896030245748
                                    },
                                    "test": {
                                        "ss": 0.4588744588744589,
                                        "lms": 0.7034632034632035,
                                        "icat": 0.6456025936545418
                                    },
                                    "dev_count": 690,
                                    "test_count": 693
                                },
                                "religion": {
                                    "dev": {
                                        "ss": 0.7333333333333333,
                                        "lms": 0.7333333333333333,
                                        "icat": 0.3911111111111112
                                    },
                                    "test": {
                                        "ss": 0.5,
                                        "lms": 0.71875,
                                        "icat": 0.71875
                                    },
                                    "dev_count": 45,
                                    "test_count": 48
                                }
                            },
                            "model_6": {
                                "path": "./models/bert-base-cased/full_grad/inp/dynamic/2e-06/64/None/model_6",
                                "gender": {
                                    "dev": {
                                        "ss": 0.6730769230769231,
                                        "lms": 0.7692307692307693,
                                        "icat": 0.5029585798816567
                                    },
                                    "test": {
                                        "ss": 0.5384615384615384,
                                        "lms": 0.7307692307692307,
                                        "icat": 0.6745562130177515
                                    },
                                    "dev_count": 156,
                                    "test_count": 156
                                },
                                "profession": {
                                    "dev": {
                                        "ss": 0.5875706214689266,
                                        "lms": 0.7401129943502824,
                                        "icat": 0.6104886846053177
                                    },
                                    "test": {
                                        "ss": 0.6045197740112994,
                                        "lms": 0.6864406779661016,
                                        "icat": 0.5429474288997415
                                    },
                                    "dev_count": 531,
                                    "test_count": 531
                                },
                                "race": {
                                    "dev": {
                                        "ss": 0.41304347826086957,
                                        "lms": 0.7434782608695653,
                                        "icat": 0.6141776937618147
                                    },
                                    "test": {
                                        "ss": 0.4588744588744589,
                                        "lms": 0.7056277056277056,
                                        "icat": 0.6475890631734788
                                    },
                                    "dev_count": 690,
                                    "test_count": 693
                                },
                                "religion": {
                                    "dev": {
                                        "ss": 0.7333333333333333,
                                        "lms": 0.7333333333333333,
                                        "icat": 0.3911111111111112
                                    },
                                    "test": {
                                        "ss": 0.5,
                                        "lms": 0.71875,
                                        "icat": 0.71875
                                    },
                                    "dev_count": 45,
                                    "test_count": 48
                                }
                            },
                            "model_3": {
                                "path": "./models/bert-base-cased/full_grad/inp/dynamic/2e-06/64/None/model_3",
                                "gender": {
                                    "dev": {
                                        "ss": 0.6923076923076923,
                                        "lms": 0.7596153846153846,
                                        "icat": 0.46745562130177515
                                    },
                                    "test": {
                                        "ss": 0.5384615384615384,
                                        "lms": 0.7307692307692307,
                                        "icat": 0.6745562130177515
                                    },
                                    "dev_count": 156,
                                    "test_count": 156
                                },
                                "profession": {
                                    "dev": {
                                        "ss": 0.5932203389830508,
                                        "lms": 0.748587570621469,
                                        "icat": 0.6090203964378053
                                    },
                                    "test": {
                                        "ss": 0.615819209039548,
                                        "lms": 0.6892655367231638,
                                        "icat": 0.5296051581601711
                                    },
                                    "dev_count": 531,
                                    "test_count": 531
                                },
                                "race": {
                                    "dev": {
                                        "ss": 0.40869565217391307,
                                        "lms": 0.7695652173913043,
                                        "icat": 0.6290359168241967
                                    },
                                    "test": {
                                        "ss": 0.45454545454545453,
                                        "lms": 0.7207792207792207,
                                        "icat": 0.6552538370720188
                                    },
                                    "dev_count": 690,
                                    "test_count": 693
                                },
                                "religion": {
                                    "dev": {
                                        "ss": 0.7333333333333333,
                                        "lms": 0.7333333333333333,
                                        "icat": 0.3911111111111112
                                    },
                                    "test": {
                                        "ss": 0.5625,
                                        "lms": 0.71875,
                                        "icat": 0.62890625
                                    },
                                    "dev_count": 45,
                                    "test_count": 48
                                }
                            },
                            "model_8": {
                                "path": "./models/bert-base-cased/full_grad/inp/dynamic/2e-06/64/None/model_8",
                                "gender": {
                                    "dev": {
                                        "ss": 0.6730769230769231,
                                        "lms": 0.7692307692307693,
                                        "icat": 0.5029585798816567
                                    },
                                    "test": {
                                        "ss": 0.5384615384615384,
                                        "lms": 0.7307692307692307,
                                        "icat": 0.6745562130177515
                                    },
                                    "dev_count": 156,
                                    "test_count": 156
                                },
                                "profession": {
                                    "dev": {
                                        "ss": 0.5875706214689266,
                                        "lms": 0.7288135593220338,
                                        "icat": 0.6011682466724121
                                    },
                                    "test": {
                                        "ss": 0.6045197740112994,
                                        "lms": 0.6779661016949152,
                                        "icat": 0.5362443742219669
                                    },
                                    "dev_count": 531,
                                    "test_count": 531
                                },
                                "race": {
                                    "dev": {
                                        "ss": 0.41304347826086957,
                                        "lms": 0.7434782608695653,
                                        "icat": 0.6141776937618147
                                    },
                                    "test": {
                                        "ss": 0.4588744588744589,
                                        "lms": 0.7034632034632035,
                                        "icat": 0.6456025936545418
                                    },
                                    "dev_count": 690,
                                    "test_count": 693
                                },
                                "religion": {
                                    "dev": {
                                        "ss": 0.7333333333333333,
                                        "lms": 0.7333333333333333,
                                        "icat": 0.3911111111111112
                                    },
                                    "test": {
                                        "ss": 0.5,
                                        "lms": 0.78125,
                                        "icat": 0.78125
                                    },
                                    "dev_count": 45,
                                    "test_count": 48
                                }
                            },
                            "model_14": {
                                "path": "./models/bert-base-cased/full_grad/inp/dynamic/2e-06/64/None/model_14",
                                "gender": {
                                    "dev": {
                                        "ss": 0.6538461538461539,
                                        "lms": 0.7788461538461539,
                                        "icat": 0.5392011834319527
                                    },
                                    "test": {
                                        "ss": 0.5384615384615384,
                                        "lms": 0.7307692307692307,
                                        "icat": 0.6745562130177515
                                    },
                                    "dev_count": 156,
                                    "test_count": 156
                                },
                                "profession": {
                                    "dev": {
                                        "ss": 0.576271186440678,
                                        "lms": 0.7062146892655368,
                                        "icat": 0.5984870248013023
                                    },
                                    "test": {
                                        "ss": 0.6271186440677966,
                                        "lms": 0.6271186440677966,
                                        "icat": 0.46768170066072967
                                    },
                                    "dev_count": 531,
                                    "test_count": 531
                                },
                                "race": {
                                    "dev": {
                                        "ss": 0.391304347826087,
                                        "lms": 0.7326086956521739,
                                        "icat": 0.5733459357277882
                                    },
                                    "test": {
                                        "ss": 0.4458874458874459,
                                        "lms": 0.6688311688311688,
                                        "icat": 0.5964468432000899
                                    },
                                    "dev_count": 690,
                                    "test_count": 693
                                },
                                "religion": {
                                    "dev": {
                                        "ss": 0.6666666666666666,
                                        "lms": 0.7,
                                        "icat": 0.4666666666666667
                                    },
                                    "test": {
                                        "ss": 0.5,
                                        "lms": 0.75,
                                        "icat": 0.75
                                    },
                                    "dev_count": 45,
                                    "test_count": 48
                                }
                            },
                            "model_15": {
                                "path": "./models/bert-base-cased/full_grad/inp/dynamic/2e-06/64/None/model_15",
                                "gender": {
                                    "dev": {
                                        "ss": 0.6538461538461539,
                                        "lms": 0.7788461538461539,
                                        "icat": 0.5392011834319527
                                    },
                                    "test": {
                                        "ss": 0.5384615384615384,
                                        "lms": 0.7307692307692307,
                                        "icat": 0.6745562130177515
                                    },
                                    "dev_count": 156,
                                    "test_count": 156
                                },
                                "profession": {
                                    "dev": {
                                        "ss": 0.5649717514124294,
                                        "lms": 0.7062146892655368,
                                        "icat": 0.6144466787960037
                                    },
                                    "test": {
                                        "ss": 0.6214689265536724,
                                        "lms": 0.6214689265536724,
                                        "icat": 0.4704905997637971
                                    },
                                    "dev_count": 531,
                                    "test_count": 531
                                },
                                "race": {
                                    "dev": {
                                        "ss": 0.3826086956521739,
                                        "lms": 0.7282608695652174,
                                        "icat": 0.5572778827977316
                                    },
                                    "test": {
                                        "ss": 0.44155844155844154,
                                        "lms": 0.6688311688311688,
                                        "icat": 0.5906560971496035
                                    },
                                    "dev_count": 690,
                                    "test_count": 693
                                },
                                "religion": {
                                    "dev": {
                                        "ss": 0.6666666666666666,
                                        "lms": 0.7,
                                        "icat": 0.4666666666666667
                                    },
                                    "test": {
                                        "ss": 0.5,
                                        "lms": 0.75,
                                        "icat": 0.75
                                    },
                                    "dev_count": 45,
                                    "test_count": 48
                                }
                            },
                            "model_17": {
                                "path": "./models/bert-base-cased/full_grad/inp/dynamic/2e-06/64/None/model_17",
                                "gender": {
                                    "dev": {
                                        "ss": 0.6923076923076923,
                                        "lms": 0.7596153846153846,
                                        "icat": 0.46745562130177515
                                    },
                                    "test": {
                                        "ss": 0.5384615384615384,
                                        "lms": 0.75,
                                        "icat": 0.6923076923076923
                                    },
                                    "dev_count": 156,
                                    "test_count": 156
                                },
                                "profession": {
                                    "dev": {
                                        "ss": 0.5819209039548022,
                                        "lms": 0.7598870056497176,
                                        "icat": 0.635385744837052
                                    },
                                    "test": {
                                        "ss": 0.6271186440677966,
                                        "lms": 0.6864406779661016,
                                        "icat": 0.511921861534042
                                    },
                                    "dev_count": 531,
                                    "test_count": 531
                                },
                                "race": {
                                    "dev": {
                                        "ss": 0.41739130434782606,
                                        "lms": 0.7717391304347826,
                                        "icat": 0.644234404536862
                                    },
                                    "test": {
                                        "ss": 0.45454545454545453,
                                        "lms": 0.7316017316017316,
                                        "icat": 0.6650924832743014
                                    },
                                    "dev_count": 690,
                                    "test_count": 693
                                },
                                "religion": {
                                    "dev": {
                                        "ss": 0.7333333333333333,
                                        "lms": 0.7333333333333333,
                                        "icat": 0.3911111111111112
                                    },
                                    "test": {
                                        "ss": 0.5625,
                                        "lms": 0.71875,
                                        "icat": 0.62890625
                                    },
                                    "dev_count": 45,
                                    "test_count": 48
                                }
                            },
                            "model_5": {
                                "path": "./models/bert-base-cased/full_grad/inp/dynamic/2e-06/64/None/model_5",
                                "gender": {
                                    "dev": {
                                        "ss": 0.6923076923076923,
                                        "lms": 0.7692307692307693,
                                        "icat": 0.4733727810650888
                                    },
                                    "test": {
                                        "ss": 0.5384615384615384,
                                        "lms": 0.7307692307692307,
                                        "icat": 0.6745562130177515
                                    },
                                    "dev_count": 156,
                                    "test_count": 156
                                },
                                "profession": {
                                    "dev": {
                                        "ss": 0.5988700564971752,
                                        "lms": 0.7429378531073446,
                                        "icat": 0.5960292380861182
                                    },
                                    "test": {
                                        "ss": 0.615819209039548,
                                        "lms": 0.6892655367231638,
                                        "icat": 0.5296051581601711
                                    },
                                    "dev_count": 531,
                                    "test_count": 531
                                },
                                "race": {
                                    "dev": {
                                        "ss": 0.40869565217391307,
                                        "lms": 0.758695652173913,
                                        "icat": 0.6201512287334594
                                    },
                                    "test": {
                                        "ss": 0.46320346320346323,
                                        "lms": 0.70995670995671,
                                        "icat": 0.6577088135529695
                                    },
                                    "dev_count": 690,
                                    "test_count": 693
                                },
                                "religion": {
                                    "dev": {
                                        "ss": 0.7333333333333333,
                                        "lms": 0.7333333333333333,
                                        "icat": 0.3911111111111112
                                    },
                                    "test": {
                                        "ss": 0.5625,
                                        "lms": 0.75,
                                        "icat": 0.65625
                                    },
                                    "dev_count": 45,
                                    "test_count": 48
                                }
                            },
                            "model_4": {
                                "path": "./models/bert-base-cased/full_grad/inp/dynamic/2e-06/64/None/model_4",
                                "gender": {
                                    "dev": {
                                        "ss": 0.6923076923076923,
                                        "lms": 0.7596153846153846,
                                        "icat": 0.46745562130177515
                                    },
                                    "test": {
                                        "ss": 0.5384615384615384,
                                        "lms": 0.7307692307692307,
                                        "icat": 0.6745562130177515
                                    },
                                    "dev_count": 156,
                                    "test_count": 156
                                },
                                "profession": {
                                    "dev": {
                                        "ss": 0.6045197740112994,
                                        "lms": 0.7429378531073446,
                                        "icat": 0.5876344600849054
                                    },
                                    "test": {
                                        "ss": 0.615819209039548,
                                        "lms": 0.6864406779661016,
                                        "icat": 0.5274346452168917
                                    },
                                    "dev_count": 531,
                                    "test_count": 531
                                },
                                "race": {
                                    "dev": {
                                        "ss": 0.4043478260869565,
                                        "lms": 0.7608695652173914,
                                        "icat": 0.6153119092627599
                                    },
                                    "test": {
                                        "ss": 0.46320346320346323,
                                        "lms": 0.7121212121212122,
                                        "icat": 0.6597140233503871
                                    },
                                    "dev_count": 690,
                                    "test_count": 693
                                },
                                "religion": {
                                    "dev": {
                                        "ss": 0.7333333333333333,
                                        "lms": 0.7333333333333333,
                                        "icat": 0.3911111111111112
                                    },
                                    "test": {
                                        "ss": 0.5625,
                                        "lms": 0.71875,
                                        "icat": 0.62890625
                                    },
                                    "dev_count": 45,
                                    "test_count": 48
                                }
                            },
                            "model_10": {
                                "path": "./models/bert-base-cased/full_grad/inp/dynamic/2e-06/64/None/model_10",
                                "gender": {
                                    "dev": {
                                        "ss": 0.6730769230769231,
                                        "lms": 0.7692307692307693,
                                        "icat": 0.5029585798816567
                                    },
                                    "test": {
                                        "ss": 0.5384615384615384,
                                        "lms": 0.7211538461538461,
                                        "icat": 0.6656804733727811
                                    },
                                    "dev_count": 156,
                                    "test_count": 156
                                },
                                "profession": {
                                    "dev": {
                                        "ss": 0.5819209039548022,
                                        "lms": 0.7175141242937854,
                                        "icat": 0.5999553129688149
                                    },
                                    "test": {
                                        "ss": 0.615819209039548,
                                        "lms": 0.6497175141242938,
                                        "icat": 0.4992179769542597
                                    },
                                    "dev_count": 531,
                                    "test_count": 531
                                },
                                "race": {
                                    "dev": {
                                        "ss": 0.4,
                                        "lms": 0.7434782608695653,
                                        "icat": 0.5947826086956522
                                    },
                                    "test": {
                                        "ss": 0.4588744588744589,
                                        "lms": 0.696969696969697,
                                        "icat": 0.6396431850977305
                                    },
                                    "dev_count": 690,
                                    "test_count": 693
                                },
                                "religion": {
                                    "dev": {
                                        "ss": 0.7333333333333333,
                                        "lms": 0.7333333333333333,
                                        "icat": 0.3911111111111112
                                    },
                                    "test": {
                                        "ss": 0.5,
                                        "lms": 0.78125,
                                        "icat": 0.78125
                                    },
                                    "dev_count": 45,
                                    "test_count": 48
                                }
                            },
                            "model_1": {
                                "path": "./models/bert-base-cased/full_grad/inp/dynamic/2e-06/64/None/model_1",
                                "gender": {
                                    "dev": {
                                        "ss": 0.6923076923076923,
                                        "lms": 0.7692307692307693,
                                        "icat": 0.4733727810650888
                                    },
                                    "test": {
                                        "ss": 0.5384615384615384,
                                        "lms": 0.75,
                                        "icat": 0.6923076923076923
                                    },
                                    "dev_count": 156,
                                    "test_count": 156
                                },
                                "profession": {
                                    "dev": {
                                        "ss": 0.5875706214689266,
                                        "lms": 0.7740112994350282,
                                        "icat": 0.6384499984040345
                                    },
                                    "test": {
                                        "ss": 0.6271186440677966,
                                        "lms": 0.7033898305084746,
                                        "icat": 0.5245619074978455
                                    },
                                    "dev_count": 531,
                                    "test_count": 531
                                },
                                "race": {
                                    "dev": {
                                        "ss": 0.41304347826086957,
                                        "lms": 0.7760869565217391,
                                        "icat": 0.6411153119092627
                                    },
                                    "test": {
                                        "ss": 0.4458874458874459,
                                        "lms": 0.7294372294372294,
                                        "icat": 0.6504938063379622
                                    },
                                    "dev_count": 690,
                                    "test_count": 693
                                },
                                "religion": {
                                    "dev": {
                                        "ss": 0.7333333333333333,
                                        "lms": 0.7333333333333333,
                                        "icat": 0.3911111111111112
                                    },
                                    "test": {
                                        "ss": 0.5625,
                                        "lms": 0.71875,
                                        "icat": 0.62890625
                                    },
                                    "dev_count": 45,
                                    "test_count": 48
                                }
                            },
                            "model_20": {
                                "path": "./models/bert-base-cased/full_grad/inp/dynamic/2e-06/64/None/model_20",
                                "gender": {
                                    "dev": {
                                        "ss": 0.6923076923076923,
                                        "lms": 0.7692307692307693,
                                        "icat": 0.4733727810650888
                                    },
                                    "test": {
                                        "ss": 0.5384615384615384,
                                        "lms": 0.7307692307692307,
                                        "icat": 0.6745562130177515
                                    },
                                    "dev_count": 156,
                                    "test_count": 156
                                },
                                "profession": {
                                    "dev": {
                                        "ss": 0.5988700564971752,
                                        "lms": 0.7429378531073446,
                                        "icat": 0.5960292380861182
                                    },
                                    "test": {
                                        "ss": 0.615819209039548,
                                        "lms": 0.6892655367231638,
                                        "icat": 0.5296051581601711
                                    },
                                    "dev_count": 531,
                                    "test_count": 531
                                },
                                "race": {
                                    "dev": {
                                        "ss": 0.40869565217391307,
                                        "lms": 0.758695652173913,
                                        "icat": 0.6201512287334594
                                    },
                                    "test": {
                                        "ss": 0.46320346320346323,
                                        "lms": 0.70995670995671,
                                        "icat": 0.6577088135529695
                                    },
                                    "dev_count": 690,
                                    "test_count": 693
                                },
                                "religion": {
                                    "dev": {
                                        "ss": 0.7333333333333333,
                                        "lms": 0.7333333333333333,
                                        "icat": 0.3911111111111112
                                    },
                                    "test": {
                                        "ss": 0.5625,
                                        "lms": 0.75,
                                        "icat": 0.65625
                                    },
                                    "dev_count": 45,
                                    "test_count": 48
                                }
                            },
                            "model_19": {
                                "path": "./models/bert-base-cased/full_grad/inp/dynamic/2e-06/64/None/model_19",
                                "gender": {
                                    "dev": {
                                        "ss": 0.6923076923076923,
                                        "lms": 0.7596153846153846,
                                        "icat": 0.46745562130177515
                                    },
                                    "test": {
                                        "ss": 0.5384615384615384,
                                        "lms": 0.7307692307692307,
                                        "icat": 0.6745562130177515
                                    },
                                    "dev_count": 156,
                                    "test_count": 156
                                },
                                "profession": {
                                    "dev": {
                                        "ss": 0.6045197740112994,
                                        "lms": 0.7429378531073446,
                                        "icat": 0.5876344600849054
                                    },
                                    "test": {
                                        "ss": 0.615819209039548,
                                        "lms": 0.6864406779661016,
                                        "icat": 0.5274346452168917
                                    },
                                    "dev_count": 531,
                                    "test_count": 531
                                },
                                "race": {
                                    "dev": {
                                        "ss": 0.4043478260869565,
                                        "lms": 0.7608695652173914,
                                        "icat": 0.6153119092627599
                                    },
                                    "test": {
                                        "ss": 0.46320346320346323,
                                        "lms": 0.7121212121212122,
                                        "icat": 0.6597140233503871
                                    },
                                    "dev_count": 690,
                                    "test_count": 693
                                },
                                "religion": {
                                    "dev": {
                                        "ss": 0.7333333333333333,
                                        "lms": 0.7333333333333333,
                                        "icat": 0.3911111111111112
                                    },
                                    "test": {
                                        "ss": 0.5625,
                                        "lms": 0.71875,
                                        "icat": 0.62890625
                                    },
                                    "dev_count": 45,
                                    "test_count": 48
                                }
                            },
                            "model_9": {
                                "path": "./models/bert-base-cased/full_grad/inp/dynamic/2e-06/64/None/model_9",
                                "gender": {
                                    "dev": {
                                        "ss": 0.6730769230769231,
                                        "lms": 0.7692307692307693,
                                        "icat": 0.5029585798816567
                                    },
                                    "test": {
                                        "ss": 0.5384615384615384,
                                        "lms": 0.7307692307692307,
                                        "icat": 0.6745562130177515
                                    },
                                    "dev_count": 156,
                                    "test_count": 156
                                },
                                "profession": {
                                    "dev": {
                                        "ss": 0.5819209039548022,
                                        "lms": 0.7175141242937854,
                                        "icat": 0.5999553129688149
                                    },
                                    "test": {
                                        "ss": 0.6101694915254238,
                                        "lms": 0.6610169491525424,
                                        "icat": 0.5153691467968974
                                    },
                                    "dev_count": 531,
                                    "test_count": 531
                                },
                                "race": {
                                    "dev": {
                                        "ss": 0.4043478260869565,
                                        "lms": 0.7456521739130435,
                                        "icat": 0.6030056710775047
                                    },
                                    "test": {
                                        "ss": 0.46320346320346323,
                                        "lms": 0.6991341991341992,
                                        "icat": 0.6476827645658815
                                    },
                                    "dev_count": 690,
                                    "test_count": 693
                                },
                                "religion": {
                                    "dev": {
                                        "ss": 0.7333333333333333,
                                        "lms": 0.7333333333333333,
                                        "icat": 0.3911111111111112
                                    },
                                    "test": {
                                        "ss": 0.5,
                                        "lms": 0.78125,
                                        "icat": 0.78125
                                    },
                                    "dev_count": 45,
                                    "test_count": 48
                                }
                            },
                            "model_18": {
                                "path": "./models/bert-base-cased/full_grad/inp/dynamic/2e-06/64/None/model_18",
                                "gender": {
                                    "dev": {
                                        "ss": 0.6923076923076923,
                                        "lms": 0.7596153846153846,
                                        "icat": 0.46745562130177515
                                    },
                                    "test": {
                                        "ss": 0.5384615384615384,
                                        "lms": 0.7307692307692307,
                                        "icat": 0.6745562130177515
                                    },
                                    "dev_count": 156,
                                    "test_count": 156
                                },
                                "profession": {
                                    "dev": {
                                        "ss": 0.5932203389830508,
                                        "lms": 0.748587570621469,
                                        "icat": 0.6090203964378053
                                    },
                                    "test": {
                                        "ss": 0.615819209039548,
                                        "lms": 0.6892655367231638,
                                        "icat": 0.5296051581601711
                                    },
                                    "dev_count": 531,
                                    "test_count": 531
                                },
                                "race": {
                                    "dev": {
                                        "ss": 0.40869565217391307,
                                        "lms": 0.7695652173913043,
                                        "icat": 0.6290359168241967
                                    },
                                    "test": {
                                        "ss": 0.45454545454545453,
                                        "lms": 0.7207792207792207,
                                        "icat": 0.6552538370720188
                                    },
                                    "dev_count": 690,
                                    "test_count": 693
                                },
                                "religion": {
                                    "dev": {
                                        "ss": 0.7333333333333333,
                                        "lms": 0.7333333333333333,
                                        "icat": 0.3911111111111112
                                    },
                                    "test": {
                                        "ss": 0.5625,
                                        "lms": 0.71875,
                                        "icat": 0.62890625
                                    },
                                    "dev_count": 45,
                                    "test_count": 48
                                }
                            },
                            "model_11": {
                                "path": "./models/bert-base-cased/full_grad/inp/dynamic/2e-06/64/None/model_11",
                                "gender": {
                                    "dev": {
                                        "ss": 0.6730769230769231,
                                        "lms": 0.7788461538461539,
                                        "icat": 0.5092455621301775
                                    },
                                    "test": {
                                        "ss": 0.5384615384615384,
                                        "lms": 0.7211538461538461,
                                        "icat": 0.6656804733727811
                                    },
                                    "dev_count": 156,
                                    "test_count": 156
                                },
                                "profession": {
                                    "dev": {
                                        "ss": 0.5875706214689266,
                                        "lms": 0.711864406779661,
                                        "icat": 0.5871875897730536
                                    },
                                    "test": {
                                        "ss": 0.6214689265536724,
                                        "lms": 0.6497175141242938,
                                        "icat": 0.49187653611669696
                                    },
                                    "dev_count": 531,
                                    "test_count": 531
                                },
                                "race": {
                                    "dev": {
                                        "ss": 0.3826086956521739,
                                        "lms": 0.7369565217391304,
                                        "icat": 0.5639319470699433
                                    },
                                    "test": {
                                        "ss": 0.4458874458874459,
                                        "lms": 0.6904761904761905,
                                        "icat": 0.6157493300350443
                                    },
                                    "dev_count": 690,
                                    "test_count": 693
                                },
                                "religion": {
                                    "dev": {
                                        "ss": 0.7333333333333333,
                                        "lms": 0.7,
                                        "icat": 0.3733333333333334
                                    },
                                    "test": {
                                        "ss": 0.5,
                                        "lms": 0.78125,
                                        "icat": 0.78125
                                    },
                                    "dev_count": 45,
                                    "test_count": 48
                                }
                            },
                            "model_13": {
                                "path": "./models/bert-base-cased/full_grad/inp/dynamic/2e-06/64/None/model_13",
                                "gender": {
                                    "dev": {
                                        "ss": 0.6538461538461539,
                                        "lms": 0.7788461538461539,
                                        "icat": 0.5392011834319527
                                    },
                                    "test": {
                                        "ss": 0.5192307692307693,
                                        "lms": 0.7307692307692307,
                                        "icat": 0.702662721893491
                                    },
                                    "dev_count": 156,
                                    "test_count": 156
                                },
                                "profession": {
                                    "dev": {
                                        "ss": 0.576271186440678,
                                        "lms": 0.7062146892655368,
                                        "icat": 0.5984870248013023
                                    },
                                    "test": {
                                        "ss": 0.6214689265536724,
                                        "lms": 0.6440677966101694,
                                        "icat": 0.48759934884611694
                                    },
                                    "dev_count": 531,
                                    "test_count": 531
                                },
                                "race": {
                                    "dev": {
                                        "ss": 0.3826086956521739,
                                        "lms": 0.7304347826086957,
                                        "icat": 0.5589413988657845
                                    },
                                    "test": {
                                        "ss": 0.44155844155844154,
                                        "lms": 0.6774891774891775,
                                        "icat": 0.5983021307696632
                                    },
                                    "dev_count": 690,
                                    "test_count": 693
                                },
                                "religion": {
                                    "dev": {
                                        "ss": 0.6666666666666666,
                                        "lms": 0.7,
                                        "icat": 0.4666666666666667
                                    },
                                    "test": {
                                        "ss": 0.5,
                                        "lms": 0.75,
                                        "icat": 0.75
                                    },
                                    "dev_count": 45,
                                    "test_count": 48
                                }
                            },
                            "model_2": {
                                "path": "./models/bert-base-cased/full_grad/inp/dynamic/2e-06/64/None/model_2",
                                "gender": {
                                    "dev": {
                                        "ss": 0.6923076923076923,
                                        "lms": 0.7596153846153846,
                                        "icat": 0.46745562130177515
                                    },
                                    "test": {
                                        "ss": 0.5384615384615384,
                                        "lms": 0.75,
                                        "icat": 0.6923076923076923
                                    },
                                    "dev_count": 156,
                                    "test_count": 156
                                },
                                "profession": {
                                    "dev": {
                                        "ss": 0.5819209039548022,
                                        "lms": 0.7598870056497176,
                                        "icat": 0.635385744837052
                                    },
                                    "test": {
                                        "ss": 0.6271186440677966,
                                        "lms": 0.6864406779661016,
                                        "icat": 0.511921861534042
                                    },
                                    "dev_count": 531,
                                    "test_count": 531
                                },
                                "race": {
                                    "dev": {
                                        "ss": 0.41739130434782606,
                                        "lms": 0.7717391304347826,
                                        "icat": 0.644234404536862
                                    },
                                    "test": {
                                        "ss": 0.45454545454545453,
                                        "lms": 0.7316017316017316,
                                        "icat": 0.6650924832743014
                                    },
                                    "dev_count": 690,
                                    "test_count": 693
                                },
                                "religion": {
                                    "dev": {
                                        "ss": 0.7333333333333333,
                                        "lms": 0.7333333333333333,
                                        "icat": 0.3911111111111112
                                    },
                                    "test": {
                                        "ss": 0.5625,
                                        "lms": 0.71875,
                                        "icat": 0.62890625
                                    },
                                    "dev_count": 45,
                                    "test_count": 48
                                }
                            },
                            "model_12": {
                                "path": "./models/bert-base-cased/full_grad/inp/dynamic/2e-06/64/None/model_12",
                                "gender": {
                                    "dev": {
                                        "ss": 0.6538461538461539,
                                        "lms": 0.7788461538461539,
                                        "icat": 0.5392011834319527
                                    },
                                    "test": {
                                        "ss": 0.5384615384615384,
                                        "lms": 0.7211538461538461,
                                        "icat": 0.6656804733727811
                                    },
                                    "dev_count": 156,
                                    "test_count": 156
                                },
                                "profession": {
                                    "dev": {
                                        "ss": 0.5706214689265536,
                                        "lms": 0.7090395480225988,
                                        "icat": 0.6088927192058476
                                    },
                                    "test": {
                                        "ss": 0.6214689265536724,
                                        "lms": 0.6440677966101694,
                                        "icat": 0.48759934884611694
                                    },
                                    "dev_count": 531,
                                    "test_count": 531
                                },
                                "race": {
                                    "dev": {
                                        "ss": 0.3782608695652174,
                                        "lms": 0.7304347826086957,
                                        "icat": 0.5525897920604914
                                    },
                                    "test": {
                                        "ss": 0.4458874458874459,
                                        "lms": 0.6774891774891775,
                                        "icat": 0.6041678379340717
                                    },
                                    "dev_count": 690,
                                    "test_count": 693
                                },
                                "religion": {
                                    "dev": {
                                        "ss": 0.6666666666666666,
                                        "lms": 0.7,
                                        "icat": 0.4666666666666667
                                    },
                                    "test": {
                                        "ss": 0.5,
                                        "lms": 0.75,
                                        "icat": 0.75
                                    },
                                    "dev_count": 45,
                                    "test_count": 48
                                }
                            }
                        }
                    }
                }
            }
        }
    }
}
12/08/2025 08:42:25 - INFO - __main__ - Got best results {
    "best_model": {
        "path": "./models/bert-base-cased/full_grad/inp/dynamic/2e-06/64/None/model_15",
        "gender": {
            "dev": {
                "ss": 0.6538461538461539,
                "lms": 0.7788461538461539,
                "icat": 0.5392011834319527
            },
            "test": {
                "ss": 0.5384615384615384,
                "lms": 0.7307692307692307,
                "icat": 0.6745562130177515
            },
            "dev_count": 156,
            "test_count": 156
        },
        "profession": {
            "dev": {
                "ss": 0.5649717514124294,
                "lms": 0.7062146892655368,
                "icat": 0.6144466787960037
            },
            "test": {
                "ss": 0.6214689265536724,
                "lms": 0.6214689265536724,
                "icat": 0.4704905997637971
            },
            "dev_count": 531,
            "test_count": 531
        },
        "race": {
            "dev": {
                "ss": 0.3826086956521739,
                "lms": 0.7282608695652174,
                "icat": 0.5572778827977316
            },
            "test": {
                "ss": 0.44155844155844154,
                "lms": 0.6688311688311688,
                "icat": 0.5906560971496035
            },
            "dev_count": 690,
            "test_count": 693
        },
        "religion": {
            "dev": {
                "ss": 0.6666666666666666,
                "lms": 0.7,
                "icat": 0.4666666666666667
            },
            "test": {
                "ss": 0.5,
                "lms": 0.75,
                "icat": 0.75
            },
            "dev_count": 45,
            "test_count": 48
        },
        "dev_criterion_score": -0.5851528384279476,
        "test_criterion_score": -0.6026200873362445
    },
    "notall": {
        "best_model": {
            "path": "./models/bert-base-cased/notall/inp/dynamic/2e-06/64/15000/model_14",
            "gender": {
                "dev": {
                    "ss": 0.6538461538461539,
                    "lms": 0.7884615384615384,
                    "icat": 0.5458579881656804
                },
                "test": {
                    "ss": 0.5192307692307693,
                    "lms": 0.7596153846153846,
                    "icat": 0.7303994082840236
                },
                "dev_count": 156,
                "test_count": 156
            },
            "profession": {
                "dev": {
                    "ss": 0.5706214689265536,
                    "lms": 0.7203389830508474,
                    "icat": 0.6185961888346261
                },
                "test": {
                    "ss": 0.6214689265536724,
                    "lms": 0.652542372881356,
                    "icat": 0.49401512975198697
                },
                "dev_count": 531,
                "test_count": 531
            },
            "race": {
                "dev": {
                    "ss": 0.39565217391304347,
                    "lms": 0.741304347826087,
                    "icat": 0.5865973534971645
                },
                "test": {
                    "ss": 0.44155844155844154,
                    "lms": 0.6904761904761905,
                    "icat": 0.6097711811997526
                },
                "dev_count": 690,
                "test_count": 693
            },
            "religion": {
                "dev": {
                    "ss": 0.7333333333333333,
                    "lms": 0.7333333333333333,
                    "icat": 0.3911111111111112
                },
                "test": {
                    "ss": 0.5625,
                    "lms": 0.8125,
                    "icat": 0.7109375
                },
                "dev_count": 45,
                "test_count": 48
            },
            "dev_criterion_score": -0.5895196506550219,
            "test_criterion_score": -0.5982532751091703
        },
        "inp": {
            "best_model": {
                "path": "./models/bert-base-cased/notall/inp/dynamic/2e-06/64/15000/model_14",
                "gender": {
                    "dev": {
                        "ss": 0.6538461538461539,
                        "lms": 0.7884615384615384,
                        "icat": 0.5458579881656804
                    },
                    "test": {
                        "ss": 0.5192307692307693,
                        "lms": 0.7596153846153846,
                        "icat": 0.7303994082840236
                    },
                    "dev_count": 156,
                    "test_count": 156
                },
                "profession": {
                    "dev": {
                        "ss": 0.5706214689265536,
                        "lms": 0.7203389830508474,
                        "icat": 0.6185961888346261
                    },
                    "test": {
                        "ss": 0.6214689265536724,
                        "lms": 0.652542372881356,
                        "icat": 0.49401512975198697
                    },
                    "dev_count": 531,
                    "test_count": 531
                },
                "race": {
                    "dev": {
                        "ss": 0.39565217391304347,
                        "lms": 0.741304347826087,
                        "icat": 0.5865973534971645
                    },
                    "test": {
                        "ss": 0.44155844155844154,
                        "lms": 0.6904761904761905,
                        "icat": 0.6097711811997526
                    },
                    "dev_count": 690,
                    "test_count": 693
                },
                "religion": {
                    "dev": {
                        "ss": 0.7333333333333333,
                        "lms": 0.7333333333333333,
                        "icat": 0.3911111111111112
                    },
                    "test": {
                        "ss": 0.5625,
                        "lms": 0.8125,
                        "icat": 0.7109375
                    },
                    "dev_count": 45,
                    "test_count": 48
                },
                "dev_criterion_score": -0.5895196506550219,
                "test_criterion_score": -0.5982532751091703
            },
            "dynamic": {
                "best_model": {
                    "path": "./models/bert-base-cased/notall/inp/dynamic/2e-06/64/15000/model_14",
                    "gender": {
                        "dev": {
                            "ss": 0.6538461538461539,
                            "lms": 0.7884615384615384,
                            "icat": 0.5458579881656804
                        },
                        "test": {
                            "ss": 0.5192307692307693,
                            "lms": 0.7596153846153846,
                            "icat": 0.7303994082840236
                        },
                        "dev_count": 156,
                        "test_count": 156
                    },
                    "profession": {
                        "dev": {
                            "ss": 0.5706214689265536,
                            "lms": 0.7203389830508474,
                            "icat": 0.6185961888346261
                        },
                        "test": {
                            "ss": 0.6214689265536724,
                            "lms": 0.652542372881356,
                            "icat": 0.49401512975198697
                        },
                        "dev_count": 531,
                        "test_count": 531
                    },
                    "race": {
                        "dev": {
                            "ss": 0.39565217391304347,
                            "lms": 0.741304347826087,
                            "icat": 0.5865973534971645
                        },
                        "test": {
                            "ss": 0.44155844155844154,
                            "lms": 0.6904761904761905,
                            "icat": 0.6097711811997526
                        },
                        "dev_count": 690,
                        "test_count": 693
                    },
                    "religion": {
                        "dev": {
                            "ss": 0.7333333333333333,
                            "lms": 0.7333333333333333,
                            "icat": 0.3911111111111112
                        },
                        "test": {
                            "ss": 0.5625,
                            "lms": 0.8125,
                            "icat": 0.7109375
                        },
                        "dev_count": 45,
                        "test_count": 48
                    },
                    "dev_criterion_score": -0.5895196506550219,
                    "test_criterion_score": -0.5982532751091703
                },
                "2e-06": {
                    "best_model": {
                        "path": "./models/bert-base-cased/notall/inp/dynamic/2e-06/64/15000/model_14",
                        "gender": {
                            "dev": {
                                "ss": 0.6538461538461539,
                                "lms": 0.7884615384615384,
                                "icat": 0.5458579881656804
                            },
                            "test": {
                                "ss": 0.5192307692307693,
                                "lms": 0.7596153846153846,
                                "icat": 0.7303994082840236
                            },
                            "dev_count": 156,
                            "test_count": 156
                        },
                        "profession": {
                            "dev": {
                                "ss": 0.5706214689265536,
                                "lms": 0.7203389830508474,
                                "icat": 0.6185961888346261
                            },
                            "test": {
                                "ss": 0.6214689265536724,
                                "lms": 0.652542372881356,
                                "icat": 0.49401512975198697
                            },
                            "dev_count": 531,
                            "test_count": 531
                        },
                        "race": {
                            "dev": {
                                "ss": 0.39565217391304347,
                                "lms": 0.741304347826087,
                                "icat": 0.5865973534971645
                            },
                            "test": {
                                "ss": 0.44155844155844154,
                                "lms": 0.6904761904761905,
                                "icat": 0.6097711811997526
                            },
                            "dev_count": 690,
                            "test_count": 693
                        },
                        "religion": {
                            "dev": {
                                "ss": 0.7333333333333333,
                                "lms": 0.7333333333333333,
                                "icat": 0.3911111111111112
                            },
                            "test": {
                                "ss": 0.5625,
                                "lms": 0.8125,
                                "icat": 0.7109375
                            },
                            "dev_count": 45,
                            "test_count": 48
                        },
                        "dev_criterion_score": -0.5895196506550219,
                        "test_criterion_score": -0.5982532751091703
                    },
                    "64": {
                        "best_model": {
                            "path": "./models/bert-base-cased/notall/inp/dynamic/2e-06/64/15000/model_14",
                            "gender": {
                                "dev": {
                                    "ss": 0.6538461538461539,
                                    "lms": 0.7884615384615384,
                                    "icat": 0.5458579881656804
                                },
                                "test": {
                                    "ss": 0.5192307692307693,
                                    "lms": 0.7596153846153846,
                                    "icat": 0.7303994082840236
                                },
                                "dev_count": 156,
                                "test_count": 156
                            },
                            "profession": {
                                "dev": {
                                    "ss": 0.5706214689265536,
                                    "lms": 0.7203389830508474,
                                    "icat": 0.6185961888346261
                                },
                                "test": {
                                    "ss": 0.6214689265536724,
                                    "lms": 0.652542372881356,
                                    "icat": 0.49401512975198697
                                },
                                "dev_count": 531,
                                "test_count": 531
                            },
                            "race": {
                                "dev": {
                                    "ss": 0.39565217391304347,
                                    "lms": 0.741304347826087,
                                    "icat": 0.5865973534971645
                                },
                                "test": {
                                    "ss": 0.44155844155844154,
                                    "lms": 0.6904761904761905,
                                    "icat": 0.6097711811997526
                                },
                                "dev_count": 690,
                                "test_count": 693
                            },
                            "religion": {
                                "dev": {
                                    "ss": 0.7333333333333333,
                                    "lms": 0.7333333333333333,
                                    "icat": 0.3911111111111112
                                },
                                "test": {
                                    "ss": 0.5625,
                                    "lms": 0.8125,
                                    "icat": 0.7109375
                                },
                                "dev_count": 45,
                                "test_count": 48
                            },
                            "dev_criterion_score": -0.5895196506550219,
                            "test_criterion_score": -0.5982532751091703
                        },
                        "10000": {
                            "best_model": {
                                "path": "./models/bert-base-cased/notall/inp/dynamic/2e-06/64/10000/model_9",
                                "gender": {
                                    "dev": {
                                        "ss": 0.6923076923076923,
                                        "lms": 0.7884615384615384,
                                        "icat": 0.485207100591716
                                    },
                                    "test": {
                                        "ss": 0.5384615384615384,
                                        "lms": 0.7692307692307693,
                                        "icat": 0.7100591715976332
                                    },
                                    "dev_count": 156,
                                    "test_count": 156
                                },
                                "profession": {
                                    "dev": {
                                        "ss": 0.5649717514124294,
                                        "lms": 0.731638418079096,
                                        "icat": 0.6365667592326598
                                    },
                                    "test": {
                                        "ss": 0.615819209039548,
                                        "lms": 0.6779661016949152,
                                        "icat": 0.5209231063870535
                                    },
                                    "dev_count": 531,
                                    "test_count": 531
                                },
                                "race": {
                                    "dev": {
                                        "ss": 0.41739130434782606,
                                        "lms": 0.7760869565217391,
                                        "icat": 0.6478638941398865
                                    },
                                    "test": {
                                        "ss": 0.4675324675324675,
                                        "lms": 0.7121212121212122,
                                        "icat": 0.6658795749704841
                                    },
                                    "dev_count": 690,
                                    "test_count": 693
                                },
                                "religion": {
                                    "dev": {
                                        "ss": 0.8,
                                        "lms": 0.7333333333333333,
                                        "icat": 0.2933333333333332
                                    },
                                    "test": {
                                        "ss": 0.5625,
                                        "lms": 0.8125,
                                        "icat": 0.7109375
                                    },
                                    "dev_count": 45,
                                    "test_count": 48
                                },
                                "dev_criterion_score": -0.5938864628820961,
                                "test_criterion_score": -0.5982532751091703
                            },
                            "model_7": {
                                "best_model": {
                                    "path": "./models/bert-base-cased/notall/inp/dynamic/2e-06/64/10000/model_7",
                                    "gender": {
                                        "dev": {
                                            "ss": 0.6923076923076923,
                                            "lms": 0.7788461538461539,
                                            "icat": 0.47928994082840237
                                        },
                                        "test": {
                                            "ss": 0.5384615384615384,
                                            "lms": 0.7692307692307693,
                                            "icat": 0.7100591715976332
                                        },
                                        "dev_count": 156,
                                        "test_count": 156
                                    },
                                    "profession": {
                                        "dev": {
                                            "ss": 0.5819209039548022,
                                            "lms": 0.7372881355932204,
                                            "icat": 0.6164895145073256
                                        },
                                        "test": {
                                            "ss": 0.615819209039548,
                                            "lms": 0.6977401129943502,
                                            "icat": 0.5361166969900092
                                        },
                                        "dev_count": 531,
                                        "test_count": 531
                                    },
                                    "race": {
                                        "dev": {
                                            "ss": 0.41304347826086957,
                                            "lms": 0.7739130434782608,
                                            "icat": 0.6393194706994328
                                        },
                                        "test": {
                                            "ss": 0.46320346320346323,
                                            "lms": 0.7229437229437229,
                                            "icat": 0.6697400723374749
                                        },
                                        "dev_count": 690,
                                        "test_count": 693
                                    },
                                    "religion": {
                                        "dev": {
                                            "ss": 0.8,
                                            "lms": 0.7666666666666667,
                                            "icat": 0.30666666666666664
                                        },
                                        "test": {
                                            "ss": 0.5625,
                                            "lms": 0.84375,
                                            "icat": 0.73828125
                                        },
                                        "dev_count": 45,
                                        "test_count": 48
                                    },
                                    "dev_criterion_score": -0.6069868995633187,
                                    "test_criterion_score": -0.5982532751091703
                                }
                            },
                            "model_6": {
                                "best_model": {
                                    "path": "./models/bert-base-cased/notall/inp/dynamic/2e-06/64/10000/model_6",
                                    "gender": {
                                        "dev": {
                                            "ss": 0.6923076923076923,
                                            "lms": 0.7788461538461539,
                                            "icat": 0.47928994082840237
                                        },
                                        "test": {
                                            "ss": 0.5576923076923077,
                                            "lms": 0.7596153846153846,
                                            "icat": 0.6719674556213017
                                        },
                                        "dev_count": 156,
                                        "test_count": 156
                                    },
                                    "profession": {
                                        "dev": {
                                            "ss": 0.5932203389830508,
                                            "lms": 0.7457627118644068,
                                            "icat": 0.6067222062625682
                                        },
                                        "test": {
                                            "ss": 0.6101694915254238,
                                            "lms": 0.6977401129943502,
                                            "icat": 0.5440007660633916
                                        },
                                        "dev_count": 531,
                                        "test_count": 531
                                    },
                                    "race": {
                                        "dev": {
                                            "ss": 0.4217391304347826,
                                            "lms": 0.7782608695652173,
                                            "icat": 0.6564461247637051
                                        },
                                        "test": {
                                            "ss": 0.46320346320346323,
                                            "lms": 0.7229437229437229,
                                            "icat": 0.6697400723374749
                                        },
                                        "dev_count": 690,
                                        "test_count": 693
                                    },
                                    "religion": {
                                        "dev": {
                                            "ss": 0.8,
                                            "lms": 0.7666666666666667,
                                            "icat": 0.30666666666666664
                                        },
                                        "test": {
                                            "ss": 0.5625,
                                            "lms": 0.84375,
                                            "icat": 0.73828125
                                        },
                                        "dev_count": 45,
                                        "test_count": 48
                                    },
                                    "dev_criterion_score": -0.6157205240174672,
                                    "test_criterion_score": -0.5982532751091703
                                }
                            },
                            "model_3": {
                                "best_model": {
                                    "path": "./models/bert-base-cased/notall/inp/dynamic/2e-06/64/10000/model_3",
                                    "gender": {
                                        "dev": {
                                            "ss": 0.6923076923076923,
                                            "lms": 0.7692307692307693,
                                            "icat": 0.4733727810650888
                                        },
                                        "test": {
                                            "ss": 0.5384615384615384,
                                            "lms": 0.7692307692307693,
                                            "icat": 0.7100591715976332
                                        },
                                        "dev_count": 156,
                                        "test_count": 156
                                    },
                                    "profession": {
                                        "dev": {
                                            "ss": 0.5932203389830508,
                                            "lms": 0.7627118644067796,
                                            "icat": 0.6205113473139903
                                        },
                                        "test": {
                                            "ss": 0.6045197740112994,
                                            "lms": 0.7005649717514124,
                                            "icat": 0.5541191866960324
                                        },
                                        "dev_count": 531,
                                        "test_count": 531
                                    },
                                    "race": {
                                        "dev": {
                                            "ss": 0.40869565217391307,
                                            "lms": 0.7934782608695652,
                                            "icat": 0.6485822306238186
                                        },
                                        "test": {
                                            "ss": 0.45021645021645024,
                                            "lms": 0.7424242424242424,
                                            "icat": 0.6685032139577595
                                        },
                                        "dev_count": 690,
                                        "test_count": 693
                                    },
                                    "religion": {
                                        "dev": {
                                            "ss": 0.7333333333333333,
                                            "lms": 0.7666666666666667,
                                            "icat": 0.40888888888888897
                                        },
                                        "test": {
                                            "ss": 0.5625,
                                            "lms": 0.8125,
                                            "icat": 0.7109375
                                        },
                                        "dev_count": 45,
                                        "test_count": 48
                                    },
                                    "dev_criterion_score": -0.6157205240174672,
                                    "test_criterion_score": -0.5895196506550219
                                }
                            },
                            "model_8": {
                                "best_model": {
                                    "path": "./models/bert-base-cased/notall/inp/dynamic/2e-06/64/10000/model_8",
                                    "gender": {
                                        "dev": {
                                            "ss": 0.6923076923076923,
                                            "lms": 0.7884615384615384,
                                            "icat": 0.485207100591716
                                        },
                                        "test": {
                                            "ss": 0.5384615384615384,
                                            "lms": 0.7692307692307693,
                                            "icat": 0.7100591715976332
                                        },
                                        "dev_count": 156,
                                        "test_count": 156
                                    },
                                    "profession": {
                                        "dev": {
                                            "ss": 0.576271186440678,
                                            "lms": 0.7429378531073446,
                                            "icat": 0.6296083500909699
                                        },
                                        "test": {
                                            "ss": 0.615819209039548,
                                            "lms": 0.6864406779661016,
                                            "icat": 0.5274346452168917
                                        },
                                        "dev_count": 531,
                                        "test_count": 531
                                    },
                                    "race": {
                                        "dev": {
                                            "ss": 0.41739130434782606,
                                            "lms": 0.7782608695652173,
                                            "icat": 0.6496786389413988
                                        },
                                        "test": {
                                            "ss": 0.4675324675324675,
                                            "lms": 0.7207792207792207,
                                            "icat": 0.6739753752740765
                                        },
                                        "dev_count": 690,
                                        "test_count": 693
                                    },
                                    "religion": {
                                        "dev": {
                                            "ss": 0.8,
                                            "lms": 0.7666666666666667,
                                            "icat": 0.30666666666666664
                                        },
                                        "test": {
                                            "ss": 0.5625,
                                            "lms": 0.84375,
                                            "icat": 0.73828125
                                        },
                                        "dev_count": 45,
                                        "test_count": 48
                                    },
                                    "dev_criterion_score": -0.6026200873362445,
                                    "test_criterion_score": -0.5982532751091703
                                }
                            },
                            "model_14": {
                                "best_model": {
                                    "path": "./models/bert-base-cased/notall/inp/dynamic/2e-06/64/10000/model_14",
                                    "gender": {
                                        "dev": {
                                            "ss": 0.6730769230769231,
                                            "lms": 0.7692307692307693,
                                            "icat": 0.5029585798816567
                                        },
                                        "test": {
                                            "ss": 0.5384615384615384,
                                            "lms": 0.7692307692307693,
                                            "icat": 0.7100591715976332
                                        },
                                        "dev_count": 156,
                                        "test_count": 156
                                    },
                                    "profession": {
                                        "dev": {
                                            "ss": 0.5819209039548022,
                                            "lms": 0.7203389830508474,
                                            "icat": 0.6023173417600307
                                        },
                                        "test": {
                                            "ss": 0.6214689265536724,
                                            "lms": 0.6666666666666666,
                                            "icat": 0.5047080979284368
                                        },
                                        "dev_count": 531,
                                        "test_count": 531
                                    },
                                    "race": {
                                        "dev": {
                                            "ss": 0.40869565217391307,
                                            "lms": 0.7630434782608696,
                                            "icat": 0.6237051039697543
                                        },
                                        "test": {
                                            "ss": 0.45021645021645024,
                                            "lms": 0.7077922077922078,
                                            "icat": 0.6373193905661438
                                        },
                                        "dev_count": 690,
                                        "test_count": 693
                                    },
                                    "religion": {
                                        "dev": {
                                            "ss": 0.8,
                                            "lms": 0.7333333333333333,
                                            "icat": 0.2933333333333332
                                        },
                                        "test": {
                                            "ss": 0.5625,
                                            "lms": 0.8125,
                                            "icat": 0.7109375
                                        },
                                        "dev_count": 45,
                                        "test_count": 48
                                    },
                                    "dev_criterion_score": -0.6026200873362445,
                                    "test_criterion_score": -0.6026200873362445
                                }
                            },
                            "model_15": {
                                "best_model": {
                                    "path": "./models/bert-base-cased/notall/inp/dynamic/2e-06/64/10000/model_15",
                                    "gender": {
                                        "dev": {
                                            "ss": 0.6538461538461539,
                                            "lms": 0.7692307692307693,
                                            "icat": 0.5325443786982249
                                        },
                                        "test": {
                                            "ss": 0.5384615384615384,
                                            "lms": 0.7692307692307693,
                                            "icat": 0.7100591715976332
                                        },
                                        "dev_count": 156,
                                        "test_count": 156
                                    },
                                    "profession": {
                                        "dev": {
                                            "ss": 0.5819209039548022,
                                            "lms": 0.7203389830508474,
                                            "icat": 0.6023173417600307
                                        },
                                        "test": {
                                            "ss": 0.6214689265536724,
                                            "lms": 0.6638418079096046,
                                            "icat": 0.502569504293147
                                        },
                                        "dev_count": 531,
                                        "test_count": 531
                                    },
                                    "race": {
                                        "dev": {
                                            "ss": 0.40869565217391307,
                                            "lms": 0.7565217391304347,
                                            "icat": 0.618374291115312
                                        },
                                        "test": {
                                            "ss": 0.45021645021645024,
                                            "lms": 0.7056277056277056,
                                            "icat": 0.6353704016041678
                                        },
                                        "dev_count": 690,
                                        "test_count": 693
                                    },
                                    "religion": {
                                        "dev": {
                                            "ss": 0.8,
                                            "lms": 0.7333333333333333,
                                            "icat": 0.2933333333333332
                                        },
                                        "test": {
                                            "ss": 0.5625,
                                            "lms": 0.8125,
                                            "icat": 0.7109375
                                        },
                                        "dev_count": 45,
                                        "test_count": 48
                                    },
                                    "dev_criterion_score": -0.5982532751091703,
                                    "test_criterion_score": -0.6026200873362445
                                }
                            },
                            "model_5": {
                                "best_model": {
                                    "path": "./models/bert-base-cased/notall/inp/dynamic/2e-06/64/10000/model_5",
                                    "gender": {
                                        "dev": {
                                            "ss": 0.6923076923076923,
                                            "lms": 0.7692307692307693,
                                            "icat": 0.4733727810650888
                                        },
                                        "test": {
                                            "ss": 0.5576923076923077,
                                            "lms": 0.7692307692307693,
                                            "icat": 0.6804733727810651
                                        },
                                        "dev_count": 156,
                                        "test_count": 156
                                    },
                                    "profession": {
                                        "dev": {
                                            "ss": 0.5932203389830508,
                                            "lms": 0.7542372881355932,
                                            "icat": 0.6136167767882793
                                        },
                                        "test": {
                                            "ss": 0.615819209039548,
                                            "lms": 0.6949152542372882,
                                            "icat": 0.5339461840467299
                                        },
                                        "dev_count": 531,
                                        "test_count": 531
                                    },
                                    "race": {
                                        "dev": {
                                            "ss": 0.41304347826086957,
                                            "lms": 0.7847826086956522,
                                            "icat": 0.6482986767485822
                                        },
                                        "test": {
                                            "ss": 0.4588744588744589,
                                            "lms": 0.7316017316017316,
                                            "icat": 0.6714266974007234
                                        },
                                        "dev_count": 690,
                                        "test_count": 693
                                    },
                                    "religion": {
                                        "dev": {
                                            "ss": 0.8,
                                            "lms": 0.7666666666666667,
                                            "icat": 0.30666666666666664
                                        },
                                        "test": {
                                            "ss": 0.5625,
                                            "lms": 0.84375,
                                            "icat": 0.73828125
                                        },
                                        "dev_count": 45,
                                        "test_count": 48
                                    },
                                    "dev_criterion_score": -0.6157205240174672,
                                    "test_criterion_score": -0.6026200873362445
                                }
                            },
                            "model_4": {
                                "best_model": {
                                    "path": "./models/bert-base-cased/notall/inp/dynamic/2e-06/64/10000/model_4",
                                    "gender": {
                                        "dev": {
                                            "ss": 0.6923076923076923,
                                            "lms": 0.7692307692307693,
                                            "icat": 0.4733727810650888
                                        },
                                        "test": {
                                            "ss": 0.5576923076923077,
                                            "lms": 0.7692307692307693,
                                            "icat": 0.6804733727810651
                                        },
                                        "dev_count": 156,
                                        "test_count": 156
                                    },
                                    "profession": {
                                        "dev": {
                                            "ss": 0.5988700564971752,
                                            "lms": 0.7655367231638418,
                                            "icat": 0.614159405024099
                                        },
                                        "test": {
                                            "ss": 0.6101694915254238,
                                            "lms": 0.6977401129943502,
                                            "icat": 0.5440007660633916
                                        },
                                        "dev_count": 531,
                                        "test_count": 531
                                    },
                                    "race": {
                                        "dev": {
                                            "ss": 0.40869565217391307,
                                            "lms": 0.7869565217391304,
                                            "icat": 0.6432514177693762
                                        },
                                        "test": {
                                            "ss": 0.45454545454545453,
                                            "lms": 0.7316017316017316,
                                            "icat": 0.6650924832743014
                                        },
                                        "dev_count": 690,
                                        "test_count": 693
                                    },
                                    "religion": {
                                        "dev": {
                                            "ss": 0.7333333333333333,
                                            "lms": 0.7666666666666667,
                                            "icat": 0.40888888888888897
                                        },
                                        "test": {
                                            "ss": 0.5625,
                                            "lms": 0.84375,
                                            "icat": 0.73828125
                                        },
                                        "dev_count": 45,
                                        "test_count": 48
                                    },
                                    "dev_criterion_score": -0.6200873362445415,
                                    "test_criterion_score": -0.5982532751091703
                                }
                            },
                            "model_10": {
                                "best_model": {
                                    "path": "./models/bert-base-cased/notall/inp/dynamic/2e-06/64/10000/model_10",
                                    "gender": {
                                        "dev": {
                                            "ss": 0.6923076923076923,
                                            "lms": 0.7788461538461539,
                                            "icat": 0.47928994082840237
                                        },
                                        "test": {
                                            "ss": 0.5384615384615384,
                                            "lms": 0.7692307692307693,
                                            "icat": 0.7100591715976332
                                        },
                                        "dev_count": 156,
                                        "test_count": 156
                                    },
                                    "profession": {
                                        "dev": {
                                            "ss": 0.576271186440678,
                                            "lms": 0.731638418079096,
                                            "icat": 0.6200325576941491
                                        },
                                        "test": {
                                            "ss": 0.6214689265536724,
                                            "lms": 0.6807909604519774,
                                            "icat": 0.5154010661048868
                                        },
                                        "dev_count": 531,
                                        "test_count": 531
                                    },
                                    "race": {
                                        "dev": {
                                            "ss": 0.41739130434782606,
                                            "lms": 0.7695652173913043,
                                            "icat": 0.6424196597353496
                                        },
                                        "test": {
                                            "ss": 0.4675324675324675,
                                            "lms": 0.70995670995671,
                                            "icat": 0.6638556248945859
                                        },
                                        "dev_count": 690,
                                        "test_count": 693
                                    },
                                    "religion": {
                                        "dev": {
                                            "ss": 0.8,
                                            "lms": 0.7333333333333333,
                                            "icat": 0.2933333333333332
                                        },
                                        "test": {
                                            "ss": 0.5625,
                                            "lms": 0.8125,
                                            "icat": 0.7109375
                                        },
                                        "dev_count": 45,
                                        "test_count": 48
                                    },
                                    "dev_criterion_score": -0.6026200873362445,
                                    "test_criterion_score": -0.6026200873362445
                                }
                            },
                            "model_1": {
                                "best_model": {
                                    "path": "./models/bert-base-cased/notall/inp/dynamic/2e-06/64/10000/model_1",
                                    "gender": {
                                        "dev": {
                                            "ss": 0.7115384615384616,
                                            "lms": 0.7980769230769231,
                                            "icat": 0.4604289940828402
                                        },
                                        "test": {
                                            "ss": 0.5384615384615384,
                                            "lms": 0.75,
                                            "icat": 0.6923076923076923
                                        },
                                        "dev_count": 156,
                                        "test_count": 156
                                    },
                                    "profession": {
                                        "dev": {
                                            "ss": 0.576271186440678,
                                            "lms": 0.7768361581920904,
                                            "icat": 0.6583357272814325
                                        },
                                        "test": {
                                            "ss": 0.6214689265536724,
                                            "lms": 0.7259887005649718,
                                            "icat": 0.5496185642695266
                                        },
                                        "dev_count": 531,
                                        "test_count": 531
                                    },
                                    "race": {
                                        "dev": {
                                            "ss": 0.4260869565217391,
                                            "lms": 0.7913043478260869,
                                            "icat": 0.6743289224952741
                                        },
                                        "test": {
                                            "ss": 0.45454545454545453,
                                            "lms": 0.7489177489177489,
                                            "icat": 0.6808343171979535
                                        },
                                        "dev_count": 690,
                                        "test_count": 693
                                    },
                                    "religion": {
                                        "dev": {
                                            "ss": 0.7333333333333333,
                                            "lms": 0.7666666666666667,
                                            "icat": 0.40888888888888897
                                        },
                                        "test": {
                                            "ss": 0.5625,
                                            "lms": 0.78125,
                                            "icat": 0.68359375
                                        },
                                        "dev_count": 45,
                                        "test_count": 48
                                    },
                                    "dev_criterion_score": -0.6069868995633187,
                                    "test_criterion_score": -0.6026200873362445
                                }
                            },
                            "model_9": {
                                "best_model": {
                                    "path": "./models/bert-base-cased/notall/inp/dynamic/2e-06/64/10000/model_9",
                                    "gender": {
                                        "dev": {
                                            "ss": 0.6923076923076923,
                                            "lms": 0.7884615384615384,
                                            "icat": 0.485207100591716
                                        },
                                        "test": {
                                            "ss": 0.5384615384615384,
                                            "lms": 0.7692307692307693,
                                            "icat": 0.7100591715976332
                                        },
                                        "dev_count": 156,
                                        "test_count": 156
                                    },
                                    "profession": {
                                        "dev": {
                                            "ss": 0.5649717514124294,
                                            "lms": 0.731638418079096,
                                            "icat": 0.6365667592326598
                                        },
                                        "test": {
                                            "ss": 0.615819209039548,
                                            "lms": 0.6779661016949152,
                                            "icat": 0.5209231063870535
                                        },
                                        "dev_count": 531,
                                        "test_count": 531
                                    },
                                    "race": {
                                        "dev": {
                                            "ss": 0.41739130434782606,
                                            "lms": 0.7760869565217391,
                                            "icat": 0.6478638941398865
                                        },
                                        "test": {
                                            "ss": 0.4675324675324675,
                                            "lms": 0.7121212121212122,
                                            "icat": 0.6658795749704841
                                        },
                                        "dev_count": 690,
                                        "test_count": 693
                                    },
                                    "religion": {
                                        "dev": {
                                            "ss": 0.8,
                                            "lms": 0.7333333333333333,
                                            "icat": 0.2933333333333332
                                        },
                                        "test": {
                                            "ss": 0.5625,
                                            "lms": 0.8125,
                                            "icat": 0.7109375
                                        },
                                        "dev_count": 45,
                                        "test_count": 48
                                    },
                                    "dev_criterion_score": -0.5938864628820961,
                                    "test_criterion_score": -0.5982532751091703
                                }
                            },
                            "model_11": {
                                "best_model": {
                                    "path": "./models/bert-base-cased/notall/inp/dynamic/2e-06/64/10000/model_11",
                                    "gender": {
                                        "dev": {
                                            "ss": 0.6730769230769231,
                                            "lms": 0.7788461538461539,
                                            "icat": 0.5092455621301775
                                        },
                                        "test": {
                                            "ss": 0.5384615384615384,
                                            "lms": 0.7692307692307693,
                                            "icat": 0.7100591715976332
                                        },
                                        "dev_count": 156,
                                        "test_count": 156
                                    },
                                    "profession": {
                                        "dev": {
                                            "ss": 0.576271186440678,
                                            "lms": 0.731638418079096,
                                            "icat": 0.6200325576941491
                                        },
                                        "test": {
                                            "ss": 0.6214689265536724,
                                            "lms": 0.6751412429378532,
                                            "icat": 0.5111238788343069
                                        },
                                        "dev_count": 531,
                                        "test_count": 531
                                    },
                                    "race": {
                                        "dev": {
                                            "ss": 0.41304347826086957,
                                            "lms": 0.7673913043478261,
                                            "icat": 0.6339319470699433
                                        },
                                        "test": {
                                            "ss": 0.4588744588744589,
                                            "lms": 0.7121212121212122,
                                            "icat": 0.65354847173029
                                        },
                                        "dev_count": 690,
                                        "test_count": 693
                                    },
                                    "religion": {
                                        "dev": {
                                            "ss": 0.8,
                                            "lms": 0.7333333333333333,
                                            "icat": 0.2933333333333332
                                        },
                                        "test": {
                                            "ss": 0.5625,
                                            "lms": 0.8125,
                                            "icat": 0.7109375
                                        },
                                        "dev_count": 45,
                                        "test_count": 48
                                    },
                                    "dev_criterion_score": -0.5982532751091703,
                                    "test_criterion_score": -0.6026200873362445
                                }
                            },
                            "model_13": {
                                "best_model": {
                                    "path": "./models/bert-base-cased/notall/inp/dynamic/2e-06/64/10000/model_13",
                                    "gender": {
                                        "dev": {
                                            "ss": 0.6730769230769231,
                                            "lms": 0.7692307692307693,
                                            "icat": 0.5029585798816567
                                        },
                                        "test": {
                                            "ss": 0.5384615384615384,
                                            "lms": 0.7692307692307693,
                                            "icat": 0.7100591715976332
                                        },
                                        "dev_count": 156,
                                        "test_count": 156
                                    },
                                    "profession": {
                                        "dev": {
                                            "ss": 0.576271186440678,
                                            "lms": 0.7231638418079096,
                                            "icat": 0.6128507133965335
                                        },
                                        "test": {
                                            "ss": 0.6101694915254238,
                                            "lms": 0.6666666666666666,
                                            "icat": 0.5197740112994349
                                        },
                                        "dev_count": 531,
                                        "test_count": 531
                                    },
                                    "race": {
                                        "dev": {
                                            "ss": 0.4043478260869565,
                                            "lms": 0.7673913043478261,
                                            "icat": 0.620586011342155
                                        },
                                        "test": {
                                            "ss": 0.45454545454545453,
                                            "lms": 0.7077922077922078,
                                            "icat": 0.6434474616292798
                                        },
                                        "dev_count": 690,
                                        "test_count": 693
                                    },
                                    "religion": {
                                        "dev": {
                                            "ss": 0.8,
                                            "lms": 0.7333333333333333,
                                            "icat": 0.2933333333333332
                                        },
                                        "test": {
                                            "ss": 0.5625,
                                            "lms": 0.8125,
                                            "icat": 0.7109375
                                        },
                                        "dev_count": 45,
                                        "test_count": 48
                                    },
                                    "dev_criterion_score": -0.5982532751091703,
                                    "test_criterion_score": -0.5938864628820961
                                }
                            },
                            "model_2": {
                                "best_model": {
                                    "path": "./models/bert-base-cased/notall/inp/dynamic/2e-06/64/10000/model_2",
                                    "gender": {
                                        "dev": {
                                            "ss": 0.6923076923076923,
                                            "lms": 0.7980769230769231,
                                            "icat": 0.49112426035502965
                                        },
                                        "test": {
                                            "ss": 0.5384615384615384,
                                            "lms": 0.7692307692307693,
                                            "icat": 0.7100591715976332
                                        },
                                        "dev_count": 156,
                                        "test_count": 156
                                    },
                                    "profession": {
                                        "dev": {
                                            "ss": 0.576271186440678,
                                            "lms": 0.7711864406779662,
                                            "icat": 0.6535478310830222
                                        },
                                        "test": {
                                            "ss": 0.615819209039548,
                                            "lms": 0.7090395480225988,
                                            "icat": 0.5447987487631268
                                        },
                                        "dev_count": 531,
                                        "test_count": 531
                                    },
                                    "race": {
                                        "dev": {
                                            "ss": 0.4043478260869565,
                                            "lms": 0.7913043478260869,
                                            "icat": 0.6399243856332703
                                        },
                                        "test": {
                                            "ss": 0.45021645021645024,
                                            "lms": 0.7402597402597403,
                                            "icat": 0.6665542249957835
                                        },
                                        "dev_count": 690,
                                        "test_count": 693
                                    },
                                    "religion": {
                                        "dev": {
                                            "ss": 0.7333333333333333,
                                            "lms": 0.8,
                                            "icat": 0.42666666666666675
                                        },
                                        "test": {
                                            "ss": 0.5625,
                                            "lms": 0.78125,
                                            "icat": 0.68359375
                                        },
                                        "dev_count": 45,
                                        "test_count": 48
                                    },
                                    "dev_criterion_score": -0.6026200873362445,
                                    "test_criterion_score": -0.5982532751091703
                                }
                            },
                            "model_12": {
                                "best_model": {
                                    "path": "./models/bert-base-cased/notall/inp/dynamic/2e-06/64/10000/model_12",
                                    "gender": {
                                        "dev": {
                                            "ss": 0.6730769230769231,
                                            "lms": 0.7692307692307693,
                                            "icat": 0.5029585798816567
                                        },
                                        "test": {
                                            "ss": 0.5384615384615384,
                                            "lms": 0.7692307692307693,
                                            "icat": 0.7100591715976332
                                        },
                                        "dev_count": 156,
                                        "test_count": 156
                                    },
                                    "profession": {
                                        "dev": {
                                            "ss": 0.576271186440678,
                                            "lms": 0.7259887005649718,
                                            "icat": 0.6152446614957388
                                        },
                                        "test": {
                                            "ss": 0.615819209039548,
                                            "lms": 0.6694915254237288,
                                            "icat": 0.5144115675572154
                                        },
                                        "dev_count": 531,
                                        "test_count": 531
                                    },
                                    "race": {
                                        "dev": {
                                            "ss": 0.40869565217391307,
                                            "lms": 0.7673913043478261,
                                            "icat": 0.6272589792060492
                                        },
                                        "test": {
                                            "ss": 0.45454545454545453,
                                            "lms": 0.70995670995671,
                                            "icat": 0.6454151908697363
                                        },
                                        "dev_count": 690,
                                        "test_count": 693
                                    },
                                    "religion": {
                                        "dev": {
                                            "ss": 0.8,
                                            "lms": 0.7333333333333333,
                                            "icat": 0.2933333333333332
                                        },
                                        "test": {
                                            "ss": 0.5625,
                                            "lms": 0.8125,
                                            "icat": 0.7109375
                                        },
                                        "dev_count": 45,
                                        "test_count": 48
                                    },
                                    "dev_criterion_score": -0.5982532751091703,
                                    "test_criterion_score": -0.5982532751091703
                                }
                            }
                        },
                        "22000": {
                            "best_model": {
                                "path": "./models/bert-base-cased/notall/inp/dynamic/2e-06/64/22000/model_14",
                                "gender": {
                                    "dev": {
                                        "ss": 0.6730769230769231,
                                        "lms": 0.7596153846153846,
                                        "icat": 0.496671597633136
                                    },
                                    "test": {
                                        "ss": 0.5384615384615384,
                                        "lms": 0.7596153846153846,
                                        "icat": 0.7011834319526628
                                    },
                                    "dev_count": 156,
                                    "test_count": 156
                                },
                                "profession": {
                                    "dev": {
                                        "ss": 0.5819209039548022,
                                        "lms": 0.7146892655367232,
                                        "icat": 0.597593284177599
                                    },
                                    "test": {
                                        "ss": 0.615819209039548,
                                        "lms": 0.6440677966101694,
                                        "icat": 0.49487695106770085
                                    },
                                    "dev_count": 531,
                                    "test_count": 531
                                },
                                "race": {
                                    "dev": {
                                        "ss": 0.4043478260869565,
                                        "lms": 0.7347826086956522,
                                        "icat": 0.5942155009451796
                                    },
                                    "test": {
                                        "ss": 0.44155844155844154,
                                        "lms": 0.6753246753246753,
                                        "icat": 0.5963906223646483
                                    },
                                    "dev_count": 690,
                                    "test_count": 693
                                },
                                "religion": {
                                    "dev": {
                                        "ss": 0.7333333333333333,
                                        "lms": 0.7333333333333333,
                                        "icat": 0.3911111111111112
                                    },
                                    "test": {
                                        "ss": v,
                                        "lms": 0.8125,
                                        "icat": 0.7109375
                                    },
                                    "dev_count": 45,
                                    "test_count": 48
                                },
                                "dev_criterion_score": -0.6026200873362445,
                                "test_criterion_score": -0.5982532751091703
                            },
                            "model_7": {
                                "best_model": {
                                    "path": "./models/bert-base-cased/notall/inp/dynamic/2e-06/64/22000/model_7",
                                    "gender": {
                                        "dev": {
                                            "ss": 0.6730769230769231,
                                            "lms": 0.7596153846153846,
                                            "icat": 0.496671597633136
                                        },
                                        "test": {
                                            "ss": 0.5384615384615384,
                                            "lms": 0.75,
                                            "icat": 0.6923076923076923
                                        },
                                        "dev_count": 156,
                                        "test_count": 156
                                    },
                                    "profession": {
                                        "dev": {
                                            "ss": 0.5875706214689266,
                                            "lms": 0.7372881355932204,
                                            "icat": 0.6081585751220914
                                        },
                                        "test": {
                                            "ss": 0.6101694915254238,
                                            "lms": 0.6836158192090396,
                                            "icat": 0.5329886048070478
                                        },
                                        "dev_count": 531,
                                        "test_count": 531
                                    },
                                    "race": {
                                        "dev": {
                                            "ss": 0.41304347826086957,
                                            "lms": 0.75,
                                            "icat": 0.6195652173913043
                                        },
                                        "test": {
                                            "ss": 0.45454545454545453,
                                            "lms": 0.7077922077922078,
                                            "icat": 0.6434474616292798
                                        },
                                        "dev_count": 690,
                                        "test_count": 693
                                    },
                                    "religion": {
                                        "dev": {
                                            "ss": 0.7333333333333333,
                                            "lms": 0.7333333333333333,
                                            "icat": 0.3911111111111112
                                        },
                                        "test": {
                                            "ss": 0.5625,
                                            "lms": 0.78125,
                                            "icat": 0.68359375
                                        },
                                        "dev_count": 45,
                                        "test_count": 48
                                    },
                                    "dev_criterion_score": -0.6069868995633187,
                                    "test_criterion_score": -0.5938864628820961
                                }
                            },
                            "model_6": {
                                "best_model": {
                                    "path": "./models/bert-base-cased/notall/inp/dynamic/2e-06/64/22000/model_6",
                                    "gender": {
                                        "dev": {
                                            "ss": 0.6730769230769231,
                                            "lms": 0.7596153846153846,
                                            "icat": 0.496671597633136
                                        },
                                        "test": {
                                            "ss": 0.5384615384615384,
                                            "lms": 0.75,
                                            "icat": 0.6923076923076923
                                        },
                                        "dev_count": 156,
                                        "test_count": 156
                                    },
                                    "profession": {
                                        "dev": {
                                            "ss": 0.5988700564971752,
                                            "lms": 0.7429378531073446,
                                            "icat": 0.5960292380861182
                                        },
                                        "test": {
                                            "ss": 0.6101694915254238,
                                            "lms": 0.6836158192090396,
                                            "icat": 0.5329886048070478
                                        },
                                        "dev_count": 531,
                                        "test_count": 531
                                    },
                                    "race": {
                                        "dev": {
                                            "ss": 0.40869565217391307,
                                            "lms": 0.7521739130434782,
                                            "icat": 0.614820415879017
                                        },
                                        "test": {
                                            "ss": 0.45454545454545453,
                                            "lms": 0.7077922077922078,
                                            "icat": 0.6434474616292798
                                        },
                                        "dev_count": 690,
                                        "test_count": 693
                                    },
                                    "religion": {
                                        "dev": {
                                            "ss": 0.7333333333333333,
                                            "lms": 0.7333333333333333,
                                            "icat": 0.3911111111111112
                                        },
                                        "test": {
                                            "ss": 0.5625,
                                            "lms": 0.78125,
                                            "icat": 0.68359375
                                        },
                                        "dev_count": 45,
                                        "test_count": 48
                                    },
                                    "dev_criterion_score": -0.6157205240174672,
                                    "test_criterion_score": -0.5938864628820961
                                }
                            },
                            "model_3": {
                                "best_model": {
                                    "path": "./models/bert-base-cased/notall/inp/dynamic/2e-06/64/22000/model_3",
                                    "gender": {
                                        "dev": {
                                            "ss": 0.6923076923076923,
                                            "lms": 0.75,
                                            "icat": 0.46153846153846156
                                        },
                                        "test": {
                                            "ss": 0.5192307692307693,
                                            "lms": 0.7403846153846154,
                                            "icat": 0.7119082840236686
                                        },
                                        "dev_count": 156,
                                        "test_count": 156
                                    },
                                    "profession": {
                                        "dev": {
                                            "ss": 0.6045197740112994,
                                            "lms": 0.748587570621469,
                                            "icat": 0.5921031632034218
                                        },
                                        "test": {
                                            "ss": 0.615819209039548,
                                            "lms": 0.7005649717514124,
                                            "icat": 0.5382872099332886
                                        },
                                        "dev_count": 531,
                                        "test_count": 531
                                    },
                                    "race": {
                                        "dev": {
                                            "ss": 0.41304347826086957,
                                            "lms": 0.7760869565217391,
                                            "icat": 0.6411153119092627
                                        },
                                        "test": {
                                            "ss": 0.4588744588744589,
                                            "lms": 0.7207792207792207,
                                            "icat": 0.661494349806038
                                        },
                                        "dev_count": 690,
                                        "test_count": 693
                                    },
                                    "religion": {
                                        "dev": {
                                            "ss": 0.7333333333333333,
                                            "lms": 0.7333333333333333,
                                            "icat": 0.3911111111111112
                                        },
                                        "test": {
                                            "ss": 0.5625,
                                            "lms": 0.71875,
                                            "icat": 0.62890625
                                        },
                                        "dev_count": 45,
                                        "test_count": 48
                                    },
                                    "dev_criterion_score": -0.6244541484716157,
                                    "test_criterion_score": -0.5938864628820961
                                }
                            },
                            "model_8": {
                                "best_model": {
                                    "path": "./models/bert-base-cased/notall/inp/dynamic/2e-06/64/22000/model_8",
                                    "gender": {
                                        "dev": {
                                            "ss": 0.6730769230769231,
                                            "lms": 0.7692307692307693,
                                            "icat": 0.5029585798816567
                                        },
                                        "test": {
                                            "ss": 0.5384615384615384,
                                            "lms": 0.75,
                                            "icat": 0.6923076923076923
                                        },
                                        "dev_count": 156,
                                        "test_count": 156
                                    },
                                    "profession": {
                                        "dev": {
                                            "ss": 0.5988700564971752,
                                            "lms": 0.731638418079096,
                                            "icat": 0.5869641546171278
                                        },
                                        "test": {
                                            "ss": 0.6101694915254238,
                                            "lms": 0.6836158192090396,
                                            "icat": 0.5329886048070478
                                        },
                                        "dev_count": 531,
                                        "test_count": 531
                                    },
                                    "race": {
                                        "dev": {
                                            "ss": 0.41739130434782606,
                                            "lms": 0.75,
                                            "icat": 0.6260869565217391
                                        },
                                        "test": {
                                            "ss": 0.45454545454545453,
                                            "lms": 0.7077922077922078,
                                            "icat": 0.6434474616292798
                                        },
                                        "dev_count": 690,
                                        "test_count": 693
                                    },
                                    "religion": {
                                        "dev": {
                                            "ss": 0.7333333333333333,
                                            "lms": 0.7333333333333333,
                                            "icat": 0.3911111111111112
                                        },
                                        "test": {
                                            "ss": 0.5625,
                                            "lms": 0.78125,
                                            "icat": 0.68359375
                                        },
                                        "dev_count": 45,
                                        "test_count": 48
                                    },
                                    "dev_criterion_score": -0.6157205240174672,
                                    "test_criterion_score": -0.5938864628820961
                                }
                            },
                            "model_14": {
                                "best_model": {
                                    "path": "./models/bert-base-cased/notall/inp/dynamic/2e-06/64/22000/model_14",
                                    "gender": {
                                        "dev": {
                                            "ss": 0.6730769230769231,
                                            "lms": 0.7596153846153846,
                                            "icat": 0.496671597633136
                                        },
                                        "test": {
                                            "ss": 0.5384615384615384,
                                            "lms": 0.7596153846153846,
                                            "icat": 0.7011834319526628
                                        },
                                        "dev_count": 156,
                                        "test_count": 156
                                    },
                                    "profession": {
                                        "dev": {
                                            "ss": 0.5819209039548022,
                                            "lms": 0.7146892655367232,
                                            "icat": 0.597593284177599
                                        },
                                        "test": {
                                            "ss": 0.615819209039548,
                                            "lms": 0.6440677966101694,
                                            "icat": 0.49487695106770085
                                        },
                                        "dev_count": 531,
                                        "test_count": 531
                                    },
                                    "race": {
                                        "dev": {
                                            "ss": 0.4043478260869565,
                                            "lms": 0.7347826086956522,
                                            "icat": 0.5942155009451796
                                        },
                                        "test": {
                                            "ss": 0.44155844155844154,
                                            "lms": 0.6753246753246753,
                                            "icat": 0.5963906223646483
                                        },
                                        "dev_count": 690,
                                        "test_count": 693
                                    },
                                    "religion": {
                                        "dev": {
                                            "ss": 0.7333333333333333,
                                            "lms": 0.7333333333333333,
                                            "icat": 0.3911111111111112
                                        },
                                        "test": {
                                            "ss": 0.5625,
                                            "lms": 0.8125,
                                            "icat": 0.7109375
                                        },
                                        "dev_count": 45,
                                        "test_count": 48
                                    },
                                    "dev_criterion_score": -0.6026200873362445,
                                    "test_criterion_score": -0.5982532751091703
                                }
                            },
                            "model_15": {
                                "best_model": {
                                    "path": "./models/bert-base-cased/notall/inp/dynamic/2e-06/64/22000/model_15",
                                    "gender": {
                                        "dev": {
                                            "ss": 0.6730769230769231,
                                            "lms": 0.7596153846153846,
                                            "icat": 0.496671597633136
                                        },
                                        "test": {
                                            "ss": 0.5384615384615384,
                                            "lms": 0.7596153846153846,
                                            "icat": 0.7011834319526628
                                        },
                                        "dev_count": 156,
                                        "test_count": 156
                                    },
                                    "profession": {
                                        "dev": {
                                            "ss": 0.5819209039548022,
                                            "lms": 0.711864406779661,
                                            "icat": 0.5952312553863832
                                        },
                                        "test": {
                                            "ss": 0.615819209039548,
                                            "lms": 0.6440677966101694,
                                            "icat": 0.49487695106770085
                                        },
                                        "dev_count": 531,
                                        "test_count": 531
                                    },
                                    "race": {
                                        "dev": {
                                            "ss": 0.4043478260869565,
                                            "lms": 0.7347826086956522,
                                            "icat": 0.5942155009451796
                                        },
                                        "test": {
                                            "ss": 0.44155844155844154,
                                            "lms": 0.6731601731601732,
                                            "icat": 0.5944791139596335
                                        },
                                        "dev_count": 690,
                                        "test_count": 693
                                    },
                                    "religion": {
                                        "dev": {
                                            "ss": 0.7333333333333333,
                                            "lms": 0.7333333333333333,
                                            "icat": 0.3911111111111112
                                        },
                                        "test": {
                                            "ss": 0.5625,
                                            "lms": 0.8125,
                                            "icat": 0.7109375
                                        },
                                        "dev_count": 45,
                                        "test_count": 48
                                    },
                                    "dev_criterion_score": -0.6026200873362445,
                                    "test_criterion_score": -0.5982532751091703
                                }
                            },
                            "model_5": {
                                "best_model": {
                                    "path": "./models/bert-base-cased/notall/inp/dynamic/2e-06/64/22000/model_5",
                                    "gender": {
                                        "dev": {
                                            "ss": 0.6923076923076923,
                                            "lms": 0.75,
                                            "icat": 0.46153846153846156
                                        },
                                        "test": {
                                            "ss": 0.5384615384615384,
                                            "lms": 0.75,
                                            "icat": 0.6923076923076923
                                        },
                                        "dev_count": 156,
                                        "test_count": 156
                                    },
                                    "profession": {
                                        "dev": {
                                            "ss": 0.5932203389830508,
                                            "lms": 0.7429378531073446,
                                            "icat": 0.6044240160873312
                                        },
                                        "test": {
                                            "ss": 0.615819209039548,
                                            "lms": 0.6864406779661016,
                                            "icat": 0.5274346452168917
                                        },
                                        "dev_count": 531,
                                        "test_count": 531
                                    },
                                    "race": {
                                        "dev": {
                                            "ss": 0.40869565217391307,
                                            "lms": 0.758695652173913,
                                            "icat": 0.6201512287334594
                                        },
                                        "test": {
                                            "ss": 0.45454545454545453,
                                            "lms": 0.70995670995671,
                                            "icat": 0.6454151908697363
                                        },
                                        "dev_count": 690,
                                        "test_count": 693
                                    },
                                    "religion": {
                                        "dev": {
                                            "ss": 0.7333333333333333,
                                            "lms": 0.7333333333333333,
                                            "icat": 0.3911111111111112
                                        },
                                        "test": {
                                            "ss": 0.5625,
                                            "lms": 0.75,
                                            "icat": 0.65625
                                        },
                                        "dev_count": 45,
                                        "test_count": 48
                                    },
                                    "dev_criterion_score": -0.6157205240174672,
                                    "test_criterion_score": -0.5982532751091703
                                }
                            },
                            "model_4": {
                                "best_model": {
                                    "path": "./models/bert-base-cased/notall/inp/dynamic/2e-06/64/22000/model_4",
                                    "gender": {
                                        "dev": {
                                            "ss": 0.6923076923076923,
                                            "lms": 0.75,
                                            "icat": 0.46153846153846156
                                        },
                                        "test": {
                                            "ss": 0.5384615384615384,
                                            "lms": 0.7403846153846154,
                                            "icat": 0.6834319526627219
                                        },
                                        "dev_count": 156,
                                        "test_count": 156
                                    },
                                    "profession": {
                                        "dev": {
                                            "ss": 0.5988700564971752,
                                            "lms": 0.7401129943502824,
                                            "icat": 0.5937629672188706
                                        },
                                        "test": {
                                            "ss": 0.615819209039548,
                                            "lms": 0.6892655367231638,
                                            "icat": 0.5296051581601711
                                        },
                                        "dev_count": 531,
                                        "test_count": 531
                                    },
                                    "race": {
                                        "dev": {
                                            "ss": 0.40869565217391307,
                                            "lms": 0.7717391304347826,
                                            "icat": 0.630812854442344
                                        },
                                        "test": {
                                            "ss": 0.4588744588744589,
                                            "lms": 0.7121212121212122,
                                            "icat": 0.65354847173029
                                        },
                                        "dev_count": 690,
                                        "test_count": 693
                                    },
                                    "religion": {
                                        "dev": {
                                            "ss": 0.7333333333333333,
                                            "lms": 0.7333333333333333,
                                            "icat": 0.3911111111111112
                                        },
                                        "test": {
                                            "ss": 0.5625,
                                            "lms": 0.75,
                                            "icat": 0.65625
                                        },
                                        "dev_count": 45,
                                        "test_count": 48
                                    },
                                    "dev_criterion_score": -0.6200873362445415,
                                    "test_criterion_score": -0.5982532751091703
                                }
                            },
                            "model_10": {
                                "best_model": {
                                    "path": "./models/bert-base-cased/notall/inp/dynamic/2e-06/64/22000/model_10",
                                    "gender": {
                                        "dev": {
                                            "ss": 0.6730769230769231,
                                            "lms": 0.7692307692307693,
                                            "icat": 0.5029585798816567
                                        },
                                        "test": {
                                            "ss": 0.5384615384615384,
                                            "lms": 0.7596153846153846,
                                            "icat": 0.7011834319526628
                                        },
                                        "dev_count": 156,
                                        "test_count": 156
                                    },
                                    "profession": {
                                        "dev": {
                                            "ss": 0.5875706214689266,
                                            "lms": 0.7259887005649718,
                                            "icat": 0.5988381371891858
                                        },
                                        "test": {
                                            "ss": 0.615819209039548,
                                            "lms": 0.6666666666666666,
                                            "icat": 0.512241054613936
                                        },
                                        "dev_count": 531,
                                        "test_count": 531
                                    },
                                    "race": {
                                        "dev": {
                                            "ss": 0.41304347826086957,
                                            "lms": 0.7456521739130435,
                                            "icat": 0.6159735349716446
                                        },
                                        "test": {
                                            "ss": 0.45021645021645024,
                                            "lms": 0.6948051948051948,
                                            "icat": 0.6256254567942879
                                        },
                                        "dev_count": 690,
                                        "test_count": 693
                                    },
                                    "religion": {
                                        "dev": {
                                            "ss": 0.8,
                                            "lms": 0.7333333333333333,
                                            "icat": 0.2933333333333332
                                        },
                                        "test": {
                                            "ss": 0.5625,
                                            "lms": 0.78125,
                                            "icat": 0.68359375
                                        },
                                        "dev_count": 45,
                                        "test_count": 48
                                    },
                                    "dev_criterion_score": -0.6069868995633187,
                                    "test_criterion_score": -0.5982532751091703
                                }
                            },
                            "model_1": {
                                "best_model": {
                                    "path": "./models/bert-base-cased/notall/inp/dynamic/2e-06/64/22000/model_1",
                                    "gender": {
                                        "dev": {
                                            "ss": 0.7115384615384616,
                                            "lms": 0.7788461538461539,
                                            "icat": 0.44933431952662717
                                        },
                                        "test": {
                                            "ss": 0.5384615384615384,
                                            "lms": 0.75,
                                            "icat": 0.6923076923076923
                                        },
                                        "dev_count": 156,
                                        "test_count": 156
                                    },
                                    "profession": {
                                        "dev": {
                                            "ss": 0.5819209039548022,
                                            "lms": 0.7711864406779662,
                                            "icat": 0.6448338600019152
                                        },
                                        "test": {
                                            "ss": 0.632768361581921,
                                            "lms": 0.7090395480225988,
                                            "icat": 0.5207635098471064
                                        },
                                        "dev_count": 531,
                                        "test_count": 531
                                    },
                                    "race": {
                                        "dev": {
                                            "ss": 0.40869565217391307,
                                            "lms": 0.7804347826086957,
                                            "icat": 0.637920604914934
                                        },
                                        "test": {
                                            "ss": 0.45021645021645024,
                                            "lms": 0.7316017316017316,
                                            "icat": 0.6587582691478796
                                        },
                                        "dev_count": 690,
                                        "test_count": 693
                                    },
                                    "religion": {
                                        "dev": {
                                            "ss": 0.7333333333333333,
                                            "lms": 0.7666666666666667,
                                            "icat": 0.40888888888888897
                                        },
                                        "test": {
                                            "ss": 0.5625,
                                            "lms": 0.71875,
                                            "icat": 0.62890625
                                        },
                                        "dev_count": 45,
                                        "test_count": 48
                                    },
                                    "dev_criterion_score": -0.611353711790393,
                                    "test_criterion_score": -0.611353711790393
                                }
                            },
                            "model_9": {
                                "best_model": {
                                    "path": "./models/bert-base-cased/notall/inp/dynamic/2e-06/64/22000/model_9",
                                    "gender": {
                                        "dev": {
                                            "ss": 0.6730769230769231,
                                            "lms": 0.7692307692307693,
                                            "icat": 0.5029585798816567
                                        },
                                        "test": {
                                            "ss": 0.5384615384615384,
                                            "lms": 0.7596153846153846,
                                            "icat": 0.7011834319526628
                                        },
                                        "dev_count": 156,
                                        "test_count": 156
                                    },
                                    "profession": {
                                        "dev": {
                                            "ss": 0.5932203389830508,
                                            "lms": 0.7288135593220338,
                                            "icat": 0.5929330652111462
                                        },
                                        "test": {
                                            "ss": 0.615819209039548,
                                            "lms": 0.672316384180791,
                                            "icat": 0.5165820805004948
                                        },
                                        "dev_count": 531,
                                        "test_count": 531
                                    },
                                    "race": {
                                        "dev": {
                                            "ss": 0.40869565217391307,
                                            "lms": 0.7478260869565218,
                                            "icat": 0.6112665406427221
                                        },
                                        "test": {
                                            "ss": 0.45021645021645024,
                                            "lms": 0.7012987012987013,
                                            "icat": 0.6314724236802159
                                        },
                                        "dev_count": 690,
                                        "test_count": 693
                                    },
                                    "religion": {
                                        "dev": {
                                            "ss": 0.7333333333333333,
                                            "lms": 0.7333333333333333,
                                            "icat": 0.3911111111111112
                                        },
                                        "test": {
                                            "ss": 0.5625,
                                            "lms": 0.78125,
                                            "icat": 0.68359375
                                        },
                                        "dev_count": 45,
                                        "test_count": 48
                                    },
                                    "dev_criterion_score": -0.611353711790393,
                                    "test_criterion_score": -0.5982532751091703
                                }
                            },
                            "model_11": {
                                "best_model": {
                                    "path": "./models/bert-base-cased/notall/inp/dynamic/2e-06/64/22000/model_11",
                                    "gender": {
                                        "dev": {
                                            "ss": 0.6730769230769231,
                                            "lms": 0.7596153846153846,
                                            "icat": 0.496671597633136
                                        },
                                        "test": {
                                            "ss": 0.5384615384615384,
                                            "lms": 0.7596153846153846,
                                            "icat": 0.7011834319526628
                                        },
                                        "dev_count": 156,
                                        "test_count": 156
                                    },
                                    "profession": {
                                        "dev": {
                                            "ss": 0.5875706214689266,
                                            "lms": 0.7231638418079096,
                                            "icat": 0.5965080277059593
                                        },
                                        "test": {
                                            "ss": 0.615819209039548,
                                            "lms": 0.6638418079096046,
                                            "icat": 0.5100705416706567
                                        },
                                        "dev_count": 531,
                                        "test_count": 531
                                    },
                                    "race": {
                                        "dev": {
                                            "ss": 0.40869565217391307,
                                            "lms": 0.7434782608695653,
                                            "icat": 0.6077126654064273
                                        },
                                        "test": {
                                            "ss": 0.45021645021645024,
                                            "lms": 0.6904761904761905,
                                            "icat": 0.6217274788703361
                                        },
                                        "dev_count": 690,
                                        "test_count": 693
                                    },
                                    "religion": {
                                        "dev": {
                                            "ss": 0.8,
                                            "lms": 0.7333333333333333,
                                            "icat": 0.2933333333333332
                                        },
                                        "test": {
                                            "ss": 0.5625,
                                            "lms": 0.78125,
                                            "icat": 0.68359375
                                        },
                                        "dev_count": 45,
                                        "test_count": 48
                                    },
                                    "dev_criterion_score": -0.6069868995633187,
                                    "test_criterion_score": -0.5982532751091703
                                }
                            },
                            "model_13": {
                                "best_model": {
                                    "path": "./models/bert-base-cased/notall/inp/dynamic/2e-06/64/22000/model_13",
                                    "gender": {
                                        "dev": {
                                            "ss": 0.6730769230769231,
                                            "lms": 0.7596153846153846,
                                            "icat": 0.496671597633136
                                        },
                                        "test": {
                                            "ss": 0.5384615384615384,
                                            "lms": 0.7596153846153846,
                                            "icat": 0.7011834319526628
                                        },
                                        "dev_count": 156,
                                        "test_count": 156
                                    },
                                    "profession": {
                                        "dev": {
                                            "ss": 0.5819209039548022,
                                            "lms": 0.7203389830508474,
                                            "icat": 0.6023173417600307
                                        },
                                        "test": {
                                            "ss": 0.6101694915254238,
                                            "lms": 0.6497175141242938,
                                            "icat": 0.5065594177918222
                                        },
                                        "dev_count": 531,
                                        "test_count": 531
                                    },
                                    "race": {
                                        "dev": {
                                            "ss": 0.40869565217391307,
                                            "lms": 0.7347826086956522,
                                            "icat": 0.6006049149338375
                                        },
                                        "test": {
                                            "ss": 0.44155844155844154,
                                            "lms": 0.6796536796536796,
                                            "icat": 0.6002136391746781
                                        },
                                        "dev_count": 690,
                                        "test_count": 693
                                    },
                                    "religion": {
                                        "dev": {
                                            "ss": 0.7333333333333333,
                                            "lms": 0.7333333333333333,
                                            "icat": 0.3911111111111112
                                        },
                                        "test": {
                                            "ss": 0.5625,
                                            "lms": 0.8125,
                                            "icat": 0.7109375
                                        },
                                        "dev_count": 45,
                                        "test_count": 48
                                    },
                                    "dev_criterion_score": -0.6026200873362445,
                                    "test_criterion_score": -0.5938864628820961
                                }
                            },
                            "model_2": {
                                "best_model": {
                                    "path": "./models/bert-base-cased/notall/inp/dynamic/2e-06/64/22000/model_2",
                                    "gender": {
                                        "dev": {
                                            "ss": 0.6923076923076923,
                                            "lms": 0.75,
                                            "icat": 0.46153846153846156
                                        },
                                        "test": {
                                            "ss": 0.5384615384615384,
                                            "lms": 0.7596153846153846,
                                            "icat": 0.7011834319526628
                                        },
                                        "dev_count": 156,
                                        "test_count": 156
                                    },
                                    "profession": {
                                        "dev": {
                                            "ss": 0.5988700564971752,
                                            "lms": 0.7542372881355932,
                                            "icat": 0.6050943215551087
                                        },
                                        "test": {
                                            "ss": 0.632768361581921,
                                            "lms": 0.6977401129943502,
                                            "icat": 0.5124644897698617
                                        },
                                        "dev_count": 531,
                                        "test_count": 531
                                    },
                                    "race": {
                                        "dev": {
                                            "ss": 0.40869565217391307,
                                            "lms": 0.7782608695652173,
                                            "icat": 0.6361436672967864
                                        },
                                        "test": {
                                            "ss": 0.4458874458874459,
                                            "lms": 0.7316017316017316,
                                            "icat": 0.6524240550214576
                                        },
                                        "dev_count": 690,
                                        "test_count": 693
                                    },
                                    "religion": {
                                        "dev": {
                                            "ss": 0.7333333333333333,
                                            "lms": 0.7333333333333333,
                                            "icat": 0.3911111111111112
                                        },
                                        "test": {
                                            "ss": 0.5625,
                                            "lms": 0.71875,
                                            "icat": 0.62890625
                                        },
                                        "dev_count": 45,
                                        "test_count": 48
                                    },
                                    "dev_criterion_score": -0.6200873362445415,
                                    "test_criterion_score": -0.611353711790393
                                }
                            },
                            "model_12": {
                                "best_model": {
                                    "path": "./models/bert-base-cased/notall/inp/dynamic/2e-06/64/22000/model_12",
                                    "gender": {
                                        "dev": {
                                            "ss": 0.6730769230769231,
                                            "lms": 0.7596153846153846,
                                            "icat": 0.496671597633136
                                        },
                                        "test": {
                                            "ss": 0.5384615384615384,
                                            "lms": 0.7596153846153846,
                                            "icat": 0.7011834319526628
                                        },
                                        "dev_count": 156,
                                        "test_count": 156
                                    },
                                    "profession": {
                                        "dev": {
                                            "ss": 0.5819209039548022,
                                            "lms": 0.7231638418079096,
                                            "icat": 0.6046793705512465
                                        },
                                        "test": {
                                            "ss": 0.6101694915254238,
                                            "lms": 0.6581920903954802,
                                            "icat": 0.5131667145456286
                                        },
                                        "dev_count": 531,
                                        "test_count": 531
                                    },
                                    "race": {
                                        "dev": {
                                            "ss": 0.41304347826086957,
                                            "lms": 0.7326086956521739,
                                            "icat": 0.6051984877126654
                                        },
                                        "test": {
                                            "ss": 0.44155844155844154,
                                            "lms": 0.6861471861471862,
                                            "icat": 0.6059481643897229
                                        },
                                        "dev_count": 690,
                                        "test_count": 693
                                    },
                                    "religion": {
                                        "dev": {
                                            "ss": 0.7333333333333333,
                                            "lms": 0.7333333333333333,
                                            "icat": 0.3911111111111112
                                        },
                                        "test": {
                                            "ss": 0.5625,
                                            "lms": 0.8125,
                                            "icat": 0.7109375
                                        },
                                        "dev_count": 45,
                                        "test_count": 48
                                    },
                                    "dev_criterion_score": -0.6026200873362445,
                                    "test_criterion_score": -0.5938864628820961
                                }
                            }
                        },
                        "15000": {
                            "best_model": {
                                "path": "./models/bert-base-cased/notall/inp/dynamic/2e-06/64/15000/model_14",
                                "gender": {
                                    "dev": {
                                        "ss": 0.6538461538461539,
                                        "lms": 0.7884615384615384,
                                        "icat": 0.5458579881656804
                                    },
                                    "test": {
                                        "ss": 0.5192307692307693,
                                        "lms": 0.7596153846153846,
                                        "icat": 0.7303994082840236
                                    },
                                    "dev_count": 156,
                                    "test_count": 156
                                },
                                "profession": {
                                    "dev": {
                                        "ss": 0.5706214689265536,
                                        "lms": 0.7203389830508474,
                                        "icat": 0.6185961888346261
                                    },
                                    "test": {
                                        "ss": 0.6214689265536724,
                                        "lms": 0.652542372881356,
                                        "icat": 0.49401512975198697
                                    },
                                    "dev_count": 531,
                                    "test_count": 531
                                },
                                "race": {
                                    "dev": {
                                        "ss": 0.39565217391304347,
                                        "lms": 0.741304347826087,
                                        "icat": 0.5865973534971645
                                    },
                                    "test": {
                                        "ss": 0.44155844155844154,
                                        "lms": 0.6904761904761905,
                                        "icat": 0.6097711811997526
                                    },
                                    "dev_count": 690,
                                    "test_count": 693
                                },
                                "religion": {
                                    "dev": {
                                        "ss": 0.7333333333333333,
                                        "lms": 0.7333333333333333,
                                        "icat": 0.3911111111111112
                                    },
                                    "test": {
                                        "ss": 0.5625,
                                        "lms": 0.8125,
                                        "icat": 0.7109375
                                    },
                                    "dev_count": 45,
                                    "test_count": 48
                                },
                                "dev_criterion_score": -0.5895196506550219,
                                "test_criterion_score": -0.5982532751091703
                            },
                            "model_7": {
                                "best_model": {
                                    "path": "./models/bert-base-cased/notall/inp/dynamic/2e-06/64/15000/model_7",
                                    "gender": {
                                        "dev": {
                                            "ss": 0.6730769230769231,
                                            "lms": 0.7884615384615384,
                                            "icat": 0.5155325443786981
                                        },
                                        "test": {
                                            "ss": 0.5769230769230769,
                                            "lms": 0.7692307692307693,
                                            "icat": 0.6508875739644971
                                        },
                                        "dev_count": 156,
                                        "test_count": 156
                                    },
                                    "profession": {
                                        "dev": {
                                            "ss": 0.6101694915254238,
                                            "lms": 0.7570621468926554,
                                            "icat": 0.5902518433400363
                                        },
                                        "test": {
                                            "ss": 0.6101694915254238,
                                            "lms": 0.7062146892655368,
                                            "icat": 0.5506080628171981
                                        },
                                        "dev_count": 531,
                                        "test_count": 531
                                    },
                                    "race": {
                                        "dev": {
                                            "ss": 0.4043478260869565,
                                            "lms": 0.7804347826086957,
                                            "icat": 0.6311342155009452
                                        },
                                        "test": {
                                            "ss": 0.4675324675324675,
                                            "lms": 0.7251082251082251,
                                            "icat": 0.6780232754258728
                                        },
                                        "dev_count": 690,
                                        "test_count": 693
                                    },
                                    "religion": {
                                        "dev": {
                                            "ss": 0.7333333333333333,
                                            "lms": 0.7333333333333333,
                                            "icat": 0.3911111111111112
                                        },
                                        "test": {
                                            "ss": 0.5625,
                                            "lms": 0.78125,
                                            "icat": 0.68359375
                                        },
                                        "dev_count": 45,
                                        "test_count": 48
                                    },
                                    "dev_criterion_score": -0.6244541484716157,
                                    "test_criterion_score": -0.6026200873362445
                                }
                            },
                            "model_6": {
                                "best_model": {
                                    "path": "./models/bert-base-cased/notall/inp/dynamic/2e-06/64/15000/model_6",
                                    "gender": {
                                        "dev": {
                                            "ss": 0.6923076923076923,
                                            "lms": 0.7692307692307693,
                                            "icat": 0.4733727810650888
                                        },
                                        "test": {
                                            "ss": 0.5769230769230769,
                                            "lms": 0.7692307692307693,
                                            "icat": 0.6508875739644971
                                        },
                                        "dev_count": 156,
                                        "test_count": 156
                                    },
                                    "profession": {
                                        "dev": {
                                            "ss": 0.6101694915254238,
                                            "lms": 0.7542372881355932,
                                            "icat": 0.5880494110887675
                                        },
                                        "test": {
                                            "ss": 0.6101694915254238,
                                            "lms": 0.7090395480225988,
                                            "icat": 0.5528104950684668
                                        },
                                        "dev_count": 531,
                                        "test_count": 531
                                    },
                                    "race": {
                                        "dev": {
                                            "ss": 0.41739130434782606,
                                            "lms": 0.7804347826086957,
                                            "icat": 0.6514933837429111
                                        },
                                        "test": {
                                            "ss": 0.47186147186147187,
                                            "lms": 0.7186147186147186,
                                            "icat": 0.6781731976537171
                                        },
                                        "dev_count": 690,
                                        "test_count": 693
                                    },
                                    "religion": {
                                        "dev": {
                                            "ss": 0.7333333333333333,
                                            "lms": 0.7333333333333333,
                                            "icat": 0.3911111111111112
                                        },
                                        "test": {
                                            "ss": 0.5625,
                                            "lms": 0.78125,
                                            "icat": 0.68359375
                                        },
                                        "dev_count": 45,
                                        "test_count": 48
                                    },
                                    "dev_criterion_score": -0.62882096069869,
                                    "test_criterion_score": -0.6026200873362445
                                }
                            },
                            "model_3": {
                                "best_model": {
                                    "path": "./models/bert-base-cased/notall/inp/dynamic/2e-06/64/15000/model_3",
                                    "gender": {
                                        "dev": {
                                            "ss": 0.6923076923076923,
                                            "lms": 0.7788461538461539,
                                            "icat": 0.47928994082840237
                                        },
                                        "test": {
                                            "ss": 0.5576923076923077,
                                            "lms": 0.7980769230769231,
                                            "icat": 0.705991124260355
                                        },
                                        "dev_count": 156,
                                        "test_count": 156
                                    },
                                    "profession": {
                                        "dev": {
                                            "ss": 0.6101694915254238,
                                            "lms": 0.768361581920904,
                                            "icat": 0.5990615723451115
                                        },
                                        "test": {
                                            "ss": 0.6271186440677966,
                                            "lms": 0.7203389830508474,
                                            "icat": 0.5372019534616489
                                        },
                                        "dev_count": 531,
                                        "test_count": 531
                                    },
                                    "race": {
                                        "dev": {
                                            "ss": 0.4043478260869565,
                                            "lms": 0.7891304347826087,
                                            "icat": 0.6381663516068052
                                        },
                                        "test": {
                                            "ss": 0.46320346320346323,
                                            "lms": 0.7380952380952381,
                                            "icat": 0.6837765409193981
                                        },
                                        "dev_count": 690,
                                        "test_count": 693
                                    },
                                    "religion": {
                                        "dev": {
                                            "ss": 0.7333333333333333,
                                            "lms": 0.7333333333333333,
                                            "icat": 0.3911111111111112
                                        },
                                        "test": {
                                            "ss": 0.5625,
                                            "lms": 0.78125,
                                            "icat": 0.68359375
                                        },
                                        "dev_count": 45,
                                        "test_count": 48
                                    },
                                    "dev_criterion_score": -0.62882096069869,
                                    "test_criterion_score": -0.611353711790393
                                }
                            },
                            "model_8": {
                                "best_model": {
                                    "path": "./models/bert-base-cased/notall/inp/dynamic/2e-06/64/15000/model_8",
                                    "gender": {
                                        "dev": {
                                            "ss": 0.6730769230769231,
                                            "lms": 0.7980769230769231,
                                            "icat": 0.5218195266272189
                                        },
                                        "test": {
                                            "ss": 0.5576923076923077,
                                            "lms": 0.7788461538461539,
                                            "icat": 0.6889792899408284
                                        },
                                        "dev_count": 156,
                                        "test_count": 156
                                    },
                                    "profession": {
                                        "dev": {
                                            "ss": 0.5875706214689266,
                                            "lms": 0.7542372881355932,
                                            "icat": 0.6221392320214497
                                        },
                                        "test": {
                                            "ss": 0.615819209039548,
                                            "lms": 0.6949152542372882,
                                            "icat": 0.5339461840467299
                                        },
                                        "dev_count": 531,
                                        "test_count": 531
                                    },
                                    "race": {
                                        "dev": {
                                            "ss": 0.41739130434782606,
                                            "lms": 0.7673913043478261,
                                            "icat": 0.6406049149338374
                                        },
                                        "test": {
                                            "ss": 0.4675324675324675,
                                            "lms": 0.7164502164502164,
                                            "icat": 0.6699274751222803
                                        },
                                        "dev_count": 690,
                                        "test_count": 693
                                    },
                                    "religion": {
                                        "dev": {
                                            "ss": 0.7333333333333333,
                                            "lms": 0.7333333333333333,
                                            "icat": 0.3911111111111112
                                        },
                                        "test": {
                                            "ss": 0.5625,
                                            "lms": 0.8125,
                                            "icat": 0.7109375
                                        },
                                        "dev_count": 45,
                                        "test_count": 48
                                    },
                                    "dev_criterion_score": -0.6069868995633187,
                                    "test_criterion_score": -0.6026200873362445
                                }
                            },
                            "model_14": {
                                "best_model": {
                                    "path": "./models/bert-base-cased/notall/inp/dynamic/2e-06/64/15000/model_14",
                                    "gender": {
                                        "dev": {
                                            "ss": 0.6538461538461539,
                                            "lms": 0.7884615384615384,
                                            "icat": 0.5458579881656804
                                        },
                                        "test": {
                                            "ss": 0.5192307692307693,
                                            "lms": 0.7596153846153846,
                                            "icat": 0.7303994082840236
                                        },
                                        "dev_count": 156,
                                        "test_count": 156
                                    },
                                    "profession": {
                                        "dev": {
                                            "ss": 0.5706214689265536,
                                            "lms": 0.7203389830508474,
                                            "icat": 0.6185961888346261
                                        },
                                        "test": {
                                            "ss": 0.6214689265536724,
                                            "lms": 0.652542372881356,
                                            "icat": 0.49401512975198697
                                        },
                                        "dev_count": 531,
                                        "test_count": 531
                                    },
                                    "race": {
                                        "dev": {
                                            "ss": 0.39565217391304347,
                                            "lms": 0.741304347826087,
                                            "icat": 0.5865973534971645
                                        },
                                        "test": {
                                            "ss": 0.44155844155844154,
                                            "lms": 0.6904761904761905,
                                            "icat": 0.6097711811997526
                                        },
                                        "dev_count": 690,
                                        "test_count": 693
                                    },
                                    "religion": {
                                        "dev": {
                                            "ss": 0.7333333333333333,
                                            "lms": 0.7333333333333333,
                                            "icat": 0.3911111111111112
                                        },
                                        "test": {
                                            "ss": 0.5625,
                                            "lms": 0.8125,
                                            "icat": 0.7109375
                                        },
                                        "dev_count": 45,
                                        "test_count": 48
                                    },
                                    "dev_criterion_score": -0.5895196506550219,
                                    "test_criterion_score": -0.5982532751091703
                                }
                            },
                            "model_15": {
                                "best_model": {
                                    "path": "./models/bert-base-cased/notall/inp/dynamic/2e-06/64/15000/model_15",
                                    "gender": {
                                        "dev": {
                                            "ss": 0.6538461538461539,
                                            "lms": 0.7884615384615384,
                                            "icat": 0.5458579881656804
                                        },
                                        "test": {
                                            "ss": 0.5192307692307693,
                                            "lms": 0.7596153846153846,
                                            "icat": 0.7303994082840236
                                        },
                                        "dev_count": 156,
                                        "test_count": 156
                                    },
                                    "profession": {
                                        "dev": {
                                            "ss": 0.576271186440678,
                                            "lms": 0.7259887005649718,
                                            "icat": 0.6152446614957388
                                        },
                                        "test": {
                                            "ss": 0.6214689265536724,
                                            "lms": 0.6497175141242938,
                                            "icat": 0.49187653611669696
                                        },
                                        "dev_count": 531,
                                        "test_count": 531
                                    },
                                    "race": {
                                        "dev": {
                                            "ss": 0.39565217391304347,
                                            "lms": 0.7369565217391304,
                                            "icat": 0.5831568998109641
                                        },
                                        "test": {
                                            "ss": 0.44155844155844154,
                                            "lms": 0.6883116883116883,
                                            "icat": 0.6078596727947377
                                        },
                                        "dev_count": 690,
                                        "test_count": 693
                                    },
                                    "religion": {
                                        "dev": {
                                            "ss": 0.7333333333333333,
                                            "lms": 0.7333333333333333,
                                            "icat": 0.3911111111111112
                                        },
                                        "test": {
                                            "ss": 0.5625,
                                            "lms": 0.8125,
                                            "icat": 0.7109375
                                        },
                                        "dev_count": 45,
                                        "test_count": 48
                                    },
                                    "dev_criterion_score": -0.5938864628820961,
                                    "test_criterion_score": -0.5982532751091703
                                }
                            },
                            "model_5": {
                                "best_model": {
                                    "path": "./models/bert-base-cased/notall/inp/dynamic/2e-06/64/15000/model_5",
                                    "gender": {
                                        "dev": {
                                            "ss": 0.6923076923076923,
                                            "lms": 0.7788461538461539,
                                            "icat": 0.47928994082840237
                                        },
                                        "test": {
                                            "ss": 0.5769230769230769,
                                            "lms": 0.7692307692307693,
                                            "icat": 0.6508875739644971
                                        },
                                        "dev_count": 156,
                                        "test_count": 156
                                    },
                                    "profession": {
                                        "dev": {
                                            "ss": 0.5932203389830508,
                                            "lms": 0.7570621468926554,
                                            "icat": 0.6159149669635163
                                        },
                                        "test": {
                                            "ss": 0.5988700564971752,
                                            "lms": 0.711864406779661,
                                            "icat": 0.5711002585463947
                                        },
                                        "dev_count": 531,
                                        "test_count": 531
                                    },
                                    "race": {
                                        "dev": {
                                            "ss": 0.40869565217391307,
                                            "lms": 0.7869565217391304,
                                            "icat": 0.6432514177693762
                                        },
                                        "test": {
                                            "ss": 0.46320346320346323,
                                            "lms": 0.7164502164502164,
                                            "icat": 0.6637244429452221
                                        },
                                        "dev_count": 690,
                                        "test_count": 693
                                    },
                                    "religion": {
                                        "dev": {
                                            "ss": 0.7333333333333333,
                                            "lms": 0.7333333333333333,
                                            "icat": 0.3911111111111112
                                        },
                                        "test": {
                                            "ss": 0.5625,
                                            "lms": 0.78125,
                                            "icat": 0.68359375
                                        },
                                        "dev_count": 45,
                                        "test_count": 48
                                    },
                                    "dev_criterion_score": -0.6157205240174672,
                                    "test_criterion_score": -0.5938864628820961
                                }
                            },
                            "model_4": {
                                "best_model": {
                                    "path": "./models/bert-base-cased/notall/inp/dynamic/2e-06/64/15000/model_4",
                                    "gender": {
                                        "dev": {
                                            "ss": 0.6923076923076923,
                                            "lms": 0.7788461538461539,
                                            "icat": 0.47928994082840237
                                        },
                                        "test": {
                                            "ss": 0.5769230769230769,
                                            "lms": 0.7980769230769231,
                                            "icat": 0.6752958579881658
                                        },
                                        "dev_count": 156,
                                        "test_count": 156
                                    },
                                    "profession": {
                                        "dev": {
                                            "ss": 0.6045197740112994,
                                            "lms": 0.7655367231638418,
                                            "icat": 0.6055092725589709
                                        },
                                        "test": {
                                            "ss": 0.6101694915254238,
                                            "lms": 0.711864406779661,
                                            "icat": 0.5550129273197356
                                        },
                                        "dev_count": 531,
                                        "test_count": 531
                                    },
                                    "race": {
                                        "dev": {
                                            "ss": 0.4043478260869565,
                                            "lms": 0.7847826086956522,
                                            "icat": 0.6346502835538752
                                        },
                                        "test": {
                                            "ss": 0.46320346320346323,
                                            "lms": 0.7294372294372294,
                                            "icat": 0.6757557017297278
                                        },
                                        "dev_count": 690,
                                        "test_count": 693
                                    },
                                    "religion": {
                                        "dev": {
                                            "ss": 0.7333333333333333,
                                            "lms": 0.7333333333333333,
                                            "icat": 0.3911111111111112
                                        },
                                        "test": {
                                            "ss": 0.5625,
                                            "lms": 0.78125,
                                            "icat": 0.68359375
                                        },
                                        "dev_count": 45,
                                        "test_count": 48
                                    },
                                    "dev_criterion_score": -0.6244541484716157,
                                    "test_criterion_score": -0.6026200873362445
                                }
                            },
                            "model_10": {
                                "best_model": {
                                    "path": "./models/bert-base-cased/notall/inp/dynamic/2e-06/64/15000/model_10",
                                    "gender": {
                                        "dev": {
                                            "ss": 0.6730769230769231,
                                            "lms": 0.7980769230769231,
                                            "icat": 0.5218195266272189
                                        },
                                        "test": {
                                            "ss": 0.5384615384615384,
                                            "lms": 0.7692307692307693,
                                            "icat": 0.7100591715976332
                                        },
                                        "dev_count": 156,
                                        "test_count": 156
                                    },
                                    "profession": {
                                        "dev": {
                                            "ss": 0.576271186440678,
                                            "lms": 0.7259887005649718,
                                            "icat": 0.6152446614957388
                                        },
                                        "test": {
                                            "ss": 0.615819209039548,
                                            "lms": 0.6864406779661016,
                                            "icat": 0.5274346452168917
                                        },
                                        "dev_count": 531,
                                        "test_count": 531
                                    },
                                    "race": {
                                        "dev": {
                                            "ss": 0.39565217391304347,
                                            "lms": 0.7565217391304347,
                                            "icat": 0.5986389413988658
                                        },
                                        "test": {
                                            "ss": 0.45454545454545453,
                                            "lms": 0.7121212121212122,
                                            "icat": 0.6473829201101928
                                        },
                                        "dev_count": 690,
                                        "test_count": 693
                                    },
                                    "religion": {
                                        "dev": {
                                            "ss": 0.8,
                                            "lms": 0.7333333333333333,
                                            "icat": 0.2933333333333332
                                        },
                                        "test": {
                                            "ss": 0.5625,
                                            "lms": 0.8125,
                                            "icat": 0.7109375
                                        },
                                        "dev_count": 45,
                                        "test_count": 48
                                    },
                                    "dev_criterion_score": -0.5982532751091703,
                                    "test_criterion_score": -0.5982532751091703
                                }
                            },
                            "model_1": {
                                "best_model": {
                                    "path": "./models/bert-base-cased/notall/inp/dynamic/2e-06/64/15000/model_1",
                                    "gender": {
                                        "dev": {
                                            "ss": 0.7115384615384616,
                                            "lms": 0.7980769230769231,
                                            "icat": 0.4604289940828402
                                        },
                                        "test": {
                                            "ss": 0.5576923076923077,
                                            "lms": 0.75,
                                            "icat": 0.6634615384615384
                                        },
                                        "dev_count": 156,
                                        "test_count": 156
                                    },
                                    "profession": {
                                        "dev": {
                                            "ss": 0.5932203389830508,
                                            "lms": 0.768361581920904,
                                            "icat": 0.6251077276644643
                                        },
                                        "test": {
                                            "ss": 0.632768361581921,
                                            "lms": 0.731638418079096,
                                            "icat": 0.5373615500015959
                                        },
                                        "dev_count": 531,
                                        "test_count": 531
                                    },
                                    "race": {
                                        "dev": {
                                            "ss": 0.41739130434782606,
                                            "lms": 0.7782608695652173,
                                            "icat": 0.6496786389413988
                                        },
                                        "test": {
                                            "ss": 0.45454545454545453,
                                            "lms": 0.7467532467532467,
                                            "icat": 0.678866587957497
                                        },
                                        "dev_count": 690,
                                        "test_count": 693
                                    },
                                    "religion": {
                                        "dev": {
                                            "ss": 0.7333333333333333,
                                            "lms": 0.7666666666666667,
                                            "icat": 0.40888888888888897
                                        },
                                        "test": {
                                            "ss": 0.5625,
                                            "lms": 0.71875,
                                            "icat": 0.62890625
                                        },
                                        "dev_count": 45,
                                        "test_count": 48
                                    },
                                    "dev_criterion_score": -0.6200873362445415,
                                    "test_criterion_score": -0.6157205240174672
                                }
                            },
                            "model_9": {
                                "best_model": {
                                    "path": "./models/bert-base-cased/notall/inp/dynamic/2e-06/64/15000/model_9",
                                    "gender": {
                                        "dev": {
                                            "ss": 0.6730769230769231,
                                            "lms": 0.7980769230769231,
                                            "icat": 0.5218195266272189
                                        },
                                        "test": {
                                            "ss": 0.5384615384615384,
                                            "lms": 0.7596153846153846,
                                            "icat": 0.7011834319526628
                                        },
                                        "dev_count": 156,
                                        "test_count": 156
                                    },
                                    "profession": {
                                        "dev": {
                                            "ss": 0.576271186440678,
                                            "lms": 0.7344632768361582,
                                            "icat": 0.6224265057933543
                                        },
                                        "test": {
                                            "ss": 0.615819209039548,
                                            "lms": 0.6892655367231638,
                                            "icat": 0.5296051581601711
                                        },
                                        "dev_count": 531,
                                        "test_count": 531
                                    },
                                    "race": {
                                        "dev": {
                                            "ss": 0.39565217391304347,
                                            "lms": 0.758695652173913,
                                            "icat": 0.6003591682419659
                                        },
                                        "test": {
                                            "ss": 0.4588744588744589,
                                            "lms": 0.7142857142857143,
                                            "icat": 0.655534941249227
                                        },
                                        "dev_count": 690,
                                        "test_count": 693
                                    },
                                    "religion": {
                                        "dev": {
                                            "ss": 0.7333333333333333,
                                            "lms": 0.7666666666666667,
                                            "icat": 0.40888888888888897
                                        },
                                        "test": {
                                            "ss": 0.5625,
                                            "lms": 0.8125,
                                            "icat": 0.7109375
                                        },
                                        "dev_count": 45,
                                        "test_count": 48
                                    },
                                    "dev_criterion_score": -0.5982532751091703,
                                    "test_criterion_score": -0.5982532751091703
                                }
                            },
                            "model_11": {
                                "best_model": {
                                    "path": "./models/bert-base-cased/notall/inp/dynamic/2e-06/64/15000/model_11",
                                    "gender": {
                                        "dev": {
                                            "ss": 0.6730769230769231,
                                            "lms": 0.7884615384615384,
                                            "icat": 0.5155325443786981
                                        },
                                        "test": {
                                            "ss": 0.5576923076923077,
                                            "lms": 0.7884615384615384,
                                            "icat": 0.6974852071005917
                                        },
                                        "dev_count": 156,
                                        "test_count": 156
                                    },
                                    "profession": {
                                        "dev": {
                                            "ss": 0.5932203389830508,
                                            "lms": 0.7429378531073446,
                                            "icat": 0.6044240160873312
                                        },
                                        "test": {
                                            "ss": 0.6271186440677966,
                                            "lms": 0.6892655367231638,
                                            "icat": 0.5140285358613426
                                        },
                                        "dev_count": 531,
                                        "test_count": 531
                                    },
                                    "race": {
                                        "dev": {
                                            "ss": 0.39565217391304347,
                                            "lms": 0.7630434782608696,
                                            "icat": 0.6037996219281664
                                        },
                                        "test": {
                                            "ss": 0.46320346320346323,
                                            "lms": 0.7077922077922078,
                                            "icat": 0.6557036037555518
                                        },
                                        "dev_count": 690,
                                        "test_count": 693
                                    },
                                    "religion": {
                                        "dev": {
                                            "ss": 0.7333333333333333,
                                            "lms": 0.7333333333333333,
                                            "icat": 0.3911111111111112
                                        },
                                        "test": {
                                            "ss": 0.5625,
                                            "lms": 0.8125,
                                            "icat": 0.7109375
                                        },
                                        "dev_count": 45,
                                        "test_count": 48
                                    },
                                    "dev_criterion_score": -0.611353711790393,
                                    "test_criterion_score": -0.611353711790393
                                }
                            },
                            "model_13": {
                                "best_model": {
                                    "path": "./models/bert-base-cased/notall/inp/dynamic/2e-06/64/15000/model_13",
                                    "gender": {
                                        "dev": {
                                            "ss": 0.6730769230769231,
                                            "lms": 0.7884615384615384,
                                            "icat": 0.5155325443786981
                                        },
                                        "test": {
                                            "ss": 0.5384615384615384,
                                            "lms": 0.7596153846153846,
                                            "icat": 0.7011834319526628
                                        },
                                        "dev_count": 156,
                                        "test_count": 156
                                    },
                                    "profession": {
                                        "dev": {
                                            "ss": 0.5819209039548022,
                                            "lms": 0.7288135593220338,
                                            "icat": 0.6094034281336781
                                        },
                                        "test": {
                                            "ss": 0.6214689265536724,
                                            "lms": 0.6666666666666666,
                                            "icat": 0.5047080979284368
                                        },
                                        "dev_count": 531,
                                        "test_count": 531
                                    },
                                    "race": {
                                        "dev": {
                                            "ss": 0.3869565217391304,
                                            "lms": 0.75,
                                            "icat": 0.5804347826086956
                                        },
                                        "test": {
                                            "ss": 0.45021645021645024,
                                            "lms": 0.6991341991341992,
                                            "icat": 0.62952343471824
                                        },
                                        "dev_count": 690,
                                        "test_count": 693
                                    },
                                    "religion": {
                                        "dev": {
                                            "ss": 0.7333333333333333,
                                            "lms": 0.7333333333333333,
                                            "icat": 0.3911111111111112
                                        },
                                        "test": {
                                            "ss": 0.5625,
                                            "lms": 0.8125,
                                            "icat": 0.7109375
                                        },
                                        "dev_count": 45,
                                        "test_count": 48
                                    },
                                    "dev_criterion_score": -0.6026200873362445,
                                    "test_criterion_score": -0.6026200873362445
                                }
                            },
                            "model_2": {
                                "best_model": {
                                    "path": "./models/bert-base-cased/notall/inp/dynamic/2e-06/64/15000/model_2",
                                    "gender": {
                                        "dev": {
                                            "ss": 0.6923076923076923,
                                            "lms": 0.7692307692307693,
                                            "icat": 0.4733727810650888
                                        },
                                        "test": {
                                            "ss": 0.5576923076923077,
                                            "lms": 0.7788461538461539,
                                            "icat": 0.6889792899408284
                                        },
                                        "dev_count": 156,
                                        "test_count": 156
                                    },
                                    "profession": {
                                        "dev": {
                                            "ss": 0.6101694915254238,
                                            "lms": 0.7824858757062146,
                                            "icat": 0.6100737336014554
                                        },
                                        "test": {
                                            "ss": 0.6214689265536724,
                                            "lms": 0.7231638418079096,
                                            "icat": 0.5474799706342366
                                        },
                                        "dev_count": 531,
                                        "test_count": 531
                                    },
                                    "race": {
                                        "dev": {
                                            "ss": 0.39565217391304347,
                                            "lms": 0.7891304347826087,
                                            "icat": 0.6244423440453686
                                        },
                                        "test": {
                                            "ss": 0.4588744588744589,
                                            "lms": 0.7445887445887446,
                                            "icat": 0.6833455145143457
                                        },
                                        "dev_count": 690,
                                        "test_count": 693
                                    },
                                    "religion": {
                                        "dev": {
                                            "ss": 0.7333333333333333,
                                            "lms": 0.7666666666666667,
                                            "icat": 0.40888888888888897
                                        },
                                        "test": {
                                            "ss": 0.5625,
                                            "lms": 0.78125,
                                            "icat": 0.68359375
                                        },
                                        "dev_count": 45,
                                        "test_count": 48
                                    },
                                    "dev_criterion_score": -0.62882096069869,
                                    "test_criterion_score": -0.6069868995633187
                                }
                            },
                            "model_12": {
                                "best_model": {
                                    "path": "./models/bert-base-cased/notall/inp/dynamic/2e-06/64/15000/model_12",
                                    "gender": {
                                        "dev": {
                                            "ss": 0.6730769230769231,
                                            "lms": 0.7884615384615384,
                                            "icat": 0.5155325443786981
                                        },
                                        "test": {
                                            "ss": 0.5192307692307693,
                                            "lms": 0.7596153846153846,
                                            "icat": 0.7303994082840236
                                        },
                                        "dev_count": 156,
                                        "test_count": 156
                                    },
                                    "profession": {
                                        "dev": {
                                            "ss": 0.576271186440678,
                                            "lms": 0.7372881355932204,
                                            "icat": 0.6248204538925596
                                        },
                                        "test": {
                                            "ss": 0.6214689265536724,
                                            "lms": 0.6751412429378532,
                                            "icat": 0.5111238788343069
                                        },
                                        "dev_count": 531,
                                        "test_count": 531
                                    },
                                    "race": {
                                        "dev": {
                                            "ss": 0.391304347826087,
                                            "lms": 0.7478260869565218,
                                            "icat": 0.5852551984877127
                                        },
                                        "test": {
                                            "ss": 0.4458874458874459,
                                            "lms": 0.7056277056277056,
                                            "icat": 0.6292610708195123
                                        },
                                        "dev_count": 690,
                                        "test_count": 693
                                    },
                                    "religion": {
                                        "dev": {
                                            "ss": 0.7333333333333333,
                                            "lms": 0.7333333333333333,
                                            "icat": 0.3911111111111112
                                        },
                                        "test": {
                                            "ss": 0.5625,
                                            "lms": 0.8125,
                                            "icat": 0.7109375
                                        },
                                        "dev_count": 45,
                                        "test_count": 48
                                    },
                                    "dev_criterion_score": -0.5982532751091703,
                                    "test_criterion_score": -0.5982532751091703
                                }
                            }
                        },
                        "3000": {
                            "best_model": {
                                "path": "./models/bert-base-cased/notall/inp/dynamic/2e-06/64/3000/model_9",
                                "gender": {
                                    "dev": {
                                        "ss": 0.6923076923076923,
                                        "lms": 0.8557692307692307,
                                        "icat": 0.5266272189349113
                                    },
                                    "test": {
                                        "ss": 0.5769230769230769,
                                        "lms": 0.8173076923076923,
                                        "icat": 0.6915680473372782
                                    },
                                    "dev_count": 156,
                                    "test_count": 156
                                },
                                "profession": {
                                    "dev": {
                                        "ss": 0.5706214689265536,
                                        "lms": 0.7796610169491526,
                                        "icat": 0.669539404385713
                                    },
                                    "test": {
                                        "ss": 0.6497175141242938,
                                        "lms": 0.7372881355932204,
                                        "icat": 0.516518241884516
                                    },
                                    "dev_count": 531,
                                    "test_count": 531
                                },
                                "race": {
                                    "dev": {
                                        "ss": 0.4434782608695652,
                                        "lms": 0.8065217391304348,
                                        "icat": 0.7153497164461248
                                    },
                                    "test": {
                                        "ss": 0.47186147186147187,
                                        "lms": 0.7640692640692641,
                                        "icat": 0.7210696950956692
                                    },
                                    "dev_count": 690,
                                    "test_count": 693
                                },
                                "religion": {
                                    "dev": {
                                        "ss": 0.8,
                                        "lms": 0.7666666666666667,
                                        "icat": 0.30666666666666664
                                    },
                                    "test": {
                                        "ss": 0.5625,
                                        "lms": 0.875,
                                        "icat": 0.765625
                                    },
                                    "dev_count": 45,
                                    "test_count": 48
                                },
                                "dev_criterion_score": -0.5982532751091703,
                                "test_criterion_score": -0.6331877729257642
                            },
                            "model_7": {
                                "best_model": {
                                    "path": "./models/bert-base-cased/notall/inp/dynamic/2e-06/64/3000/model_7",
                                    "gender": {
                                        "dev": {
                                            "ss": 0.6923076923076923,
                                            "lms": 0.8461538461538461,
                                            "icat": 0.5207100591715976
                                        },
                                        "test": {
                                            "ss": 0.5769230769230769,
                                            "lms": 0.8076923076923077,
                                            "icat": 0.6834319526627219
                                        },
                                        "dev_count": 156,
                                        "test_count": 156
                                    },
                                    "profession": {
                                        "dev": {
                                            "ss": 0.5819209039548022,
                                            "lms": 0.7853107344632768,
                                            "icat": 0.6566440039579943
                                        },
                                        "test": {
                                            "ss": 0.6497175141242938,
                                            "lms": 0.7457627118644068,
                                            "icat": 0.5224552331705449
                                        },
                                        "dev_count": 531,
                                        "test_count": 531
                                    },
                                    "race": {
                                        "dev": {
                                            "ss": 0.4391304347826087,
                                            "lms": 0.8108695652173913,
                                            "icat": 0.7121550094517959
                                        },
                                        "test": {
                                            "ss": 0.46320346320346323,
                                            "lms": 0.7662337662337663,
                                            "icat": 0.7098442682858268
                                        },
                                        "dev_count": 690,
                                        "test_count": 693
                                    },
                                    "religion": {
                                        "dev": {
                                            "ss": 0.8,
                                            "lms": 0.7666666666666667,
                                            "icat": 0.30666666666666664
                                        },
                                        "test": {
                                            "ss": 0.5625,
                                            "lms": 0.875,
                                            "icat": 0.765625
                                        },
                                        "dev_count": 45,
                                        "test_count": 48
                                    },
                                    "dev_criterion_score": -0.6069868995633187,
                                    "test_criterion_score": -0.6331877729257642
                                }
                            },
                            "model_6": {
                                "best_model": {
                                    "path": "./models/bert-base-cased/notall/inp/dynamic/2e-06/64/3000/model_6",
                                    "gender": {
                                        "dev": {
                                            "ss": 0.6923076923076923,
                                            "lms": 0.8365384615384616,
                                            "icat": 0.5147928994082841
                                        },
                                        "test": {
                                            "ss": 0.5769230769230769,
                                            "lms": 0.8076923076923077,
                                            "icat": 0.6834319526627219
                                        },
                                        "dev_count": 156,
                                        "test_count": 156
                                    },
                                    "profession": {
                                        "dev": {
                                            "ss": 0.5819209039548022,
                                            "lms": 0.7824858757062146,
                                            "icat": 0.6542819751667784
                                        },
                                        "test": {
                                            "ss": 0.655367231638418,
                                            "lms": 0.7542372881355932,
                                            "icat": 0.5198697692234033
                                        },
                                        "dev_count": 531,
                                        "test_count": 531
                                    },
                                    "race": {
                                        "dev": {
                                            "ss": 0.45217391304347826,
                                            "lms": 0.8152173913043478,
                                            "icat": 0.7372400756143667
                                        },
                                        "test": {
                                            "ss": 0.4675324675324675,
                                            "lms": 0.7662337662337663,
                                            "icat": 0.7164783268679372
                                        },
                                        "dev_count": 690,
                                        "test_count": 693
                                    },
                                    "religion": {
                                        "dev": {
                                            "ss": 0.8,
                                            "lms": 0.7666666666666667,
                                            "icat": 0.30666666666666664
                                        },
                                        "test": {
                                            "ss": 0.5625,
                                            "lms": 0.875,
                                            "icat": 0.765625
                                        },
                                        "dev_count": 45,
                                        "test_count": 48
                                    },
                                    "dev_criterion_score": -0.6069868995633187,
                                    "test_criterion_score": -0.6375545851528385
                                }
                            },
                            "model_3": {
                                "best_model": {
                                    "path": "./models/bert-base-cased/notall/inp/dynamic/2e-06/64/3000/model_3",
                                    "gender": {
                                        "dev": {
                                            "ss": 0.7115384615384616,
                                            "lms": 0.8365384615384616,
                                            "icat": 0.48261834319526625
                                        },
                                        "test": {
                                            "ss": 0.5769230769230769,
                                            "lms": 0.8076923076923077,
                                            "icat": 0.6834319526627219
                                        },
                                        "dev_count": 156,
                                        "test_count": 156
                                    },
                                    "profession": {
                                        "dev": {
                                            "ss": 0.5932203389830508,
                                            "lms": 0.7994350282485876,
                                            "icat": 0.6503878195920713
                                        },
                                        "test": {
                                            "ss": 0.6610169491525424,
                                            "lms": 0.7655367231638418,
                                            "icat": 0.5190079479076893
                                        },
                                        "dev_count": 531,
                                        "test_count": 531
                                    },
                                    "race": {
                                        "dev": {
                                            "ss": 0.4608695652173913,
                                            "lms": 0.8260869565217391,
                                            "icat": 0.7614366729678639
                                        },
                                        "test": {
                                            "ss": 0.46320346320346323,
                                            "lms": 0.7770562770562771,
                                            "icat": 0.7198703172729147
                                        },
                                        "dev_count": 690,
                                        "test_count": 693
                                    },
                                    "religion": {
                                        "dev": {
                                            "ss": 0.8,
                                            "lms": 0.8333333333333334,
                                            "icat": 0.33333333333333326
                                        },
                                        "test": {
                                            "ss": 0.5625,
                                            "lms": 0.84375,
                                            "icat": 0.73828125
                                        },
                                        "dev_count": 45,
                                        "test_count": 48
                                    },
                                    "dev_criterion_score": -0.6200873362445415,
                                    "test_criterion_score": -0.6419213973799127
                                }
                            },
                            "model_8": {
                                "best_model": {
                                    "path": "./models/bert-base-cased/notall/inp/dynamic/2e-06/64/3000/model_8",
                                    "gender": {
                                        "dev": {
                                            "ss": 0.6923076923076923,
                                            "lms": 0.8557692307692307,
                                            "icat": 0.5266272189349113
                                        },
                                        "test": {
                                            "ss": 0.5769230769230769,
                                            "lms": 0.7980769230769231,
                                            "icat": 0.6752958579881658
                                        },
                                        "dev_count": 156,
                                        "test_count": 156
                                    },
                                    "profession": {
                                        "dev": {
                                            "ss": 0.576271186440678,
                                            "lms": 0.7824858757062146,
                                            "icat": 0.6631236234798429
                                        },
                                        "test": {
                                            "ss": 0.655367231638418,
                                            "lms": 0.7429378531073446,
                                            "icat": 0.512081458073989
                                        },
                                        "dev_count": 531,
                                        "test_count": 531
                                    },
                                    "race": {
                                        "dev": {
                                            "ss": 0.44782608695652176,
                                            "lms": 0.8130434782608695,
                                            "icat": 0.7282041587901702
                                        },
                                        "test": {
                                            "ss": 0.4675324675324675,
                                            "lms": 0.7662337662337663,
                                            "icat": 0.7164783268679372
                                        },
                                        "dev_count": 690,
                                        "test_count": 693
                                    },
                                    "religion": {
                                        "dev": {
                                            "ss": 0.8,
                                            "lms": 0.7666666666666667,
                                            "icat": 0.30666666666666664
                                        },
                                        "test": {
                                            "ss": 0.5625,
                                            "lms": 0.875,
                                            "icat": 0.765625
                                        },
                                        "dev_count": 45,
                                        "test_count": 48
                                    },
                                    "dev_criterion_score": -0.6026200873362445,
                                    "test_criterion_score": -0.6375545851528385
                                }
                            },
                            "model_14": {
                                "best_model": {
                                    "path": "./models/bert-base-cased/notall/inp/dynamic/2e-06/64/3000/model_14",
                                    "gender": {
                                        "dev": {
                                            "ss": 0.6923076923076923,
                                            "lms": 0.8269230769230769,
                                            "icat": 0.5088757396449705
                                        },
                                        "test": {
                                            "ss": 0.5576923076923077,
                                            "lms": 0.7980769230769231,
                                            "icat": 0.705991124260355
                                        },
                                        "dev_count": 156,
                                        "test_count": 156
                                    },
                                    "profession": {
                                        "dev": {
                                            "ss": 0.5932203389830508,
                                            "lms": 0.7740112994350282,
                                            "icat": 0.6297041080149383
                                        },
                                        "test": {
                                            "ss": 0.6384180790960452,
                                            "lms": 0.731638418079096,
                                            "icat": 0.5290944492323406
                                        },
                                        "dev_count": 531,
                                        "test_count": 531
                                    },
                                    "race": {
                                        "dev": {
                                            "ss": 0.4260869565217391,
                                            "lms": 0.7934782608695652,
                                            "icat": 0.6761814744801512
                                        },
                                        "test": {
                                            "ss": 0.4675324675324675,
                                            "lms": 0.7489177489177489,
                                            "icat": 0.7002867262607522
                                        },
                                        "dev_count": 690,
                                        "test_count": 693
                                    },
                                    "religion": {
                                        "dev": {
                                            "ss": 0.8,
                                            "lms": 0.7333333333333333,
                                            "icat": 0.2933333333333332
                                        },
                                        "test": {
                                            "ss": 0.5625,
                                            "lms": 0.875,
                                            "icat": 0.765625
                                        },
                                        "dev_count": 45,
                                        "test_count": 48
                                    },
                                    "dev_criterion_score": -0.6157205240174672,
                                    "test_criterion_score": -0.6200873362445415
                                }
                            },
                            "model_15": {
                                "best_model": {
                                    "path": "./models/bert-base-cased/notall/inp/dynamic/2e-06/64/3000/model_15",
                                    "gender": {
                                        "dev": {
                                            "ss": 0.6923076923076923,
                                            "lms": 0.8269230769230769,
                                            "icat": 0.5088757396449705
                                        },
                                        "test": {
                                            "ss": 0.5576923076923077,
                                            "lms": 0.7980769230769231,
                                            "icat": 0.705991124260355
                                        },
                                        "dev_count": 156,
                                        "test_count": 156
                                    },
                                    "profession": {
                                        "dev": {
                                            "ss": 0.5932203389830508,
                                            "lms": 0.7740112994350282,
                                            "icat": 0.6297041080149383
                                        },
                                        "test": {
                                            "ss": 0.6384180790960452,
                                            "lms": 0.731638418079096,
                                            "icat": 0.5290944492323406
                                        },
                                        "dev_count": 531,
                                        "test_count": 531
                                    },
                                    "race": {
                                        "dev": {
                                            "ss": 0.4260869565217391,
                                            "lms": 0.7956521739130434,
                                            "icat": 0.6780340264650283
                                        },
                                        "test": {
                                            "ss": 0.4588744588744589,
                                            "lms": 0.7489177489177489,
                                            "icat": 0.6873184535522198
                                        },
                                        "dev_count": 690,
                                        "test_count": 693
                                    },
                                    "religion": {
                                        "dev": {
                                            "ss": 0.8,
                                            "lms": 0.7333333333333333,
                                            "icat": 0.2933333333333332
                                        },
                                        "test": {
                                            "ss": 0.5625,
                                            "lms": 0.875,
                                            "icat": 0.765625
                                        },
                                        "dev_count": 45,
                                        "test_count": 48
                                    },
                                    "dev_criterion_score": -0.6157205240174672,
                                    "test_criterion_score": -0.6200873362445415
                                }
                            },
                            "model_5": {
                                "best_model": {
                                    "path": "./models/bert-base-cased/notall/inp/dynamic/2e-06/64/3000/model_5",
                                    "gender": {
                                        "dev": {
                                            "ss": 0.6923076923076923,
                                            "lms": 0.8461538461538461,
                                            "icat": 0.5207100591715976
                                        },
                                        "test": {
                                            "ss": 0.5769230769230769,
                                            "lms": 0.7980769230769231,
                                            "icat": 0.6752958579881658
                                        },
                                        "dev_count": 156,
                                        "test_count": 156
                                    },
                                    "profession": {
                                        "dev": {
                                            "ss": 0.5819209039548022,
                                            "lms": 0.788135593220339,
                                            "icat": 0.6590060327492101
                                        },
                                        "test": {
                                            "ss": 0.6440677966101694,
                                            "lms": 0.7570621468926554,
                                            "icat": 0.5389255960930768
                                        },
                                        "dev_count": 531,
                                        "test_count": 531
                                    },
                                    "race": {
                                        "dev": {
                                            "ss": 0.45652173913043476,
                                            "lms": 0.8173913043478261,
                                            "icat": 0.7463137996219281
                                        },
                                        "test": {
                                            "ss": 0.4675324675324675,
                                            "lms": 0.7705627705627706,
                                            "icat": 0.7205262270197335
                                        },
                                        "dev_count": 690,
                                        "test_count": 693
                                    },
                                    "religion": {
                                        "dev": {
                                            "ss": 0.8,
                                            "lms": 0.7666666666666667,
                                            "icat": 0.30666666666666664
                                        },
                                        "test": {
                                            "ss": 0.5625,
                                            "lms": 0.875,
                                            "icat": 0.765625
                                        },
                                        "dev_count": 45,
                                        "test_count": 48
                                    },
                                    "dev_criterion_score": -0.6069868995633187,
                                    "test_criterion_score": -0.62882096069869
                                }
                            },
                            "model_4": {
                                "best_model": {
                                    "path": "./models/bert-base-cased/notall/inp/dynamic/2e-06/64/3000/model_4",
                                    "gender": {
                                        "dev": {
                                            "ss": 0.7115384615384616,
                                            "lms": 0.8365384615384616,
                                            "icat": 0.48261834319526625
                                        },
                                        "test": {
                                            "ss": 0.5769230769230769,
                                            "lms": 0.8076923076923077,
                                            "icat": 0.6834319526627219
                                        },
                                        "dev_count": 156,
                                        "test_count": 156
                                    },
                                    "profession": {
                                        "dev": {
                                            "ss": 0.5819209039548022,
                                            "lms": 0.7994350282485876,
                                            "icat": 0.6684541479140733
                                        },
                                        "test": {
                                            "ss": 0.6610169491525424,
                                            "lms": 0.7598870056497176,
                                            "icat": 0.5151776309489611
                                        },
                                        "dev_count": 531,
                                        "test_count": 531
                                    },
                                    "race": {
                                        "dev": {
                                            "ss": 0.45652173913043476,
                                            "lms": 0.8239130434782609,
                                            "icat": 0.7522684310018903
                                        },
                                        "test": {
                                            "ss": 0.4675324675324675,
                                            "lms": 0.7748917748917749,
                                            "icat": 0.7245741271715297
                                        },
                                        "dev_count": 690,
                                        "test_count": 693
                                    },
                                    "religion": {
                                        "dev": {
                                            "ss": 0.8,
                                            "lms": 0.8333333333333334,
                                            "icat": 0.33333333333333326
                                        },
                                        "test": {
                                            "ss": 0.5625,
                                            "lms": 0.84375,
                                            "icat": 0.73828125
                                        },
                                        "dev_count": 45,
                                        "test_count": 48
                                    },
                                    "dev_criterion_score": -0.611353711790393,
                                    "test_criterion_score": -0.6419213973799127
                                }
                            },
                            "model_10": {
                                "best_model": {
                                    "path": "./models/bert-base-cased/notall/inp/dynamic/2e-06/64/3000/model_10",
                                    "gender": {
                                        "dev": {
                                            "ss": 0.6923076923076923,
                                            "lms": 0.8557692307692307,
                                            "icat": 0.5266272189349113
                                        },
                                        "test": {
                                            "ss": 0.5576923076923077,
                                            "lms": 0.8076923076923077,
                                            "icat": 0.7144970414201184
                                        },
                                        "dev_count": 156,
                                        "test_count": 156
                                    },
                                    "profession": {
                                        "dev": {
                                            "ss": 0.576271186440678,
                                            "lms": 0.7796610169491526,
                                            "icat": 0.6607296753806378
                                        },
                                        "test": {
                                            "ss": 0.6440677966101694,
                                            "lms": 0.7429378531073446,
                                            "icat": 0.5288710140764149
                                        },
                                        "dev_count": 531,
                                        "test_count": 531
                                    },
                                    "race": {
                                        "dev": {
                                            "ss": 0.4434782608695652,
                                            "lms": 0.808695652173913,
                                            "icat": 0.7172778827977315
                                        },
                                        "test": {
                                            "ss": 0.47619047619047616,
                                            "lms": 0.7619047619047619,
                                            "icat": 0.7256235827664398
                                        },
                                        "dev_count": 690,
                                        "test_count": 693
                                    },
                                    "religion": {
                                        "dev": {
                                            "ss": 0.8,
                                            "lms": 0.7333333333333333,
                                            "icat": 0.2933333333333332
                                        },
                                        "test": {
                                            "ss": 0.5625,
                                            "lms": 0.875,
                                            "icat": 0.765625
                                        },
                                        "dev_count": 45,
                                        "test_count": 48
                                    },
                                    "dev_criterion_score": -0.6026200873362445,
                                    "test_criterion_score": -0.6244541484716157
                                }
                            },
                            "model_1": {
                                "best_model": {
                                    "path": "./models/bert-base-cased/notall/inp/dynamic/2e-06/64/3000/model_1",
                                    "gender": {
                                        "dev": {
                                            "ss": 0.7115384615384616,
                                            "lms": 0.8461538461538461,
                                            "icat": 0.4881656804733727
                                        },
                                        "test": {
                                            "ss": 0.5769230769230769,
                                            "lms": 0.7884615384615384,
                                            "icat": 0.6671597633136095
                                        },
                                        "dev_count": 156,
                                        "test_count": 156
                                    },
                                    "profession": {
                                        "dev": {
                                            "ss": 0.5819209039548022,
                                            "lms": 0.7966101694915254,
                                            "icat": 0.6660921191228575
                                        },
                                        "test": {
                                            "ss": 0.6384180790960452,
                                            "lms": 0.7768361581920904,
                                            "icat": 0.5617798206134891
                                        },
                                        "dev_count": 531,
                                        "test_count": 531
                                    },
                                    "race": {
                                        "dev": {
                                            "ss": 0.4956521739130435,
                                            "lms": 0.8195652173913044,
                                            "icat": 0.8124385633270322
                                        },
                                        "test": {
                                            "ss": 0.4588744588744589,
                                            "lms": 0.7792207792207793,
                                            "icat": 0.7151290268173386
                                        },
                                        "dev_count": 690,
                                        "test_count": 693
                                    },
                                    "religion": {
                                        "dev": {
                                            "ss": 0.7333333333333333,
                                            "lms": 0.8,
                                            "icat": 0.42666666666666675
                                        },
                                        "test": {
                                            "ss": 0.5625,
                                            "lms": 0.8125,
                                            "icat": 0.7109375
                                        },
                                        "dev_count": 45,
                                        "test_count": 48
                                    },
                                    "dev_criterion_score": -0.611353711790393,
                                    "test_criterion_score": -0.6244541484716157
                                }
                            },
                            "model_9": {
                                "best_model": {
                                    "path": "./models/bert-base-cased/notall/inp/dynamic/2e-06/64/3000/model_9",
                                    "gender": {
                                        "dev": {
                                            "ss": 0.6923076923076923,
                                            "lms": 0.8557692307692307,
                                            "icat": 0.5266272189349113
                                        },
                                        "test": {
                                            "ss": 0.5769230769230769,
                                            "lms": 0.8173076923076923,
                                            "icat": 0.6915680473372782
                                        },
                                        "dev_count": 156,
                                        "test_count": 156
                                    },
                                    "profession": {
                                        "dev": {
                                            "ss": 0.5706214689265536,
                                            "lms": 0.7796610169491526,
                                            "icat": 0.669539404385713
                                        },
                                        "test": {
                                            "ss": 0.6497175141242938,
                                            "lms": 0.7372881355932204,
                                            "icat": 0.516518241884516
                                        },
                                        "dev_count": 531,
                                        "test_count": 531
                                    },
                                    "race": {
                                        "dev": {
                                            "ss": 0.4434782608695652,
                                            "lms": 0.8065217391304348,
                                            "icat": 0.7153497164461248
                                        },
                                        "test": {
                                            "ss": 0.47186147186147187,
                                            "lms": 0.7640692640692641,
                                            "icat": 0.7210696950956692
                                        },
                                        "dev_count": 690,
                                        "test_count": 693
                                    },
                                    "religion": {
                                        "dev": {
                                            "ss": 0.8,
                                            "lms": 0.7666666666666667,
                                            "icat": 0.30666666666666664
                                        },
                                        "test": {
                                            "ss": 0.5625,
                                            "lms": 0.875,
                                            "icat": 0.765625
                                        },
                                        "dev_count": 45,
                                        "test_count": 48
                                    },
                                    "dev_criterion_score": -0.5982532751091703,
                                    "test_criterion_score": -0.6331877729257642
                                }
                            },
                            "model_11": {
                                "best_model": {
                                    "path": "./models/bert-base-cased/notall/inp/dynamic/2e-06/64/3000/model_11",
                                    "gender": {
                                        "dev": {
                                            "ss": 0.6923076923076923,
                                            "lms": 0.8461538461538461,
                                            "icat": 0.5207100591715976
                                        },
                                        "test": {
                                            "ss": 0.5961538461538461,
                                            "lms": 0.7980769230769231,
                                            "icat": 0.6446005917159764
                                        },
                                        "dev_count": 156,
                                        "test_count": 156
                                    },
                                    "profession": {
                                        "dev": {
                                            "ss": 0.5875706214689266,
                                            "lms": 0.7796610169491526,
                                            "icat": 0.6431102173704873
                                        },
                                        "test": {
                                            "ss": 0.6384180790960452,
                                            "lms": 0.731638418079096,
                                            "icat": 0.5290944492323406
                                        },
                                        "dev_count": 531,
                                        "test_count": 531
                                    },
                                    "race": {
                                        "dev": {
                                            "ss": 0.43043478260869567,
                                            "lms": 0.8021739130434783,
                                            "icat": 0.6905671077504726
                                        },
                                        "test": {
                                            "ss": 0.47186147186147187,
                                            "lms": 0.7597402597402597,
                                            "icat": 0.7169843143869118
                                        },
                                        "dev_count": 690,
                                        "test_count": 693
                                    },
                                    "religion": {
                                        "dev": {
                                            "ss": 0.8,
                                            "lms": 0.7333333333333333,
                                            "icat": 0.2933333333333332
                                        },
                                        "test": {
                                            "ss": 0.5625,
                                            "lms": 0.875,
                                            "icat": 0.765625
                                        },
                                        "dev_count": 45,
                                        "test_count": 48
                                    },
                                    "dev_criterion_score": -0.611353711790393,
                                    "test_criterion_score": -0.62882096069869
                                }
                            },
                            "model_13": {
                                "best_model": {
                                    "path": "./models/bert-base-cased/notall/inp/dynamic/2e-06/64/3000/model_13",
                                    "gender": {
                                        "dev": {
                                            "ss": 0.6923076923076923,
                                            "lms": 0.8461538461538461,
                                            "icat": 0.5207100591715976
                                        },
                                        "test": {
                                            "ss": 0.5769230769230769,
                                            "lms": 0.7980769230769231,
                                            "icat": 0.6752958579881658
                                        },
                                        "dev_count": 156,
                                        "test_count": 156
                                    },
                                    "profession": {
                                        "dev": {
                                            "ss": 0.5988700564971752,
                                            "lms": 0.7768361581920904,
                                            "icat": 0.6232244884930894
                                        },
                                        "test": {
                                            "ss": 0.6384180790960452,
                                            "lms": 0.731638418079096,
                                            "icat": 0.5290944492323406
                                        },
                                        "dev_count": 531,
                                        "test_count": 531
                                    },
                                    "race": {
                                        "dev": {
                                            "ss": 0.43043478260869567,
                                            "lms": 0.7978260869565217,
                                            "icat": 0.6868241965973535
                                        },
                                        "test": {
                                            "ss": 0.4675324675324675,
                                            "lms": 0.7510822510822511,
                                            "icat": 0.7023106763366503
                                        },
                                        "dev_count": 690,
                                        "test_count": 693
                                    },
                                    "religion": {
                                        "dev": {
                                            "ss": 0.8,
                                            "lms": 0.7333333333333333,
                                            "icat": 0.2933333333333332
                                        },
                                        "test": {
                                            "ss": 0.5625,
                                            "lms": 0.875,
                                            "icat": 0.765625
                                        },
                                        "dev_count": 45,
                                        "test_count": 48
                                    },
                                    "dev_criterion_score": -0.6200873362445415,
                                    "test_criterion_score": -0.6244541484716157
                                }
                            },
                            "model_2": {
                                "best_model": {
                                    "path": "./models/bert-base-cased/notall/inp/dynamic/2e-06/64/3000/model_2",
                                    "gender": {
                                        "dev": {
                                            "ss": 0.7307692307692307,
                                            "lms": 0.8461538461538461,
                                            "icat": 0.455621301775148
                                        },
                                        "test": {
                                            "ss": 0.5769230769230769,
                                            "lms": 0.7884615384615384,
                                            "icat": 0.6671597633136095
                                        },
                                        "dev_count": 156,
                                        "test_count": 156
                                    },
                                    "profession": {
                                        "dev": {
                                            "ss": 0.5932203389830508,
                                            "lms": 0.7966101694915254,
                                            "icat": 0.6480896294168342
                                        },
                                        "test": {
                                            "ss": 0.6610169491525424,
                                            "lms": 0.7627118644067796,
                                            "icat": 0.5170927894283252
                                        },
                                        "dev_count": 531,
                                        "test_count": 531
                                    },
                                    "race": {
                                        "dev": {
                                            "ss": 0.4782608695652174,
                                            "lms": 0.8239130434782609,
                                            "icat": 0.7880907372400756
                                        },
                                        "test": {
                                            "ss": 0.4588744588744589,
                                            "lms": 0.7748917748917749,
                                            "icat": 0.7111560877794644
                                        },
                                        "dev_count": 690,
                                        "test_count": 693
                                    },
                                    "religion": {
                                        "dev": {
                                            "ss": 0.7333333333333333,
                                            "lms": 0.8,
                                            "icat": 0.42666666666666675
                                        },
                                        "test": {
                                            "ss": 0.5625,
                                            "lms": 0.8125,
                                            "icat": 0.7109375
                                        },
                                        "dev_count": 45,
                                        "test_count": 48
                                    },
                                    "dev_criterion_score": -0.6244541484716157,
                                    "test_criterion_score": -0.6419213973799127
                                }
                            },
                            "model_12": {
                                "best_model": {
                                    "path": "./models/bert-base-cased/notall/inp/dynamic/2e-06/64/3000/model_12",
                                    "gender": {
                                        "dev": {
                                            "ss": 0.6923076923076923,
                                            "lms": 0.8461538461538461,
                                            "icat": 0.5207100591715976
                                        },
                                        "test": {
                                            "ss": 0.5961538461538461,
                                            "lms": 0.7980769230769231,
                                            "icat": 0.6446005917159764
                                        },
                                        "dev_count": 156,
                                        "test_count": 156
                                    },
                                    "profession": {
                                        "dev": {
                                            "ss": 0.5875706214689266,
                                            "lms": 0.7796610169491526,
                                            "icat": 0.6431102173704873
                                        },
                                        "test": {
                                            "ss": 0.6384180790960452,
                                            "lms": 0.731638418079096,
                                            "icat": 0.5290944492323406
                                        },
                                        "dev_count": 531,
                                        "test_count": 531
                                    },
                                    "race": {
                                        "dev": {
                                            "ss": 0.43043478260869567,
                                            "lms": 0.8043478260869565,
                                            "icat": 0.6924385633270321
                                        },
                                        "test": {
                                            "ss": 0.4675324675324675,
                                            "lms": 0.7554112554112554,
                                            "icat": 0.7063585764884466
                                        },
                                        "dev_count": 690,
                                        "test_count": 693
                                    },
                                    "religion": {
                                        "dev": {
                                            "ss": 0.8,
                                            "lms": 0.7333333333333333,
                                            "icat": 0.2933333333333332
                                        },
                                        "test": {
                                            "ss": 0.5625,
                                            "lms": 0.875,
                                            "icat": 0.765625
                                        },
                                        "dev_count": 45,
                                        "test_count": 48
                                    },
                                    "dev_criterion_score": -0.611353711790393,
                                    "test_criterion_score": -0.62882096069869
                                }
                            }
                        }
                    }
                }
            }
        }
    },
    "full_grad": {
        "best_model": {
            "path": "./models/bert-base-cased/full_grad/inp/dynamic/2e-06/64/None/model_15",
            "gender": {
                "dev": {
                    "ss": 0.6538461538461539,
                    "lms": 0.7788461538461539,
                    "icat": 0.5392011834319527
                },
                "test": {
                    "ss": 0.5384615384615384,
                    "lms": 0.7307692307692307,
                    "icat": 0.6745562130177515
                },
                "dev_count": 156,
                "test_count": 156
            },
            "profession": {
                "dev": {
                    "ss": 0.5649717514124294,
                    "lms": 0.7062146892655368,
                    "icat": 0.6144466787960037
                },
                "test": {
                    "ss": 0.6214689265536724,
                    "lms": 0.6214689265536724,
                    "icat": 0.4704905997637971
                },
                "dev_count": 531,
                "test_count": 531
            },
            "race": {
                "dev": {
                    "ss": 0.3826086956521739,
                    "lms": 0.7282608695652174,
                    "icat": 0.5572778827977316
                },
                "test": {
                    "ss": 0.44155844155844154,
                    "lms": 0.6688311688311688,
                    "icat": 0.5906560971496035
                },
                "dev_count": 690,
                "test_count": 693
            },
            "religion": {
                "dev": {
                    "ss": 0.6666666666666666,
                    "lms": 0.7,
                    "icat": 0.4666666666666667
                },
                "test": {
                    "ss": 0.5,
                    "lms": 0.75,
                    "icat": 0.75
                },
                "dev_count": 45,
                "test_count": 48
            },
            "dev_criterion_score": -0.5851528384279476,
            "test_criterion_score": -0.6026200873362445
        },
        "inp": {
            "best_model": {
                "path": "./models/bert-base-cased/full_grad/inp/dynamic/2e-06/64/None/model_15",
                "gender": {
                    "dev": {
                        "ss": 0.6538461538461539,
                        "lms": 0.7788461538461539,
                        "icat": 0.5392011834319527
                    },
                    "test": {
                        "ss": 0.5384615384615384,
                        "lms": 0.7307692307692307,
                        "icat": 0.6745562130177515
                    },
                    "dev_count": 156,
                    "test_count": 156
                },
                "profession": {
                    "dev": {
                        "ss": 0.5649717514124294,
                        "lms": 0.7062146892655368,
                        "icat": 0.6144466787960037
                    },
                    "test": {
                        "ss": 0.6214689265536724,
                        "lms": 0.6214689265536724,
                        "icat": 0.4704905997637971
                    },
                    "dev_count": 531,
                    "test_count": 531
                },
                "race": {
                    "dev": {
                        "ss": 0.3826086956521739,
                        "lms": 0.7282608695652174,
                        "icat": 0.5572778827977316
                    },
                    "test": {
                        "ss": 0.44155844155844154,
                        "lms": 0.6688311688311688,
                        "icat": 0.5906560971496035
                    },
                    "dev_count": 690,
                    "test_count": 693
                },
                "religion": {
                    "dev": {
                        "ss": 0.6666666666666666,
                        "lms": 0.7,
                        "icat": 0.4666666666666667
                    },
                    "test": {
                        "ss": 0.5,
                        "lms": 0.75,
                        "icat": 0.75
                    },
                    "dev_count": 45,
                    "test_count": 48
                },
                "dev_criterion_score": -0.5851528384279476,
                "test_criterion_score": -0.6026200873362445
            },
            "dynamic": {
                "best_model": {
                    "path": "./models/bert-base-cased/full_grad/inp/dynamic/2e-06/64/None/model_15",
                    "gender": {
                        "dev": {
                            "ss": 0.6538461538461539,
                            "lms": 0.7788461538461539,
                            "icat": 0.5392011834319527
                        },
                        "test": {
                            "ss": 0.5384615384615384,
                            "lms": 0.7307692307692307,
                            "icat": 0.6745562130177515
                        },
                        "dev_count": 156,
                        "test_count": 156
                    },
                    "profession": {
                        "dev": {
                            "ss": 0.5649717514124294,
                            "lms": 0.7062146892655368,
                            "icat": 0.6144466787960037
                        },
                        "test": {
                            "ss": 0.6214689265536724,
                            "lms": 0.6214689265536724,
                            "icat": 0.4704905997637971
                        },
                        "dev_count": 531,
                        "test_count": 531
                    },
                    "race": {
                        "dev": {
                            "ss": 0.3826086956521739,
                            "lms": 0.7282608695652174,
                            "icat": 0.5572778827977316
                        },
                        "test": {
                            "ss": 0.44155844155844154,
                            "lms": 0.6688311688311688,
                            "icat": 0.5906560971496035
                        },
                        "dev_count": 690,
                        "test_count": 693
                    },
                    "religion": {
                        "dev": {
                            "ss": 0.6666666666666666,
                            "lms": 0.7,
                            "icat": 0.4666666666666667
                        },
                        "test": {
                            "ss": 0.5,
                            "lms": 0.75,
                            "icat": 0.75
                        },
                        "dev_count": 45,
                        "test_count": 48
                    },
                    "dev_criterion_score": -0.5851528384279476,
                    "test_criterion_score": -0.6026200873362445
                },
                "2e-06": {
                    "best_model": {
                        "path": "./models/bert-base-cased/full_grad/inp/dynamic/2e-06/64/None/model_15",
                        "gender": {
                            "dev": {
                                "ss": 0.6538461538461539,
                                "lms": 0.7788461538461539,
                                "icat": 0.5392011834319527
                            },
                            "test": {
                                "ss": 0.5384615384615384,
                                "lms": 0.7307692307692307,
                                "icat": 0.6745562130177515
                            },
                            "dev_count": 156,
                            "test_count": 156
                        },
                        "profession": {
                            "dev": {
                                "ss": 0.5649717514124294,
                                "lms": 0.7062146892655368,
                                "icat": 0.6144466787960037
                            },
                            "test": {
                                "ss": 0.6214689265536724,
                                "lms": 0.6214689265536724,
                                "icat": 0.4704905997637971
                            },
                            "dev_count": 531,
                            "test_count": 531
                        },
                        "race": {
                            "dev": {
                                "ss": 0.3826086956521739,
                                "lms": 0.7282608695652174,
                                "icat": 0.5572778827977316
                            },
                            "test": {
                                "ss": 0.44155844155844154,
                                "lms": 0.6688311688311688,
                                "icat": 0.5906560971496035
                            },
                            "dev_count": 690,
                            "test_count": 693
                        },
                        "religion": {
                            "dev": {
                                "ss": 0.6666666666666666,
                                "lms": 0.7,
                                "icat": 0.4666666666666667
                            },
                            "test": {
                                "ss": 0.5,
                                "lms": 0.75,
                                "icat": 0.75
                            },
                            "dev_count": 45,
                            "test_count": 48
                        },
                        "dev_criterion_score": -0.5851528384279476,
                        "test_criterion_score": -0.6026200873362445
                    },
                    "64": {
                        "best_model": {
                            "path": "./models/bert-base-cased/full_grad/inp/dynamic/2e-06/64/None/model_15",
                            "gender": {
                                "dev": {
                                    "ss": 0.6538461538461539,
                                    "lms": 0.7788461538461539,
                                    "icat": 0.5392011834319527
                                },
                                "test": {
                                    "ss": 0.5384615384615384,
                                    "lms": 0.7307692307692307,
                                    "icat": 0.6745562130177515
                                },
                                "dev_count": 156,
                                "test_count": 156
                            },
                            "profession": {
                                "dev": {
                                    "ss": 0.5649717514124294,
                                    "lms": 0.7062146892655368,
                                    "icat": 0.6144466787960037
                                },
                                "test": {
                                    "ss": 0.6214689265536724,
                                    "lms": 0.6214689265536724,
                                    "icat": 0.4704905997637971
                                },
                                "dev_count": 531,
                                "test_count": 531
                            },
                            "race": {
                                "dev": {
                                    "ss": 0.3826086956521739,
                                    "lms": 0.7282608695652174,
                                    "icat": 0.5572778827977316
                                },
                                "test": {
                                    "ss": 0.44155844155844154,
                                    "lms": 0.6688311688311688,
                                    "icat": 0.5906560971496035
                                },
                                "dev_count": 690,
                                "test_count": 693
                            },
                            "religion": {
                                "dev": {
                                    "ss": 0.6666666666666666,
                                    "lms": 0.7,
                                    "icat": 0.4666666666666667
                                },
                                "test": {
                                    "ss": 0.5,
                                    "lms": 0.75,
                                    "icat": 0.75
                                },
                                "dev_count": 45,
                                "test_count": 48
                            },
                            "dev_criterion_score": -0.5851528384279476,
                            "test_criterion_score": -0.6026200873362445
                        },
                        "None": {
                            "best_model": {
                                "path": "./models/bert-base-cased/full_grad/inp/dynamic/2e-06/64/None/model_15",
                                "gender": {
                                    "dev": {
                                        "ss": 0.6538461538461539,
                                        "lms": 0.7788461538461539,
                                        "icat": 0.5392011834319527
                                    },
                                    "test": {
                                        "ss": 0.5384615384615384,
                                        "lms": 0.7307692307692307,
                                        "icat": 0.6745562130177515
                                    },
                                    "dev_count": 156,
                                    "test_count": 156
                                },
                                "profession": {
                                    "dev": {
                                        "ss": 0.5649717514124294,
                                        "lms": 0.7062146892655368,
                                        "icat": 0.6144466787960037
                                    },
                                    "test": {
                                        "ss": 0.6214689265536724,
                                        "lms": 0.6214689265536724,
                                        "icat": 0.4704905997637971
                                    },
                                    "dev_count": 531,
                                    "test_count": 531
                                },
                                "race": {
                                    "dev": {
                                        "ss": 0.3826086956521739,
                                        "lms": 0.7282608695652174,
                                        "icat": 0.5572778827977316
                                    },
                                    "test": {
                                        "ss": 0.44155844155844154,
                                        "lms": 0.6688311688311688,
                                        "icat": 0.5906560971496035
                                    },
                                    "dev_count": 690,
                                    "test_count": 693
                                },
                                "religion": {
                                    "dev": {
                                        "ss": 0.6666666666666666,
                                        "lms": 0.7,
                                        "icat": 0.4666666666666667
                                    },
                                    "test": {
                                        "ss": 0.5,
                                        "lms": 0.75,
                                        "icat": 0.75
                                    },
                                    "dev_count": 45,
                                    "test_count": 48
                                },
                                "dev_criterion_score": -0.5851528384279476,
                                "test_criterion_score": -0.6026200873362445
                            },
                            "model_16": {
                                "best_model": {
                                    "path": "./models/bert-base-cased/full_grad/inp/dynamic/2e-06/64/None/model_16",
                                    "gender": {
                                        "dev": {
                                            "ss": 0.6923076923076923,
                                            "lms": 0.7692307692307693,
                                            "icat": 0.4733727810650888
                                        },
                                        "test": {
                                            "ss": 0.5384615384615384,
                                            "lms": 0.75,
                                            "icat": 0.6923076923076923
                                        },
                                        "dev_count": 156,
                                        "test_count": 156
                                    },
                                    "profession": {
                                        "dev": {
                                            "ss": 0.5875706214689266,
                                            "lms": 0.7740112994350282,
                                            "icat": 0.6384499984040345
                                        },
                                        "test": {
                                            "ss": 0.6271186440677966,
                                            "lms": 0.7033898305084746,
                                            "icat": 0.5245619074978455
                                        },
                                        "dev_count": 531,
                                        "test_count": 531
                                    },
                                    "race": {
                                        "dev": {
                                            "ss": 0.41304347826086957,
                                            "lms": 0.7760869565217391,
                                            "icat": 0.6411153119092627
                                        },
                                        "test": {
                                            "ss": 0.4458874458874459,
                                            "lms": 0.7294372294372294,
                                            "icat": 0.6504938063379622
                                        },
                                        "dev_count": 690,
                                        "test_count": 693
                                    },
                                    "religion": {
                                        "dev": {
                                            "ss": 0.7333333333333333,
                                            "lms": 0.7333333333333333,
                                            "icat": 0.3911111111111112
                                        },
                                        "test": {
                                            "ss": 0.5625,
                                            "lms": 0.71875,
                                            "icat": 0.62890625
                                        },
                                        "dev_count": 45,
                                        "test_count": 48
                                    },
                                    "dev_criterion_score": -0.611353711790393,
                                    "test_criterion_score": -0.6069868995633187
                                }
                            },
                            "model_7": {
                                "best_model": {
                                    "path": "./models/bert-base-cased/full_grad/inp/dynamic/2e-06/64/None/model_7",
                                    "gender": {
                                        "dev": {
                                            "ss": 0.6730769230769231,
                                            "lms": 0.7692307692307693,
                                            "icat": 0.5029585798816567
                                        },
                                        "test": {
                                            "ss": 0.5384615384615384,
                                            "lms": 0.7307692307692307,
                                            "icat": 0.6745562130177515
                                        },
                                        "dev_count": 156,
                                        "test_count": 156
                                    },
                                    "profession": {
                                        "dev": {
                                            "ss": 0.5819209039548022,
                                            "lms": 0.7344632768361582,
                                            "icat": 0.6141274857161098
                                        },
                                        "test": {
                                            "ss": 0.6045197740112994,
                                            "lms": 0.6807909604519774,
                                            "icat": 0.5384787257812251
                                        },
                                        "dev_count": 531,
                                        "test_count": 531
                                    },
                                    "race": {
                                        "dev": {
                                            "ss": 0.40869565217391307,
                                            "lms": 0.7456521739130435,
                                            "icat": 0.6094896030245748
                                        },
                                        "test": {
                                            "ss": 0.4588744588744589,
                                            "lms": 0.7034632034632035,
                                            "icat": 0.6456025936545418
                                        },
                                        "dev_count": 690,
                                        "test_count": 693
                                    },
                                    "religion": {
                                        "dev": {
                                            "ss": 0.7333333333333333,
                                            "lms": 0.7333333333333333,
                                            "icat": 0.3911111111111112
                                        },
                                        "test": {
                                            "ss": 0.5,
                                            "lms": 0.71875,
                                            "icat": 0.71875
                                        },
                                        "dev_count": 45,
                                        "test_count": 48
                                    },
                                    "dev_criterion_score": -0.6026200873362445,
                                    "test_criterion_score": -0.5895196506550219
                                }
                            },
                            "model_6": {
                                "best_model": {
                                    "path": "./models/bert-base-cased/full_grad/inp/dynamic/2e-06/64/None/model_6",
                                    "gender": {
                                        "dev": {
                                            "ss": 0.6730769230769231,
                                            "lms": 0.7692307692307693,
                                            "icat": 0.5029585798816567
                                        },
                                        "test": {
                                            "ss": 0.5384615384615384,
                                            "lms": 0.7307692307692307,
                                            "icat": 0.6745562130177515
                                        },
                                        "dev_count": 156,
                                        "test_count": 156
                                    },
                                    "profession": {
                                        "dev": {
                                            "ss": 0.5875706214689266,
                                            "lms": 0.7401129943502824,
                                            "icat": 0.6104886846053177
                                        },
                                        "test": {
                                            "ss": 0.6045197740112994,
                                            "lms": 0.6864406779661016,
                                            "icat": 0.5429474288997415
                                        },
                                        "dev_count": 531,
                                        "test_count": 531
                                    },
                                    "race": {
                                        "dev": {
                                            "ss": 0.41304347826086957,
                                            "lms": 0.7434782608695653,
                                            "icat": 0.6141776937618147
                                        },
                                        "test": {
                                            "ss": 0.4588744588744589,
                                            "lms": 0.7056277056277056,
                                            "icat": 0.6475890631734788
                                        },
                                        "dev_count": 690,
                                        "test_count": 693
                                    },
                                    "religion": {
                                        "dev": {
                                            "ss": 0.7333333333333333,
                                            "lms": 0.7333333333333333,
                                            "icat": 0.3911111111111112
                                        },
                                        "test": {
                                            "ss": 0.5,
                                            "lms": 0.71875,
                                            "icat": 0.71875
                                        },
                                        "dev_count": 45,
                                        "test_count": 48
                                    },
                                    "dev_criterion_score": -0.6069868995633187,
                                    "test_criterion_score": -0.5895196506550219
                                }
                            },
                            "model_3": {
                                "best_model": {
                                    "path": "./models/bert-base-cased/full_grad/inp/dynamic/2e-06/64/None/model_3",
                                    "gender": {
                                        "dev": {
                                            "ss": 0.6923076923076923,
                                            "lms": 0.7596153846153846,
                                            "icat": 0.46745562130177515
                                        },
                                        "test": {
                                            "ss": 0.5384615384615384,
                                            "lms": 0.7307692307692307,
                                            "icat": 0.6745562130177515
                                        },
                                        "dev_count": 156,
                                        "test_count": 156
                                    },
                                    "profession": {
                                        "dev": {
                                            "ss": 0.5932203389830508,
                                            "lms": 0.748587570621469,
                                            "icat": 0.6090203964378053
                                        },
                                        "test": {
                                            "ss": 0.615819209039548,
                                            "lms": 0.6892655367231638,
                                            "icat": 0.5296051581601711
                                        },
                                        "dev_count": 531,
                                        "test_count": 531
                                    },
                                    "race": {
                                        "dev": {
                                            "ss": 0.40869565217391307,
                                            "lms": 0.7695652173913043,
                                            "icat": 0.6290359168241967
                                        },
                                        "test": {
                                            "ss": 0.45454545454545453,
                                            "lms": 0.7207792207792207,
                                            "icat": 0.6552538370720188
                                        },
                                        "dev_count": 690,
                                        "test_count": 693
                                    },
                                    "religion": {
                                        "dev": {
                                            "ss": 0.7333333333333333,
                                            "lms": 0.7333333333333333,
                                            "icat": 0.3911111111111112
                                        },
                                        "test": {
                                            "ss": 0.5625,
                                            "lms": 0.71875,
                                            "icat": 0.62890625
                                        },
                                        "dev_count": 45,
                                        "test_count": 48
                                    },
                                    "dev_criterion_score": -0.6157205240174672,
                                    "test_criterion_score": -0.5982532751091703
                                }
                            },
                            "model_8": {
                                "best_model": {
                                    "path": "./models/bert-base-cased/full_grad/inp/dynamic/2e-06/64/None/model_8",
                                    "gender": {
                                        "dev": {
                                            "ss": 0.6730769230769231,
                                            "lms": 0.7692307692307693,
                                            "icat": 0.5029585798816567
                                        },
                                        "test": {
                                            "ss": 0.5384615384615384,
                                            "lms": 0.7307692307692307,
                                            "icat": 0.6745562130177515
                                        },
                                        "dev_count": 156,
                                        "test_count": 156
                                    },
                                    "profession": {
                                        "dev": {
                                            "ss": 0.5875706214689266,
                                            "lms": 0.7288135593220338,
                                            "icat": 0.6011682466724121
                                        },
                                        "test": {
                                            "ss": 0.6045197740112994,
                                            "lms": 0.6779661016949152,
                                            "icat": 0.5362443742219669
                                        },
                                        "dev_count": 531,
                                        "test_count": 531
                                    },
                                    "race": {
                                        "dev": {
                                            "ss": 0.41304347826086957,
                                            "lms": 0.7434782608695653,
                                            "icat": 0.6141776937618147
                                        },
                                        "test": {
                                            "ss": 0.4588744588744589,
                                            "lms": 0.7034632034632035,
                                            "icat": 0.6456025936545418
                                        },
                                        "dev_count": 690,
                                        "test_count": 693
                                    },
                                    "religion": {
                                        "dev": {
                                            "ss": 0.7333333333333333,
                                            "lms": 0.7333333333333333,
                                            "icat": 0.3911111111111112
                                        },
                                        "test": {
                                            "ss": 0.5,
                                            "lms": 0.78125,
                                            "icat": 0.78125
                                        },
                                        "dev_count": 45,
                                        "test_count": 48
                                    },
                                    "dev_criterion_score": -0.6069868995633187,
                                    "test_criterion_score": -0.5895196506550219
                                }
                            },
                            "model_14": {
                                "best_model": {
                                    "path": "./models/bert-base-cased/full_grad/inp/dynamic/2e-06/64/None/model_14",
                                    "gender": {
                                        "dev": {
                                            "ss": 0.6538461538461539,
                                            "lms": 0.7788461538461539,
                                            "icat": 0.5392011834319527
                                        },
                                        "test": {
                                            "ss": 0.5384615384615384,
                                            "lms": 0.7307692307692307,
                                            "icat": 0.6745562130177515
                                        },
                                        "dev_count": 156,
                                        "test_count": 156
                                    },
                                    "profession": {
                                        "dev": {
                                            "ss": 0.576271186440678,
                                            "lms": 0.7062146892655368,
                                            "icat": 0.5984870248013023
                                        },
                                        "test": {
                                            "ss": 0.6271186440677966,
                                            "lms": 0.6271186440677966,
                                            "icat": 0.46768170066072967
                                        },
                                        "dev_count": 531,
                                        "test_count": 531
                                    },
                                    "race": {
                                        "dev": {
                                            "ss": 0.391304347826087,
                                            "lms": 0.7326086956521739,
                                            "icat": 0.5733459357277882
                                        },
                                        "test": {
                                            "ss": 0.4458874458874459,
                                            "lms": 0.6688311688311688,
                                            "icat": 0.5964468432000899
                                        },
                                        "dev_count": 690,
                                        "test_count": 693
                                    },
                                    "religion": {
                                        "dev": {
                                            "ss": 0.6666666666666666,
                                            "lms": 0.7,
                                            "icat": 0.4666666666666667
                                        },
                                        "test": {
                                            "ss": 0.5,
                                            "lms": 0.75,
                                            "icat": 0.75
                                        },
                                        "dev_count": 45,
                                        "test_count": 48
                                    },
                                    "dev_criterion_score": -0.5938864628820961,
                                    "test_criterion_score": -0.6069868995633187
                                }
                            },
                            "model_15": {
                                "best_model": {
                                    "path": "./models/bert-base-cased/full_grad/inp/dynamic/2e-06/64/None/model_15",
                                    "gender": {
                                        "dev": {
                                            "ss": 0.6538461538461539,
                                            "lms": 0.7788461538461539,
                                            "icat": 0.5392011834319527
                                        },
                                        "test": {
                                            "ss": 0.5384615384615384,
                                            "lms": 0.7307692307692307,
                                            "icat": 0.6745562130177515
                                        },
                                        "dev_count": 156,
                                        "test_count": 156
                                    },
                                    "profession": {
                                        "dev": {
                                            "ss": 0.5649717514124294,
                                            "lms": 0.7062146892655368,
                                            "icat": 0.6144466787960037
                                        },
                                        "test": {
                                            "ss": 0.6214689265536724,
                                            "lms": 0.6214689265536724,
                                            "icat": 0.4704905997637971
                                        },
                                        "dev_count": 531,
                                        "test_count": 531
                                    },
                                    "race": {
                                        "dev": {
                                            "ss": 0.3826086956521739,
                                            "lms": 0.7282608695652174,
                                            "icat": 0.5572778827977316
                                        },
                                        "test": {
                                            "ss": 0.44155844155844154,
                                            "lms": 0.6688311688311688,
                                            "icat": 0.5906560971496035
                                        },
                                        "dev_count": 690,
                                        "test_count": 693
                                    },
                                    "religion": {
                                        "dev": {
                                            "ss": 0.6666666666666666,
                                            "lms": 0.7,
                                            "icat": 0.4666666666666667
                                        },
                                        "test": {
                                            "ss": 0.5,
                                            "lms": 0.75,
                                            "icat": 0.75
                                        },
                                        "dev_count": 45,
                                        "test_count": 48
                                    },
                                    "dev_criterion_score": -0.5851528384279476,
                                    "test_criterion_score": -0.6026200873362445
                                }
                            },
                            "model_17": {
                                "best_model": {
                                    "path": "./models/bert-base-cased/full_grad/inp/dynamic/2e-06/64/None/model_17",
                                    "gender": {
                                        "dev": {
                                            "ss": 0.6923076923076923,
                                            "lms": 0.7596153846153846,
                                            "icat": 0.46745562130177515
                                        },
                                        "test": {
                                            "ss": 0.5384615384615384,
                                            "lms": 0.75,
                                            "icat": 0.6923076923076923
                                        },
                                        "dev_count": 156,
                                        "test_count": 156
                                    },
                                    "profession": {
                                        "dev": {
                                            "ss": 0.5819209039548022,
                                            "lms": 0.7598870056497176,
                                            "icat": 0.635385744837052
                                        },
                                        "test": {
                                            "ss": 0.6271186440677966,
                                            "lms": 0.6864406779661016,
                                            "icat": 0.511921861534042
                                        },
                                        "dev_count": 531,
                                        "test_count": 531
                                    },
                                    "race": {
                                        "dev": {
                                            "ss": 0.41739130434782606,
                                            "lms": 0.7717391304347826,
                                            "icat": 0.644234404536862
                                        },
                                        "test": {
                                            "ss": 0.45454545454545453,
                                            "lms": 0.7316017316017316,
                                            "icat": 0.6650924832743014
                                        },
                                        "dev_count": 690,
                                        "test_count": 693
                                    },
                                    "religion": {
                                        "dev": {
                                            "ss": 0.7333333333333333,
                                            "lms": 0.7333333333333333,
                                            "icat": 0.3911111111111112
                                        },
                                        "test": {
                                            "ss": 0.5625,
                                            "lms": 0.71875,
                                            "icat": 0.62890625
                                        },
                                        "dev_count": 45,
                                        "test_count": 48
                                    },
                                    "dev_criterion_score": -0.6069868995633187,
                                    "test_criterion_score": -0.6069868995633187
                                }
                            },
                            "model_5": {
                                "best_model": {
                                    "path": "./models/bert-base-cased/full_grad/inp/dynamic/2e-06/64/None/model_5",
                                    "gender": {
                                        "dev": {
                                            "ss": 0.6923076923076923,
                                            "lms": 0.7692307692307693,
                                            "icat": 0.4733727810650888
                                        },
                                        "test": {
                                            "ss": 0.5384615384615384,
                                            "lms": 0.7307692307692307,
                                            "icat": 0.6745562130177515
                                        },
                                        "dev_count": 156,
                                        "test_count": 156
                                    },
                                    "profession": {
                                        "dev": {
                                            "ss": 0.5988700564971752,
                                            "lms": 0.7429378531073446,
                                            "icat": 0.5960292380861182
                                        },
                                        "test": {
                                            "ss": 0.615819209039548,
                                            "lms": 0.6892655367231638,
                                            "icat": 0.5296051581601711
                                        },
                                        "dev_count": 531,
                                        "test_count": 531
                                    },
                                    "race": {
                                        "dev": {
                                            "ss": 0.40869565217391307,
                                            "lms": 0.758695652173913,
                                            "icat": 0.6201512287334594
                                        },
                                        "test": {
                                            "ss": 0.46320346320346323,
                                            "lms": 0.70995670995671,
                                            "icat": 0.6577088135529695
                                        },
                                        "dev_count": 690,
                                        "test_count": 693
                                    },
                                    "religion": {
                                        "dev": {
                                            "ss": 0.7333333333333333,
                                            "lms": 0.7333333333333333,
                                            "icat": 0.3911111111111112
                                        },
                                        "test": {
                                            "ss": 0.5625,
                                            "lms": 0.75,
                                            "icat": 0.65625
                                        },
                                        "dev_count": 45,
                                        "test_count": 48
                                    },
                                    "dev_criterion_score": -0.6200873362445415,
                                    "test_criterion_score": -0.5982532751091703
                                }
                            },
                            "model_4": {
                                "best_model": {
                                    "path": "./models/bert-base-cased/full_grad/inp/dynamic/2e-06/64/None/model_4",
                                    "gender": {
                                        "dev": {
                                            "ss": 0.6923076923076923,
                                            "lms": 0.7596153846153846,
                                            "icat": 0.46745562130177515
                                        },
                                        "test": {
                                            "ss": 0.5384615384615384,
                                            "lms": 0.7307692307692307,
                                            "icat": 0.6745562130177515
                                        },
                                        "dev_count": 156,
                                        "test_count": 156
                                    },
                                    "profession": {
                                        "dev": {
                                            "ss": 0.6045197740112994,
                                            "lms": 0.7429378531073446,
                                            "icat": 0.5876344600849054
                                        },
                                        "test": {
                                            "ss": 0.615819209039548,
                                            "lms": 0.6864406779661016,
                                            "icat": 0.5274346452168917
                                        },
                                        "dev_count": 531,
                                        "test_count": 531
                                    },
                                    "race": {
                                        "dev": {
                                            "ss": 0.4043478260869565,
                                            "lms": 0.7608695652173914,
                                            "icat": 0.6153119092627599
                                        },
                                        "test": {
                                            "ss": 0.46320346320346323,
                                            "lms": 0.7121212121212122,
                                            "icat": 0.6597140233503871
                                        },
                                        "dev_count": 690,
                                        "test_count": 693
                                    },
                                    "religion": {
                                        "dev": {
                                            "ss": 0.7333333333333333,
                                            "lms": 0.7333333333333333,
                                            "icat": 0.3911111111111112
                                        },
                                        "test": {
                                            "ss": 0.5625,
                                            "lms": 0.71875,
                                            "icat": 0.62890625
                                        },
                                        "dev_count": 45,
                                        "test_count": 48
                                    },
                                    "dev_criterion_score": -0.6244541484716157,
                                    "test_criterion_score": -0.5982532751091703
                                }
                            },
                            "model_10": {
                                "best_model": {
                                    "path": "./models/bert-base-cased/full_grad/inp/dynamic/2e-06/64/None/model_10",
                                    "gender": {
                                        "dev": {
                                            "ss": 0.6730769230769231,
                                            "lms": 0.7692307692307693,
                                            "icat": 0.5029585798816567
                                        },
                                        "test": {
                                            "ss": 0.5384615384615384,
                                            "lms": 0.7211538461538461,
                                            "icat": 0.6656804733727811
                                        },
                                        "dev_count": 156,
                                        "test_count": 156
                                    },
                                    "profession": {
                                        "dev": {
                                            "ss": 0.5819209039548022,
                                            "lms": 0.7175141242937854,
                                            "icat": 0.5999553129688149
                                        },
                                        "test": {
                                            "ss": 0.615819209039548,
                                            "lms": 0.6497175141242938,
                                            "icat": 0.4992179769542597
                                        },
                                        "dev_count": 531,
                                        "test_count": 531
                                    },
                                    "race": {
                                        "dev": {
                                            "ss": 0.4,
                                            "lms": 0.7434782608695653,
                                            "icat": 0.5947826086956522
                                        },
                                        "test": {
                                            "ss": 0.4588744588744589,
                                            "lms": 0.696969696969697,
                                            "icat": 0.6396431850977305
                                        },
                                        "dev_count": 690,
                                        "test_count": 693
                                    },
                                    "religion": {
                                        "dev": {
                                            "ss": 0.7333333333333333,
                                            "lms": 0.7333333333333333,
                                            "icat": 0.3911111111111112
                                        },
                                        "test": {
                                            "ss": 0.5,
                                            "lms": 0.78125,
                                            "icat": 0.78125
                                        },
                                        "dev_count": 45,
                                        "test_count": 48
                                    },
                                    "dev_criterion_score": -0.6026200873362445,
                                    "test_criterion_score": -0.5982532751091703
                                }
                            },
                            "model_1": {
                                "best_model": {
                                    "path": "./models/bert-base-cased/full_grad/inp/dynamic/2e-06/64/None/model_1",
                                    "gender": {
                                        "dev": {
                                            "ss": 0.6923076923076923,
                                            "lms": 0.7692307692307693,
                                            "icat": 0.4733727810650888
                                        },
                                        "test": {
                                            "ss": 0.5384615384615384,
                                            "lms": 0.75,
                                            "icat": 0.6923076923076923
                                        },
                                        "dev_count": 156,
                                        "test_count": 156
                                    },
                                    "profession": {
                                        "dev": {
                                            "ss": 0.5875706214689266,
                                            "lms": 0.7740112994350282,
                                            "icat": 0.6384499984040345
                                        },
                                        "test": {
                                            "ss": 0.6271186440677966,
                                            "lms": 0.7033898305084746,
                                            "icat": 0.5245619074978455
                                        },
                                        "dev_count": 531,
                                        "test_count": 531
                                    },
                                    "race": {
                                        "dev": {
                                            "ss": 0.41304347826086957,
                                            "lms": 0.7760869565217391,
                                            "icat": 0.6411153119092627
                                        },
                                        "test": {
                                            "ss": 0.4458874458874459,
                                            "lms": 0.7294372294372294,
                                            "icat": 0.6504938063379622
                                        },
                                        "dev_count": 690,
                                        "test_count": 693
                                    },
                                    "religion": {
                                        "dev": {
                                            "ss": 0.7333333333333333,
                                            "lms": 0.7333333333333333,
                                            "icat": 0.3911111111111112
                                        },
                                        "test": {
                                            "ss": 0.5625,
                                            "lms": 0.71875,
                                            "icat": 0.62890625
                                        },
                                        "dev_count": 45,
                                        "test_count": 48
                                    },
                                    "dev_criterion_score": -0.611353711790393,
                                    "test_criterion_score": -0.6069868995633187
                                }
                            },
                            "model_20": {
                                "best_model": {
                                    "path": "./models/bert-base-cased/full_grad/inp/dynamic/2e-06/64/None/model_20",
                                    "gender": {
                                        "dev": {
                                            "ss": 0.6923076923076923,
                                            "lms": 0.7692307692307693,
                                            "icat": 0.4733727810650888
                                        },
                                        "test": {
                                            "ss": 0.5384615384615384,
                                            "lms": 0.7307692307692307,
                                            "icat": 0.6745562130177515
                                        },
                                        "dev_count": 156,
                                        "test_count": 156
                                    },
                                    "profession": {
                                        "dev": {
                                            "ss": 0.5988700564971752,
                                            "lms": 0.7429378531073446,
                                            "icat": 0.5960292380861182
                                        },
                                        "test": {
                                            "ss": 0.615819209039548,
                                            "lms": 0.6892655367231638,
                                            "icat": 0.5296051581601711
                                        },
                                        "dev_count": 531,
                                        "test_count": 531
                                    },
                                    "race": {
                                        "dev": {
                                            "ss": 0.40869565217391307,
                                            "lms": 0.758695652173913,
                                            "icat": 0.6201512287334594
                                        },
                                        "test": {
                                            "ss": 0.46320346320346323,
                                            "lms": 0.70995670995671,
                                            "icat": 0.6577088135529695
                                        },
                                        "dev_count": 690,
                                        "test_count": 693
                                    },
                                    "religion": {
                                        "dev": {
                                            "ss": 0.7333333333333333,
                                            "lms": 0.7333333333333333,
                                            "icat": 0.3911111111111112
                                        },
                                        "test": {
                                            "ss": 0.5625,
                                            "lms": 0.75,
                                            "icat": 0.65625
                                        },
                                        "dev_count": 45,
                                        "test_count": 48
                                    },
                                    "dev_criterion_score": -0.6200873362445415,
                                    "test_criterion_score": -0.5982532751091703
                                }
                            },
                            "model_19": {
                                "best_model": {
                                    "path": "./models/bert-base-cased/full_grad/inp/dynamic/2e-06/64/None/model_19",
                                    "gender": {
                                        "dev": {
                                            "ss": 0.6923076923076923,
                                            "lms": 0.7596153846153846,
                                            "icat": 0.46745562130177515
                                        },
                                        "test": {
                                            "ss": 0.5384615384615384,
                                            "lms": 0.7307692307692307,
                                            "icat": 0.6745562130177515
                                        },
                                        "dev_count": 156,
                                        "test_count": 156
                                    },
                                    "profession": {
                                        "dev": {
                                            "ss": 0.6045197740112994,
                                            "lms": 0.7429378531073446,
                                            "icat": 0.5876344600849054
                                        },
                                        "test": {
                                            "ss": 0.615819209039548,
                                            "lms": 0.6864406779661016,
                                            "icat": 0.5274346452168917
                                        },
                                        "dev_count": 531,
                                        "test_count": 531
                                    },
                                    "race": {
                                        "dev": {
                                            "ss": 0.4043478260869565,
                                            "lms": 0.7608695652173914,
                                            "icat": 0.6153119092627599
                                        },
                                        "test": {
                                            "ss": 0.46320346320346323,
                                            "lms": 0.7121212121212122,
                                            "icat": 0.6597140233503871
                                        },
                                        "dev_count": 690,
                                        "test_count": 693
                                    },
                                    "religion": {
                                        "dev": {
                                            "ss": 0.7333333333333333,
                                            "lms": 0.7333333333333333,
                                            "icat": 0.3911111111111112
                                        },
                                        "test": {
                                            "ss": 0.5625,
                                            "lms": 0.71875,
                                            "icat": 0.62890625
                                        },
                                        "dev_count": 45,
                                        "test_count": 48
                                    },
                                    "dev_criterion_score": -0.6244541484716157,
                                    "test_criterion_score": -0.5982532751091703
                                }
                            },
                            "model_9": {
                                "best_model": {
                                    "path": "./models/bert-base-cased/full_grad/inp/dynamic/2e-06/64/None/model_9",
                                    "gender": {
                                        "dev": {
                                            "ss": 0.6730769230769231,
                                            "lms": 0.7692307692307693,
                                            "icat": 0.5029585798816567
                                        },
                                        "test": {
                                            "ss": 0.5384615384615384,
                                            "lms": 0.7307692307692307,
                                            "icat": 0.6745562130177515
                                        },
                                        "dev_count": 156,
                                        "test_count": 156
                                    },
                                    "profession": {
                                        "dev": {
                                            "ss": 0.5819209039548022,
                                            "lms": 0.7175141242937854,
                                            "icat": 0.5999553129688149
                                        },
                                        "test": {
                                            "ss": 0.6101694915254238,
                                            "lms": 0.6610169491525424,
                                            "icat": 0.5153691467968974
                                        },
                                        "dev_count": 531,
                                        "test_count": 531
                                    },
                                    "race": {
                                        "dev": {
                                            "ss": 0.4043478260869565,
                                            "lms": 0.7456521739130435,
                                            "icat": 0.6030056710775047
                                        },
                                        "test": {
                                            "ss": 0.46320346320346323,
                                            "lms": 0.6991341991341992,
                                            "icat": 0.6476827645658815
                                        },
                                        "dev_count": 690,
                                        "test_count": 693
                                    },
                                    "religion": {
                                        "dev": {
                                            "ss": 0.7333333333333333,
                                            "lms": 0.7333333333333333,
                                            "icat": 0.3911111111111112
                                        },
                                        "test": {
                                            "ss": 0.5,
                                            "lms": 0.78125,
                                            "icat": 0.78125
                                        },
                                        "dev_count": 45,
                                        "test_count": 48
                                    },
                                    "dev_criterion_score": -0.6026200873362445,
                                    "test_criterion_score": -0.5938864628820961
                                }
                            },
                            "model_18": {
                                "best_model": {
                                    "path": "./models/bert-base-cased/full_grad/inp/dynamic/2e-06/64/None/model_18",
                                    "gender": {
                                        "dev": {
                                            "ss": 0.6923076923076923,
                                            "lms": 0.7596153846153846,
                                            "icat": 0.46745562130177515
                                        },
                                        "test": {
                                            "ss": 0.5384615384615384,
                                            "lms": 0.7307692307692307,
                                            "icat": 0.6745562130177515
                                        },
                                        "dev_count": 156,
                                        "test_count": 156
                                    },
                                    "profession": {
                                        "dev": {
                                            "ss": 0.5932203389830508,
                                            "lms": 0.748587570621469,
                                            "icat": 0.6090203964378053
                                        },
                                        "test": {
                                            "ss": 0.615819209039548,
                                            "lms": 0.6892655367231638,
                                            "icat": 0.5296051581601711
                                        },
                                        "dev_count": 531,
                                        "test_count": 531
                                    },
                                    "race": {
                                        "dev": {
                                            "ss": 0.40869565217391307,
                                            "lms": 0.7695652173913043,
                                            "icat": 0.6290359168241967
                                        },
                                        "test": {
                                            "ss": 0.45454545454545453,
                                            "lms": 0.7207792207792207,
                                            "icat": 0.6552538370720188
                                        },
                                        "dev_count": 690,
                                        "test_count": 693
                                    },
                                    "religion": {
                                        "dev": {
                                            "ss": 0.7333333333333333,
                                            "lms": 0.7333333333333333,
                                            "icat": 0.3911111111111112
                                        },
                                        "test": {
                                            "ss": 0.5625,
                                            "lms": 0.71875,
                                            "icat": 0.62890625
                                        },
                                        "dev_count": 45,
                                        "test_count": 48
                                    },
                                    "dev_criterion_score": -0.6157205240174672,
                                    "test_criterion_score": -0.5982532751091703
                                }
                            },
                            "model_11": {
                                "best_model": {
                                    "path": "./models/bert-base-cased/full_grad/inp/dynamic/2e-06/64/None/model_11",
                                    "gender": {
                                        "dev": {
                                            "ss": 0.6730769230769231,
                                            "lms": 0.7788461538461539,
                                            "icat": 0.5092455621301775
                                        },
                                        "test": {
                                            "ss": 0.5384615384615384,
                                            "lms": 0.7211538461538461,
                                            "icat": 0.6656804733727811
                                        },
                                        "dev_count": 156,
                                        "test_count": 156
                                    },
                                    "profession": {
                                        "dev": {
                                            "ss": 0.5875706214689266,
                                            "lms": 0.711864406779661,
                                            "icat": 0.5871875897730536
                                        },
                                        "test": {
                                            "ss": 0.6214689265536724,
                                            "lms": 0.6497175141242938,
                                            "icat": 0.49187653611669696
                                        },
                                        "dev_count": 531,
                                        "test_count": 531
                                    },
                                    "race": {
                                        "dev": {
                                            "ss": 0.3826086956521739,
                                            "lms": 0.7369565217391304,
                                            "icat": 0.5639319470699433
                                        },
                                        "test": {
                                            "ss": 0.4458874458874459,
                                            "lms": 0.6904761904761905,
                                            "icat": 0.6157493300350443
                                        },
                                        "dev_count": 690,
                                        "test_count": 693
                                    },
                                    "religion": {
                                        "dev": {
                                            "ss": 0.7333333333333333,
                                            "lms": 0.7,
                                            "icat": 0.3733333333333334
                                        },
                                        "test": {
                                            "ss": 0.5,
                                            "lms": 0.78125,
                                            "icat": 0.78125
                                        },
                                        "dev_count": 45,
                                        "test_count": 48
                                    },
                                    "dev_criterion_score": -0.6069868995633187,
                                    "test_criterion_score": -0.6026200873362445
                                }
                            },
                            "model_13": {
                                "best_model": {
                                    "path": "./models/bert-base-cased/full_grad/inp/dynamic/2e-06/64/None/model_13",
                                    "gender": {
                                        "dev": {
                                            "ss": 0.6538461538461539,
                                            "lms": 0.7788461538461539,
                                            "icat": 0.5392011834319527
                                        },
                                        "test": {
                                            "ss": 0.5192307692307693,
                                            "lms": 0.7307692307692307,
                                            "icat": 0.702662721893491
                                        },
                                        "dev_count": 156,
                                        "test_count": 156
                                    },
                                    "profession": {
                                        "dev": {
                                            "ss": 0.576271186440678,
                                            "lms": 0.7062146892655368,
                                            "icat": 0.5984870248013023
                                        },
                                        "test": {
                                            "ss": 0.6214689265536724,
                                            "lms": 0.6440677966101694,
                                            "icat": 0.48759934884611694
                                        },
                                        "dev_count": 531,
                                        "test_count": 531
                                    },
                                    "race": {
                                        "dev": {
                                            "ss": 0.3826086956521739,
                                            "lms": 0.7304347826086957,
                                            "icat": 0.5589413988657845
                                        },
                                        "test": {
                                            "ss": 0.44155844155844154,
                                            "lms": 0.6774891774891775,
                                            "icat": 0.5983021307696632
                                        },
                                        "dev_count": 690,
                                        "test_count": 693
                                    },
                                    "religion": {
                                        "dev": {
                                            "ss": 0.6666666666666666,
                                            "lms": 0.7,
                                            "icat": 0.4666666666666667
                                        },
                                        "test": {
                                            "ss": 0.5,
                                            "lms": 0.75,
                                            "icat": 0.75
                                        },
                                        "dev_count": 45,
                                        "test_count": 48
                                    },
                                    "dev_criterion_score": -0.5938864628820961,
                                    "test_criterion_score": -0.5982532751091703
                                }
                            },
                            "model_2": {
                                "best_model": {
                                    "path": "./models/bert-base-cased/full_grad/inp/dynamic/2e-06/64/None/model_2",
                                    "gender": {
                                        "dev": {
                                            "ss": 0.6923076923076923,
                                            "lms": 0.7596153846153846,
                                            "icat": 0.46745562130177515
                                        },
                                        "test": {
                                            "ss": 0.5384615384615384,
                                            "lms": 0.75,
                                            "icat": 0.6923076923076923
                                        },
                                        "dev_count": 156,
                                        "test_count": 156
                                    },
                                    "profession": {
                                        "dev": {
                                            "ss": 0.5819209039548022,
                                            "lms": 0.7598870056497176,
                                            "icat": 0.635385744837052
                                        },
                                        "test": {
                                            "ss": 0.6271186440677966,
                                            "lms": 0.6864406779661016,
                                            "icat": 0.511921861534042
                                        },
                                        "dev_count": 531,
                                        "test_count": 531
                                    },
                                    "race": {
                                        "dev": {
                                            "ss": 0.41739130434782606,
                                            "lms": 0.7717391304347826,
                                            "icat": 0.644234404536862
                                        },
                                        "test": {
                                            "ss": 0.45454545454545453,
                                            "lms": 0.7316017316017316,
                                            "icat": 0.6650924832743014
                                        },
                                        "dev_count": 690,
                                        "test_count": 693
                                    },
                                    "religion": {
                                        "dev": {
                                            "ss": 0.7333333333333333,
                                            "lms": 0.7333333333333333,
                                            "icat": 0.3911111111111112
                                        },
                                        "test": {
                                            "ss": 0.5625,
                                            "lms": 0.71875,
                                            "icat": 0.62890625
                                        },
                                        "dev_count": 45,
                                        "test_count": 48
                                    },
                                    "dev_criterion_score": -0.6069868995633187,
                                    "test_criterion_score": -0.6069868995633187
                                }
                            },
                            "model_12": {
                                "best_model": {
                                    "path": "./models/bert-base-cased/full_grad/inp/dynamic/2e-06/64/None/model_12",
                                    "gender": {
                                        "dev": {
                                            "ss": 0.6538461538461539,
                                            "lms": 0.7788461538461539,
                                            "icat": 0.5392011834319527
                                        },
                                        "test": {
                                            "ss": 0.5384615384615384,
                                            "lms": 0.7211538461538461,
                                            "icat": 0.6656804733727811
                                        },
                                        "dev_count": 156,
                                        "test_count": 156
                                    },
                                    "profession": {
                                        "dev": {
                                            "ss": 0.5706214689265536,
                                            "lms": 0.7090395480225988,
                                            "icat": 0.6088927192058476
                                        },
                                        "test": {
                                            "ss": 0.6214689265536724,
                                            "lms": 0.6440677966101694,
                                            "icat": 0.48759934884611694
                                        },
                                        "dev_count": 531,
                                        "test_count": 531
                                    },
                                    "race": {
                                        "dev": {
                                            "ss": 0.3782608695652174,
                                            "lms": 0.7304347826086957,
                                            "icat": 0.5525897920604914
                                        },
                                        "test": {
                                            "ss": 0.4458874458874459,
                                            "lms": 0.6774891774891775,
                                            "icat": 0.6041678379340717
                                        },
                                        "dev_count": 690,
                                        "test_count": 693
                                    },
                                    "religion": {
                                        "dev": {
                                            "ss": 0.6666666666666666,
                                            "lms": 0.7,
                                            "icat": 0.4666666666666667
                                        },
                                        "test": {
                                            "ss": 0.5,
                                            "lms": 0.75,
                                            "icat": 0.75
                                        },
                                        "dev_count": 45,
                                        "test_count": 48
                                    },
                                    "dev_criterion_score": -0.5895196506550219,
                                    "test_criterion_score": -0.6026200873362445
                                }
                            }
                        }
                    }
                }
            }
        }
    }
}
12/08/2025 08:42:25 - INFO - __main__ - Got all results {
    "./models/bert-base-cased/notall/inp/dynamic/2e-06/64/10000/model_7": {
        "path": "./models/bert-base-cased/notall/inp/dynamic/2e-06/64/10000/model_7",
        "gender": {
            "dev": {
                "ss": 0.6923076923076923,
                "lms": 0.7788461538461539,
                "icat": 0.47928994082840237
            },
            "test": {
                "ss": 0.5384615384615384,
                "lms": 0.7692307692307693,
                "icat": 0.7100591715976332
            },
            "dev_count": 156,
            "test_count": 156
        },
        "profession": {
            "dev": {
                "ss": 0.5819209039548022,
                "lms": 0.7372881355932204,
                "icat": 0.6164895145073256
            },
            "test": {
                "ss": 0.615819209039548,
                "lms": 0.6977401129943502,
                "icat": 0.5361166969900092
            },
            "dev_count": 531,
            "test_count": 531
        },
        "race": {
            "dev": {
                "ss": 0.41304347826086957,
                "lms": 0.7739130434782608,
                "icat": 0.6393194706994328
            },
            "test": {
                "ss": 0.46320346320346323,
                "lms": 0.7229437229437229,
                "icat": 0.6697400723374749
            },
            "dev_count": 690,
            "test_count": 693
        },
        "religion": {
            "dev": {
                "ss": 0.8,
                "lms": 0.7666666666666667,
                "icat": 0.30666666666666664
            },
            "test": {
                "ss": 0.5625,
                "lms": 0.84375,
                "icat": 0.73828125
            },
            "dev_count": 45,
            "test_count": 48
        },
        "dev_criterion_score": -0.6069868995633187,
        "test_criterion_score": -0.5982532751091703
    },
    "./models/bert-base-cased/notall/inp/dynamic/2e-06/64/10000/model_6": {
        "path": "./models/bert-base-cased/notall/inp/dynamic/2e-06/64/10000/model_6",
        "gender": {
            "dev": {
                "ss": 0.6923076923076923,
                "lms": 0.7788461538461539,
                "icat": 0.47928994082840237
            },
            "test": {
                "ss": 0.5576923076923077,
                "lms": 0.7596153846153846,
                "icat": 0.6719674556213017
            },
            "dev_count": 156,
            "test_count": 156
        },
        "profession": {
            "dev": {
                "ss": 0.5932203389830508,
                "lms": 0.7457627118644068,
                "icat": 0.6067222062625682
            },
            "test": {
                "ss": 0.6101694915254238,
                "lms": 0.6977401129943502,
                "icat": 0.5440007660633916
            },
            "dev_count": 531,
            "test_count": 531
        },
        "race": {
            "dev": {
                "ss": 0.4217391304347826,
                "lms": 0.7782608695652173,
                "icat": 0.6564461247637051
            },
            "test": {
                "ss": 0.46320346320346323,
                "lms": 0.7229437229437229,
                "icat": 0.6697400723374749
            },
            "dev_count": 690,
            "test_count": 693
        },
        "religion": {
            "dev": {
                "ss": 0.8,
                "lms": 0.7666666666666667,
                "icat": 0.30666666666666664
            },
            "test": {
                "ss": 0.5625,
                "lms": 0.84375,
                "icat": 0.73828125
            },
            "dev_count": 45,
            "test_count": 48
        },
        "dev_criterion_score": -0.6157205240174672,
        "test_criterion_score": -0.5982532751091703
    },
    "./models/bert-base-cased/notall/inp/dynamic/2e-06/64/10000/model_3": {
        "path": "./models/bert-base-cased/notall/inp/dynamic/2e-06/64/10000/model_3",
        "gender": {
            "dev": {
                "ss": 0.6923076923076923,
                "lms": 0.7692307692307693,
                "icat": 0.4733727810650888
            },
            "test": {
                "ss": 0.5384615384615384,
                "lms": 0.7692307692307693,
                "icat": 0.7100591715976332
            },
            "dev_count": 156,
            "test_count": 156
        },
        "profession": {
            "dev": {
                "ss": 0.5932203389830508,
                "lms": 0.7627118644067796,
                "icat": 0.6205113473139903
            },
            "test": {
                "ss": 0.6045197740112994,
                "lms": 0.7005649717514124,
                "icat": 0.5541191866960324
            },
            "dev_count": 531,
            "test_count": 531
        },
        "race": {
            "dev": {
                "ss": 0.40869565217391307,
                "lms": 0.7934782608695652,
                "icat": 0.6485822306238186
            },
            "test": {
                "ss": 0.45021645021645024,
                "lms": 0.7424242424242424,
                "icat": 0.6685032139577595
            },
            "dev_count": 690,
            "test_count": 693
        },
        "religion": {
            "dev": {
                "ss": 0.7333333333333333,
                "lms": 0.7666666666666667,
                "icat": 0.40888888888888897
            },
            "test": {
                "ss": 0.5625,
                "lms": 0.8125,
                "icat": 0.7109375
            },
            "dev_count": 45,
            "test_count": 48
        },
        "dev_criterion_score": -0.6157205240174672,
        "test_criterion_score": -0.5895196506550219
    },
    "./models/bert-base-cased/notall/inp/dynamic/2e-06/64/10000/model_8": {
        "path": "./models/bert-base-cased/notall/inp/dynamic/2e-06/64/10000/model_8",
        "gender": {
            "dev": {
                "ss": 0.6923076923076923,
                "lms": 0.7884615384615384,
                "icat": 0.485207100591716
            },
            "test": {
                "ss": 0.5384615384615384,
                "lms": 0.7692307692307693,
                "icat": 0.7100591715976332
            },
            "dev_count": 156,
            "test_count": 156
        },
        "profession": {
            "dev": {
                "ss": 0.576271186440678,
                "lms": 0.7429378531073446,
                "icat": 0.6296083500909699
            },
            "test": {
                "ss": 0.615819209039548,
                "lms": 0.6864406779661016,
                "icat": 0.5274346452168917
            },
            "dev_count": 531,
            "test_count": 531
        },
        "race": {
            "dev": {
                "ss": 0.41739130434782606,
                "lms": 0.7782608695652173,
                "icat": 0.6496786389413988
            },
            "test": {
                "ss": 0.4675324675324675,
                "lms": 0.7207792207792207,
                "icat": 0.6739753752740765
            },
            "dev_count": 690,
            "test_count": 693
        },
        "religion": {
            "dev": {
                "ss": 0.8,
                "lms": 0.7666666666666667,
                "icat": 0.30666666666666664
            },
            "test": {
                "ss": 0.5625,
                "lms": 0.84375,
                "icat": 0.73828125
            },
            "dev_count": 45,
            "test_count": 48
        },
        "dev_criterion_score": -0.6026200873362445,
        "test_criterion_score": -0.5982532751091703
    },
    "./models/bert-base-cased/notall/inp/dynamic/2e-06/64/10000/model_14": {
        "path": "./models/bert-base-cased/notall/inp/dynamic/2e-06/64/10000/model_14",
        "gender": {
            "dev": {
                "ss": 0.6730769230769231,
                "lms": 0.7692307692307693,
                "icat": 0.5029585798816567
            },
            "test": {
                "ss": 0.5384615384615384,
                "lms": 0.7692307692307693,
                "icat": 0.7100591715976332
            },
            "dev_count": 156,
            "test_count": 156
        },
        "profession": {
            "dev": {
                "ss": 0.5819209039548022,
                "lms": 0.7203389830508474,
                "icat": 0.6023173417600307
            },
            "test": {
                "ss": 0.6214689265536724,
                "lms": 0.6666666666666666,
                "icat": 0.5047080979284368
            },
            "dev_count": 531,
            "test_count": 531
        },
        "race": {
            "dev": {
                "ss": 0.40869565217391307,
                "lms": 0.7630434782608696,
                "icat": 0.6237051039697543
            },
            "test": {
                "ss": 0.45021645021645024,
                "lms": 0.7077922077922078,
                "icat": 0.6373193905661438
            },
            "dev_count": 690,
            "test_count": 693
        },
        "religion": {
            "dev": {
                "ss": 0.8,
                "lms": 0.7333333333333333,
                "icat": 0.2933333333333332
            },
            "test": {
                "ss": 0.5625,
                "lms": 0.8125,
                "icat": 0.7109375
            },
            "dev_count": 45,
            "test_count": 48
        },
        "dev_criterion_score": -0.6026200873362445,
        "test_criterion_score": -0.6026200873362445
    },
    "./models/bert-base-cased/notall/inp/dynamic/2e-06/64/10000/model_15": {
        "path": "./models/bert-base-cased/notall/inp/dynamic/2e-06/64/10000/model_15",
        "gender": {
            "dev": {
                "ss": 0.6538461538461539,
                "lms": 0.7692307692307693,
                "icat": 0.5325443786982249
            },
            "test": {
                "ss": 0.5384615384615384,
                "lms": 0.7692307692307693,
                "icat": 0.7100591715976332
            },
            "dev_count": 156,
            "test_count": 156
        },
        "profession": {
            "dev": {
                "ss": 0.5819209039548022,
                "lms": 0.7203389830508474,
                "icat": 0.6023173417600307
            },
            "test": {
                "ss": 0.6214689265536724,
                "lms": 0.6638418079096046,
                "icat": 0.502569504293147
            },
            "dev_count": 531,
            "test_count": 531
        },
        "race": {
            "dev": {
                "ss": 0.40869565217391307,
                "lms": 0.7565217391304347,
                "icat": 0.618374291115312
            },
            "test": {
                "ss": 0.45021645021645024,
                "lms": 0.7056277056277056,
                "icat": 0.6353704016041678
            },
            "dev_count": 690,
            "test_count": 693
        },
        "religion": {
            "dev": {
                "ss": 0.8,
                "lms": 0.7333333333333333,
                "icat": 0.2933333333333332
            },
            "test": {
                "ss": 0.5625,
                "lms": 0.8125,
                "icat": 0.7109375
            },
            "dev_count": 45,
            "test_count": 48
        },
        "dev_criterion_score": -0.5982532751091703,
        "test_criterion_score": -0.6026200873362445
    },
    "./models/bert-base-cased/notall/inp/dynamic/2e-06/64/10000/model_5": {
        "path": "./models/bert-base-cased/notall/inp/dynamic/2e-06/64/10000/model_5",
        "gender": {
            "dev": {
                "ss": 0.6923076923076923,
                "lms": 0.7692307692307693,
                "icat": 0.4733727810650888
            },
            "test": {
                "ss": 0.5576923076923077,
                "lms": 0.7692307692307693,
                "icat": 0.6804733727810651
            },
            "dev_count": 156,
            "test_count": 156
        },
        "profession": {
            "dev": {
                "ss": 0.5932203389830508,
                "lms": 0.7542372881355932,
                "icat": 0.6136167767882793
            },
            "test": {
                "ss": 0.615819209039548,
                "lms": 0.6949152542372882,
                "icat": 0.5339461840467299
            },
            "dev_count": 531,
            "test_count": 531
        },
        "race": {
            "dev": {
                "ss": 0.41304347826086957,
                "lms": 0.7847826086956522,
                "icat": 0.6482986767485822
            },
            "test": {
                "ss": 0.4588744588744589,
                "lms": 0.7316017316017316,
                "icat": 0.6714266974007234
            },
            "dev_count": 690,
            "test_count": 693
        },
        "religion": {
            "dev": {
                "ss": 0.8,
                "lms": 0.7666666666666667,
                "icat": 0.30666666666666664
            },
            "test": {
                "ss": 0.5625,
                "lms": 0.84375,
                "icat": 0.73828125
            },
            "dev_count": 45,
            "test_count": 48
        },
        "dev_criterion_score": -0.6157205240174672,
        "test_criterion_score": -0.6026200873362445
    },
    "./models/bert-base-cased/notall/inp/dynamic/2e-06/64/10000/model_4": {
        "path": "./models/bert-base-cased/notall/inp/dynamic/2e-06/64/10000/model_4",
        "gender": {
            "dev": {
                "ss": 0.6923076923076923,
                "lms": 0.7692307692307693,
                "icat": 0.4733727810650888
            },
            "test": {
                "ss": 0.5576923076923077,
                "lms": 0.7692307692307693,
                "icat": 0.6804733727810651
            },
            "dev_count": 156,
            "test_count": 156
        },
        "profession": {
            "dev": {
                "ss": 0.5988700564971752,
                "lms": 0.7655367231638418,
                "icat": 0.614159405024099
            },
            "test": {
                "ss": 0.6101694915254238,
                "lms": 0.6977401129943502,
                "icat": 0.5440007660633916
            },
            "dev_count": 531,
            "test_count": 531
        },
        "race": {
            "dev": {
                "ss": 0.40869565217391307,
                "lms": 0.7869565217391304,
                "icat": 0.6432514177693762
            },
            "test": {
                "ss": 0.45454545454545453,
                "lms": 0.7316017316017316,
                "icat": 0.6650924832743014
            },
            "dev_count": 690,
            "test_count": 693
        },
        "religion": {
            "dev": {
                "ss": 0.7333333333333333,
                "lms": 0.7666666666666667,
                "icat": 0.40888888888888897
            },
            "test": {
                "ss": 0.5625,
                "lms": 0.84375,
                "icat": 0.73828125
            },
            "dev_count": 45,
            "test_count": 48
        },
        "dev_criterion_score": -0.6200873362445415,
        "test_criterion_score": -0.5982532751091703
    },
    "./models/bert-base-cased/notall/inp/dynamic/2e-06/64/10000/model_10": {
        "path": "./models/bert-base-cased/notall/inp/dynamic/2e-06/64/10000/model_10",
        "gender": {
            "dev": {
                "ss": 0.6923076923076923,
                "lms": 0.7788461538461539,
                "icat": 0.47928994082840237
            },
            "test": {
                "ss": 0.5384615384615384,
                "lms": 0.7692307692307693,
                "icat": 0.7100591715976332
            },
            "dev_count": 156,
            "test_count": 156
        },
        "profession": {
            "dev": {
                "ss": 0.576271186440678,
                "lms": 0.731638418079096,
                "icat": 0.6200325576941491
            },
            "test": {
                "ss": 0.6214689265536724,
                "lms": 0.6807909604519774,
                "icat": 0.5154010661048868
            },
            "dev_count": 531,
            "test_count": 531
        },
        "race": {
            "dev": {
                "ss": 0.41739130434782606,
                "lms": 0.7695652173913043,
                "icat": 0.6424196597353496
            },
            "test": {
                "ss": 0.4675324675324675,
                "lms": 0.70995670995671,
                "icat": 0.6638556248945859
            },
            "dev_count": 690,
            "test_count": 693
        },
        "religion": {
            "dev": {
                "ss": 0.8,
                "lms": 0.7333333333333333,
                "icat": 0.2933333333333332
            },
            "test": {
                "ss": 0.5625,
                "lms": 0.8125,
                "icat": 0.7109375
            },
            "dev_count": 45,
            "test_count": 48
        },
        "dev_criterion_score": -0.6026200873362445,
        "test_criterion_score": -0.6026200873362445
    },
    "./models/bert-base-cased/notall/inp/dynamic/2e-06/64/10000/model_1": {
        "path": "./models/bert-base-cased/notall/inp/dynamic/2e-06/64/10000/model_1",
        "gender": {
            "dev": {
                "ss": 0.7115384615384616,
                "lms": 0.7980769230769231,
                "icat": 0.4604289940828402
            },
            "test": {
                "ss": 0.5384615384615384,
                "lms": 0.75,
                "icat": 0.6923076923076923
            },
            "dev_count": 156,
            "test_count": 156
        },
        "profession": {
            "dev": {
                "ss": 0.576271186440678,
                "lms": 0.7768361581920904,
                "icat": 0.6583357272814325
            },
            "test": {
                "ss": 0.6214689265536724,
                "lms": 0.7259887005649718,
                "icat": 0.5496185642695266
            },
            "dev_count": 531,
            "test_count": 531
        },
        "race": {
            "dev": {
                "ss": 0.4260869565217391,
                "lms": 0.7913043478260869,
                "icat": 0.6743289224952741
            },
            "test": {
                "ss": 0.45454545454545453,
                "lms": 0.7489177489177489,
                "icat": 0.6808343171979535
            },
            "dev_count": 690,
            "test_count": 693
        },
        "religion": {
            "dev": {
                "ss": 0.7333333333333333,
                "lms": 0.7666666666666667,
                "icat": 0.40888888888888897
            },
            "test": {
                "ss": 0.5625,
                "lms": 0.78125,
                "icat": 0.68359375
            },
            "dev_count": 45,
            "test_count": 48
        },
        "dev_criterion_score": -0.6069868995633187,
        "test_criterion_score": -0.6026200873362445
    },
    "./models/bert-base-cased/notall/inp/dynamic/2e-06/64/10000/model_9": {
        "path": "./models/bert-base-cased/notall/inp/dynamic/2e-06/64/10000/model_9",
        "gender": {
            "dev": {
                "ss": 0.6923076923076923,
                "lms": 0.7884615384615384,
                "icat": 0.485207100591716
            },
            "test": {
                "ss": 0.5384615384615384,
                "lms": 0.7692307692307693,
                "icat": 0.7100591715976332
            },
            "dev_count": 156,
            "test_count": 156
        },
        "profession": {
            "dev": {
                "ss": 0.5649717514124294,
                "lms": 0.731638418079096,
                "icat": 0.6365667592326598
            },
            "test": {
                "ss": 0.615819209039548,
                "lms": 0.6779661016949152,
                "icat": 0.5209231063870535
            },
            "dev_count": 531,
            "test_count": 531
        },
        "race": {
            "dev": {
                "ss": 0.41739130434782606,
                "lms": 0.7760869565217391,
                "icat": 0.6478638941398865
            },
            "test": {
                "ss": 0.4675324675324675,
                "lms": 0.7121212121212122,
                "icat": 0.6658795749704841
            },
            "dev_count": 690,
            "test_count": 693
        },
        "religion": {
            "dev": {
                "ss": 0.8,
                "lms": 0.7333333333333333,
                "icat": 0.2933333333333332
            },
            "test": {
                "ss": 0.5625,
                "lms": 0.8125,
                "icat": 0.7109375
            },
            "dev_count": 45,
            "test_count": 48
        },
        "dev_criterion_score": -0.5938864628820961,
        "test_criterion_score": -0.5982532751091703
    },
    "./models/bert-base-cased/notall/inp/dynamic/2e-06/64/10000/model_11": {
        "path": "./models/bert-base-cased/notall/inp/dynamic/2e-06/64/10000/model_11",
        "gender": {
            "dev": {
                "ss": 0.6730769230769231,
                "lms": 0.7788461538461539,
                "icat": 0.5092455621301775
            },
            "test": {
                "ss": 0.5384615384615384,
                "lms": 0.7692307692307693,
                "icat": 0.7100591715976332
            },
            "dev_count": 156,
            "test_count": 156
        },
        "profession": {
            "dev": {
                "ss": 0.576271186440678,
                "lms": 0.731638418079096,
                "icat": 0.6200325576941491
            },
            "test": {
                "ss": 0.6214689265536724,
                "lms": 0.6751412429378532,
                "icat": 0.5111238788343069
            },
            "dev_count": 531,
            "test_count": 531
        },
        "race": {
            "dev": {
                "ss": 0.41304347826086957,
                "lms": 0.7673913043478261,
                "icat": 0.6339319470699433
            },
            "test": {
                "ss": 0.4588744588744589,
                "lms": 0.7121212121212122,
                "icat": 0.65354847173029
            },
            "dev_count": 690,
            "test_count": 693
        },
        "religion": {
            "dev": {
                "ss": 0.8,
                "lms": 0.7333333333333333,
                "icat": 0.2933333333333332
            },
            "test": {
                "ss": 0.5625,
                "lms": 0.8125,
                "icat": 0.7109375
            },
            "dev_count": 45,
            "test_count": 48
        },
        "dev_criterion_score": -0.5982532751091703,
        "test_criterion_score": -0.6026200873362445
    },
    "./models/bert-base-cased/notall/inp/dynamic/2e-06/64/10000/model_13": {
        "path": "./models/bert-base-cased/notall/inp/dynamic/2e-06/64/10000/model_13",
        "gender": {
            "dev": {
                "ss": 0.6730769230769231,
                "lms": 0.7692307692307693,
                "icat": 0.5029585798816567
            },
            "test": {
                "ss": 0.5384615384615384,
                "lms": 0.7692307692307693,
                "icat": 0.7100591715976332
            },
            "dev_count": 156,
            "test_count": 156
        },
        "profession": {
            "dev": {
                "ss": 0.576271186440678,
                "lms": 0.7231638418079096,
                "icat": 0.6128507133965335
            },
            "test": {
                "ss": 0.6101694915254238,
                "lms": 0.6666666666666666,
                "icat": 0.5197740112994349
            },
            "dev_count": 531,
            "test_count": 531
        },
        "race": {
            "dev": {
                "ss": 0.4043478260869565,
                "lms": 0.7673913043478261,
                "icat": 0.620586011342155
            },
            "test": {
                "ss": 0.45454545454545453,
                "lms": 0.7077922077922078,
                "icat": 0.6434474616292798
            },
            "dev_count": 690,
            "test_count": 693
        },
        "religion": {
            "dev": {
                "ss": 0.8,
                "lms": 0.7333333333333333,
                "icat": 0.2933333333333332
            },
            "test": {
                "ss": 0.5625,
                "lms": 0.8125,
                "icat": 0.7109375
            },
            "dev_count": 45,
            "test_count": 48
        },
        "dev_criterion_score": -0.5982532751091703,
        "test_criterion_score": -0.5938864628820961
    },
    "./models/bert-base-cased/notall/inp/dynamic/2e-06/64/10000/model_2": {
        "path": "./models/bert-base-cased/notall/inp/dynamic/2e-06/64/10000/model_2",
        "gender": {
            "dev": {
                "ss": 0.6923076923076923,
                "lms": 0.7980769230769231,
                "icat": 0.49112426035502965
            },
            "test": {
                "ss": 0.5384615384615384,
                "lms": 0.7692307692307693,
                "icat": 0.7100591715976332
            },
            "dev_count": 156,
            "test_count": 156
        },
        "profession": {
            "dev": {
                "ss": 0.576271186440678,
                "lms": 0.7711864406779662,
                "icat": 0.6535478310830222
            },
            "test": {
                "ss": 0.615819209039548,
                "lms": 0.7090395480225988,
                "icat": 0.5447987487631268
            },
            "dev_count": 531,
            "test_count": 531
        },
        "race": {
            "dev": {
                "ss": 0.4043478260869565,
                "lms": 0.7913043478260869,
                "icat": 0.6399243856332703
            },
            "test": {
                "ss": 0.45021645021645024,
                "lms": 0.7402597402597403,
                "icat": 0.6665542249957835
            },
            "dev_count": 690,
            "test_count": 693
        },
        "religion": {
            "dev": {
                "ss": 0.7333333333333333,
                "lms": 0.8,
                "icat": 0.42666666666666675
            },
            "test": {
                "ss": 0.5625,
                "lms": 0.78125,
                "icat": 0.68359375
            },
            "dev_count": 45,
            "test_count": 48
        },
        "dev_criterion_score": -0.6026200873362445,
        "test_criterion_score": -0.5982532751091703
    },
    "./models/bert-base-cased/notall/inp/dynamic/2e-06/64/10000/model_12": {
        "path": "./models/bert-base-cased/notall/inp/dynamic/2e-06/64/10000/model_12",
        "gender": {
            "dev": {
                "ss": 0.6730769230769231,
                "lms": 0.7692307692307693,
                "icat": 0.5029585798816567
            },
            "test": {
                "ss": 0.5384615384615384,
                "lms": 0.7692307692307693,
                "icat": 0.7100591715976332
            },
            "dev_count": 156,
            "test_count": 156
        },
        "profession": {
            "dev": {
                "ss": 0.576271186440678,
                "lms": 0.7259887005649718,
                "icat": 0.6152446614957388
            },
            "test": {
                "ss": 0.615819209039548,
                "lms": 0.6694915254237288,
                "icat": 0.5144115675572154
            },
            "dev_count": 531,
            "test_count": 531
        },
        "race": {
            "dev": {
                "ss": 0.40869565217391307,
                "lms": 0.7673913043478261,
                "icat": 0.6272589792060492
            },
            "test": {
                "ss": 0.45454545454545453,
                "lms": 0.70995670995671,
                "icat": 0.6454151908697363
            },
            "dev_count": 690,
            "test_count": 693
        },
        "religion": {
            "dev": {
                "ss": 0.8,
                "lms": 0.7333333333333333,
                "icat": 0.2933333333333332
            },
            "test": {
                "ss": 0.5625,
                "lms": 0.8125,
                "icat": 0.7109375
            },
            "dev_count": 45,
            "test_count": 48
        },
        "dev_criterion_score": -0.5982532751091703,
        "test_criterion_score": -0.5982532751091703
    },
    "./models/bert-base-cased/notall/inp/dynamic/2e-06/64/22000/model_7": {
        "path": "./models/bert-base-cased/notall/inp/dynamic/2e-06/64/22000/model_7",
        "gender": {
            "dev": {
                "ss": 0.6730769230769231,
                "lms": 0.7596153846153846,
                "icat": 0.496671597633136
            },
            "test": {
                "ss": 0.5384615384615384,
                "lms": 0.75,
                "icat": 0.6923076923076923
            },
            "dev_count": 156,
            "test_count": 156
        },
        "profession": {
            "dev": {
                "ss": 0.5875706214689266,
                "lms": 0.7372881355932204,
                "icat": 0.6081585751220914
            },
            "test": {
                "ss": 0.6101694915254238,
                "lms": 0.6836158192090396,
                "icat": 0.5329886048070478
            },
            "dev_count": 531,
            "test_count": 531
        },
        "race": {
            "dev": {
                "ss": 0.41304347826086957,
                "lms": 0.75,
                "icat": 0.6195652173913043
            },
            "test": {
                "ss": 0.45454545454545453,
                "lms": 0.7077922077922078,
                "icat": 0.6434474616292798
            },
            "dev_count": 690,
            "test_count": 693
        },
        "religion": {
            "dev": {
                "ss": 0.7333333333333333,
                "lms": 0.7333333333333333,
                "icat": 0.3911111111111112
            },
            "test": {
                "ss": 0.5625,
                "lms": 0.78125,
                "icat": 0.68359375
            },
            "dev_count": 45,
            "test_count": 48
        },
        "dev_criterion_score": -0.6069868995633187,
        "test_criterion_score": -0.5938864628820961
    },
    "./models/bert-base-cased/notall/inp/dynamic/2e-06/64/22000/model_6": {
        "path": "./models/bert-base-cased/notall/inp/dynamic/2e-06/64/22000/model_6",
        "gender": {
            "dev": {
                "ss": 0.6730769230769231,
                "lms": 0.7596153846153846,
                "icat": 0.496671597633136
            },
            "test": {
                "ss": 0.5384615384615384,
                "lms": 0.75,
                "icat": 0.6923076923076923
            },
            "dev_count": 156,
            "test_count": 156
        },
        "profession": {
            "dev": {
                "ss": 0.5988700564971752,
                "lms": 0.7429378531073446,
                "icat": 0.5960292380861182
            },
            "test": {
                "ss": 0.6101694915254238,
                "lms": 0.6836158192090396,
                "icat": 0.5329886048070478
            },
            "dev_count": 531,
            "test_count": 531
        },
        "race": {
            "dev": {
                "ss": 0.40869565217391307,
                "lms": 0.7521739130434782,
                "icat": 0.614820415879017
            },
            "test": {
                "ss": 0.45454545454545453,
                "lms": 0.7077922077922078,
                "icat": 0.6434474616292798
            },
            "dev_count": 690,
            "test_count": 693
        },
        "religion": {
            "dev": {
                "ss": 0.7333333333333333,
                "lms": 0.7333333333333333,
                "icat": 0.3911111111111112
            },
            "test": {
                "ss": 0.5625,
                "lms": 0.78125,
                "icat": 0.68359375
            },
            "dev_count": 45,
            "test_count": 48
        },
        "dev_criterion_score": -0.6157205240174672,
        "test_criterion_score": -0.5938864628820961
    },
    "./models/bert-base-cased/notall/inp/dynamic/2e-06/64/22000/model_3": {
        "path": "./models/bert-base-cased/notall/inp/dynamic/2e-06/64/22000/model_3",
        "gender": {
            "dev": {
                "ss": 0.6923076923076923,
                "lms": 0.75,
                "icat": 0.46153846153846156
            },
            "test": {
                "ss": 0.5192307692307693,
                "lms": 0.7403846153846154,
                "icat": 0.7119082840236686
            },
            "dev_count": 156,
            "test_count": 156
        },
        "profession": {
            "dev": {
                "ss": 0.6045197740112994,
                "lms": 0.748587570621469,
                "icat": 0.5921031632034218
            },
            "test": {
                "ss": 0.615819209039548,
                "lms": 0.7005649717514124,
                "icat": 0.5382872099332886
            },
            "dev_count": 531,
            "test_count": 531
        },
        "race": {
            "dev": {
                "ss": 0.41304347826086957,
                "lms": 0.7760869565217391,
                "icat": 0.6411153119092627
            },
            "test": {
                "ss": 0.4588744588744589,
                "lms": 0.7207792207792207,
                "icat": 0.661494349806038
            },
            "dev_count": 690,
            "test_count": 693
        },
        "religion": {
            "dev": {
                "ss": 0.7333333333333333,
                "lms": 0.7333333333333333,
                "icat": 0.3911111111111112
            },
            "test": {
                "ss": 0.5625,
                "lms": 0.71875,
                "icat": 0.62890625
            },
            "dev_count": 45,
            "test_count": 48
        },
        "dev_criterion_score": -0.6244541484716157,
        "test_criterion_score": -0.5938864628820961
    },
    "./models/bert-base-cased/notall/inp/dynamic/2e-06/64/22000/model_8": {
        "path": "./models/bert-base-cased/notall/inp/dynamic/2e-06/64/22000/model_8",
        "gender": {
            "dev": {
                "ss": 0.6730769230769231,
                "lms": 0.7692307692307693,
                "icat": 0.5029585798816567
            },
            "test": {
                "ss": 0.5384615384615384,
                "lms": 0.75,
                "icat": 0.6923076923076923
            },
            "dev_count": 156,
            "test_count": 156
        },
        "profession": {
            "dev": {
                "ss": 0.5988700564971752,
                "lms": 0.731638418079096,
                "icat": 0.5869641546171278
            },
            "test": {
                "ss": 0.6101694915254238,
                "lms": 0.6836158192090396,
                "icat": 0.5329886048070478
            },
            "dev_count": 531,
            "test_count": 531
        },
        "race": {
            "dev": {
                "ss": 0.41739130434782606,
                "lms": 0.75,
                "icat": 0.6260869565217391
            },
            "test": {
                "ss": 0.45454545454545453,
                "lms": 0.7077922077922078,
                "icat": 0.6434474616292798
            },
            "dev_count": 690,
            "test_count": 693
        },
        "religion": {
            "dev": {
                "ss": 0.7333333333333333,
                "lms": 0.7333333333333333,
                "icat": 0.3911111111111112
            },
            "test": {
                "ss": 0.5625,
                "lms": 0.78125,
                "icat": 0.68359375
            },
            "dev_count": 45,
            "test_count": 48
        },
        "dev_criterion_score": -0.6157205240174672,
        "test_criterion_score": -0.5938864628820961
    },
    "./models/bert-base-cased/notall/inp/dynamic/2e-06/64/22000/model_14": {
        "path": "./models/bert-base-cased/notall/inp/dynamic/2e-06/64/22000/model_14",
        "gender": {
            "dev": {
                "ss": 0.6730769230769231,
                "lms": 0.7596153846153846,
                "icat": 0.496671597633136
            },
            "test": {
                "ss": 0.5384615384615384,
                "lms": 0.7596153846153846,
                "icat": 0.7011834319526628
            },
            "dev_count": 156,
            "test_count": 156
        },
        "profession": {
            "dev": {
                "ss": 0.5819209039548022,
                "lms": 0.7146892655367232,
                "icat": 0.597593284177599
            },
            "test": {
                "ss": 0.615819209039548,
                "lms": 0.6440677966101694,
                "icat": 0.49487695106770085
            },
            "dev_count": 531,
            "test_count": 531
        },
        "race": {
            "dev": {
                "ss": 0.4043478260869565,
                "lms": 0.7347826086956522,
                "icat": 0.5942155009451796
            },
            "test": {
                "ss": 0.44155844155844154,
                "lms": 0.6753246753246753,
                "icat": 0.5963906223646483
            },
            "dev_count": 690,
            "test_count": 693
        },
        "religion": {
            "dev": {
                "ss": 0.7333333333333333,
                "lms": 0.7333333333333333,
                "icat": 0.3911111111111112
            },
            "test": {
                "ss": 0.5625,
                "lms": 0.8125,
                "icat": 0.7109375
            },
            "dev_count": 45,
            "test_count": 48
        },
        "dev_criterion_score": -0.6026200873362445,
        "test_criterion_score": -0.5982532751091703
    },
    "./models/bert-base-cased/notall/inp/dynamic/2e-06/64/22000/model_15": {
        "path": "./models/bert-base-cased/notall/inp/dynamic/2e-06/64/22000/model_15",
        "gender": {
            "dev": {
                "ss": 0.6730769230769231,
                "lms": 0.7596153846153846,
                "icat": 0.496671597633136
            },
            "test": {
                "ss": 0.5384615384615384,
                "lms": 0.7596153846153846,
                "icat": 0.7011834319526628
            },
            "dev_count": 156,
            "test_count": 156
        },
        "profession": {
            "dev": {
                "ss": 0.5819209039548022,
                "lms": 0.711864406779661,
                "icat": 0.5952312553863832
            },
            "test": {
                "ss": 0.615819209039548,
                "lms": 0.6440677966101694,
                "icat": 0.49487695106770085
            },
            "dev_count": 531,
            "test_count": 531
        },
        "race": {
            "dev": {
                "ss": 0.4043478260869565,
                "lms": 0.7347826086956522,
                "icat": 0.5942155009451796
            },
            "test": {
                "ss": 0.44155844155844154,
                "lms": 0.6731601731601732,
                "icat": 0.5944791139596335
            },
            "dev_count": 690,
            "test_count": 693
        },
        "religion": {
            "dev": {
                "ss": 0.7333333333333333,
                "lms": 0.7333333333333333,
                "icat": 0.3911111111111112
            },
            "test": {
                "ss": 0.5625,
                "lms": 0.8125,
                "icat": 0.7109375
            },
            "dev_count": 45,
            "test_count": 48
        },
        "dev_criterion_score": -0.6026200873362445,
        "test_criterion_score": -0.5982532751091703
    },
    "./models/bert-base-cased/notall/inp/dynamic/2e-06/64/22000/model_5": {
        "path": "./models/bert-base-cased/notall/inp/dynamic/2e-06/64/22000/model_5",
        "gender": {
            "dev": {
                "ss": 0.6923076923076923,
                "lms": 0.75,
                "icat": 0.46153846153846156
            },
            "test": {
                "ss": 0.5384615384615384,
                "lms": 0.75,
                "icat": 0.6923076923076923
            },
            "dev_count": 156,
            "test_count": 156
        },
        "profession": {
            "dev": {
                "ss": 0.5932203389830508,
                "lms": 0.7429378531073446,
                "icat": 0.6044240160873312
            },
            "test": {
                "ss": 0.615819209039548,
                "lms": 0.6864406779661016,
                "icat": 0.5274346452168917
            },
            "dev_count": 531,
            "test_count": 531
        },
        "race": {
            "dev": {
                "ss": 0.40869565217391307,
                "lms": 0.758695652173913,
                "icat": 0.6201512287334594
            },
            "test": {
                "ss": 0.45454545454545453,
                "lms": 0.70995670995671,
                "icat": 0.6454151908697363
            },
            "dev_count": 690,
            "test_count": 693
        },
        "religion": {
            "dev": {
                "ss": 0.7333333333333333,
                "lms": 0.7333333333333333,
                "icat": 0.3911111111111112
            },
            "test": {
                "ss": 0.5625,
                "lms": 0.75,
                "icat": 0.65625
            },
            "dev_count": 45,
            "test_count": 48
        },
        "dev_criterion_score": -0.6157205240174672,
        "test_criterion_score": -0.5982532751091703
    },
    "./models/bert-base-cased/notall/inp/dynamic/2e-06/64/22000/model_4": {
        "path": "./models/bert-base-cased/notall/inp/dynamic/2e-06/64/22000/model_4",
        "gender": {
            "dev": {
                "ss": 0.6923076923076923,
                "lms": 0.75,
                "icat": 0.46153846153846156
            },
            "test": {
                "ss": 0.5384615384615384,
                "lms": 0.7403846153846154,
                "icat": 0.6834319526627219
            },
            "dev_count": 156,
            "test_count": 156
        },
        "profession": {
            "dev": {
                "ss": 0.5988700564971752,
                "lms": 0.7401129943502824,
                "icat": 0.5937629672188706
            },
            "test": {
                "ss": 0.615819209039548,
                "lms": 0.6892655367231638,
                "icat": 0.5296051581601711
            },
            "dev_count": 531,
            "test_count": 531
        },
        "race": {
            "dev": {
                "ss": 0.40869565217391307,
                "lms": 0.7717391304347826,
                "icat": 0.630812854442344
            },
            "test": {
                "ss": 0.4588744588744589,
                "lms": 0.7121212121212122,
                "icat": 0.65354847173029
            },
            "dev_count": 690,
            "test_count": 693
        },
        "religion": {
            "dev": {
                "ss": 0.7333333333333333,
                "lms": 0.7333333333333333,
                "icat": 0.3911111111111112
            },
            "test": {
                "ss": 0.5625,
                "lms": 0.75,
                "icat": 0.65625
            },
            "dev_count": 45,
            "test_count": 48
        },
        "dev_criterion_score": -0.6200873362445415,
        "test_criterion_score": -0.5982532751091703
    },
    "./models/bert-base-cased/notall/inp/dynamic/2e-06/64/22000/model_10": {
        "path": "./models/bert-base-cased/notall/inp/dynamic/2e-06/64/22000/model_10",
        "gender": {
            "dev": {
                "ss": 0.6730769230769231,
                "lms": 0.7692307692307693,
                "icat": 0.5029585798816567
            },
            "test": {
                "ss": 0.5384615384615384,
                "lms": 0.7596153846153846,
                "icat": 0.7011834319526628
            },
            "dev_count": 156,
            "test_count": 156
        },
        "profession": {
            "dev": {
                "ss": 0.5875706214689266,
                "lms": 0.7259887005649718,
                "icat": 0.5988381371891858
            },
            "test": {
                "ss": 0.615819209039548,
                "lms": 0.6666666666666666,
                "icat": 0.512241054613936
            },
            "dev_count": 531,
            "test_count": 531
        },
        "race": {
            "dev": {
                "ss": 0.41304347826086957,
                "lms": 0.7456521739130435,
                "icat": 0.6159735349716446
            },
            "test": {
                "ss": 0.45021645021645024,
                "lms": 0.6948051948051948,
                "icat": 0.6256254567942879
            },
            "dev_count": 690,
            "test_count": 693
        },
        "religion": {
            "dev": {
                "ss": 0.8,
                "lms": 0.7333333333333333,
                "icat": 0.2933333333333332
            },
            "test": {
                "ss": 0.5625,
                "lms": 0.78125,
                "icat": 0.68359375
            },
            "dev_count": 45,
            "test_count": 48
        },
        "dev_criterion_score": -0.6069868995633187,
        "test_criterion_score": -0.5982532751091703
    },
    "./models/bert-base-cased/notall/inp/dynamic/2e-06/64/22000/model_1": {
        "path": "./models/bert-base-cased/notall/inp/dynamic/2e-06/64/22000/model_1",
        "gender": {
            "dev": {
                "ss": 0.7115384615384616,
                "lms": 0.7788461538461539,
                "icat": 0.44933431952662717
            },
            "test": {
                "ss": 0.5384615384615384,
                "lms": 0.75,
                "icat": 0.6923076923076923
            },
            "dev_count": 156,
            "test_count": 156
        },
        "profession": {
            "dev": {
                "ss": 0.5819209039548022,
                "lms": 0.7711864406779662,
                "icat": 0.6448338600019152
            },
            "test": {
                "ss": 0.632768361581921,
                "lms": 0.7090395480225988,
                "icat": 0.5207635098471064
            },
            "dev_count": 531,
            "test_count": 531
        },
        "race": {
            "dev": {
                "ss": 0.40869565217391307,
                "lms": 0.7804347826086957,
                "icat": 0.637920604914934
            },
            "test": {
                "ss": 0.45021645021645024,
                "lms": 0.7316017316017316,
                "icat": 0.6587582691478796
            },
            "dev_count": 690,
            "test_count": 693
        },
        "religion": {
            "dev": {
                "ss": 0.7333333333333333,
                "lms": 0.7666666666666667,
                "icat": 0.40888888888888897
            },
            "test": {
                "ss": 0.5625,
                "lms": 0.71875,
                "icat": 0.62890625
            },
            "dev_count": 45,
            "test_count": 48
        },
        "dev_criterion_score": -0.611353711790393,
        "test_criterion_score": -0.611353711790393
    },
    "./models/bert-base-cased/notall/inp/dynamic/2e-06/64/22000/model_9": {
        "path": "./models/bert-base-cased/notall/inp/dynamic/2e-06/64/22000/model_9",
        "gender": {
            "dev": {
                "ss": 0.6730769230769231,
                "lms": 0.7692307692307693,
                "icat": 0.5029585798816567
            },
            "test": {
                "ss": 0.5384615384615384,
                "lms": 0.7596153846153846,
                "icat": 0.7011834319526628
            },
            "dev_count": 156,
            "test_count": 156
        },
        "profession": {
            "dev": {
                "ss": 0.5932203389830508,
                "lms": 0.7288135593220338,
                "icat": 0.5929330652111462
            },
            "test": {
                "ss": 0.615819209039548,
                "lms": 0.672316384180791,
                "icat": 0.5165820805004948
            },
            "dev_count": 531,
            "test_count": 531
        },
        "race": {
            "dev": {
                "ss": 0.40869565217391307,
                "lms": 0.7478260869565218,
                "icat": 0.6112665406427221
            },
            "test": {
                "ss": 0.45021645021645024,
                "lms": 0.7012987012987013,
                "icat": 0.6314724236802159
            },
            "dev_count": 690,
            "test_count": 693
        },
        "religion": {
            "dev": {
                "ss": 0.7333333333333333,
                "lms": 0.7333333333333333,
                "icat": 0.3911111111111112
            },
            "test": {
                "ss": 0.5625,
                "lms": 0.78125,
                "icat": 0.68359375
            },
            "dev_count": 45,
            "test_count": 48
        },
        "dev_criterion_score": -0.611353711790393,
        "test_criterion_score": -0.5982532751091703
    },
    "./models/bert-base-cased/notall/inp/dynamic/2e-06/64/22000/model_11": {
        "path": "./models/bert-base-cased/notall/inp/dynamic/2e-06/64/22000/model_11",
        "gender": {
            "dev": {
                "ss": 0.6730769230769231,
                "lms": 0.7596153846153846,
                "icat": 0.496671597633136
            },
            "test": {
                "ss": 0.5384615384615384,
                "lms": 0.7596153846153846,
                "icat": 0.7011834319526628
            },
            "dev_count": 156,
            "test_count": 156
        },
        "profession": {
            "dev": {
                "ss": 0.5875706214689266,
                "lms": 0.7231638418079096,
                "icat": 0.5965080277059593
            },
            "test": {
                "ss": 0.615819209039548,
                "lms": 0.6638418079096046,
                "icat": 0.5100705416706567
            },
            "dev_count": 531,
            "test_count": 531
        },
        "race": {
            "dev": {
                "ss": 0.40869565217391307,
                "lms": 0.7434782608695653,
                "icat": 0.6077126654064273
            },
            "test": {
                "ss": 0.45021645021645024,
                "lms": 0.6904761904761905,
                "icat": 0.6217274788703361
            },
            "dev_count": 690,
            "test_count": 693
        },
        "religion": {
            "dev": {
                "ss": 0.8,
                "lms": 0.7333333333333333,
                "icat": 0.2933333333333332
            },
            "test": {
                "ss": 0.5625,
                "lms": 0.78125,
                "icat": 0.68359375
            },
            "dev_count": 45,
            "test_count": 48
        },
        "dev_criterion_score": -0.6069868995633187,
        "test_criterion_score": -0.5982532751091703
    },
    "./models/bert-base-cased/notall/inp/dynamic/2e-06/64/22000/model_13": {
        "path": "./models/bert-base-cased/notall/inp/dynamic/2e-06/64/22000/model_13",
        "gender": {
            "dev": {
                "ss": 0.6730769230769231,
                "lms": 0.7596153846153846,
                "icat": 0.496671597633136
            },
            "test": {
                "ss": 0.5384615384615384,
                "lms": 0.7596153846153846,
                "icat": 0.7011834319526628
            },
            "dev_count": 156,
            "test_count": 156
        },
        "profession": {
            "dev": {
                "ss": 0.5819209039548022,
                "lms": 0.7203389830508474,
                "icat": 0.6023173417600307
            },
            "test": {
                "ss": 0.6101694915254238,
                "lms": 0.6497175141242938,
                "icat": 0.5065594177918222
            },
            "dev_count": 531,
            "test_count": 531
        },
        "race": {
            "dev": {
                "ss": 0.40869565217391307,
                "lms": 0.7347826086956522,
                "icat": 0.6006049149338375
            },
            "test": {
                "ss": 0.44155844155844154,
                "lms": 0.6796536796536796,
                "icat": 0.6002136391746781
            },
            "dev_count": 690,
            "test_count": 693
        },
        "religion": {
            "dev": {
                "ss": 0.7333333333333333,
                "lms": 0.7333333333333333,
                "icat": 0.3911111111111112
            },
            "test": {
                "ss": 0.5625,
                "lms": 0.8125,
                "icat": 0.7109375
            },
            "dev_count": 45,
            "test_count": 48
        },
        "dev_criterion_score": -0.6026200873362445,
        "test_criterion_score": -0.5938864628820961
    },
    "./models/bert-base-cased/notall/inp/dynamic/2e-06/64/22000/model_2": {
        "path": "./models/bert-base-cased/notall/inp/dynamic/2e-06/64/22000/model_2",
        "gender": {
            "dev": {
                "ss": 0.6923076923076923,
                "lms": 0.75,
                "icat": 0.46153846153846156
            },
            "test": {
                "ss": 0.5384615384615384,
                "lms": 0.7596153846153846,
                "icat": 0.7011834319526628
            },
            "dev_count": 156,
            "test_count": 156
        },
        "profession": {
            "dev": {
                "ss": 0.5988700564971752,
                "lms": 0.7542372881355932,
                "icat": 0.6050943215551087
            },
            "test": {
                "ss": 0.632768361581921,
                "lms": 0.6977401129943502,
                "icat": 0.5124644897698617
            },
            "dev_count": 531,
            "test_count": 531
        },
        "race": {
            "dev": {
                "ss": 0.40869565217391307,
                "lms": 0.7782608695652173,
                "icat": 0.6361436672967864
            },
            "test": {
                "ss": 0.4458874458874459,
                "lms": 0.7316017316017316,
                "icat": 0.6524240550214576
            },
            "dev_count": 690,
            "test_count": 693
        },
        "religion": {
            "dev": {
                "ss": 0.7333333333333333,
                "lms": 0.7333333333333333,
                "icat": 0.3911111111111112
            },
            "test": {
                "ss": 0.5625,
                "lms": 0.71875,
                "icat": 0.62890625
            },
            "dev_count": 45,
            "test_count": 48
        },
        "dev_criterion_score": -0.6200873362445415,
        "test_criterion_score": -0.611353711790393
    },
    "./models/bert-base-cased/notall/inp/dynamic/2e-06/64/22000/model_12": {
        "path": "./models/bert-base-cased/notall/inp/dynamic/2e-06/64/22000/model_12",
        "gender": {
            "dev": {
                "ss": 0.6730769230769231,
                "lms": 0.7596153846153846,
                "icat": 0.496671597633136
            },
            "test": {
                "ss": 0.5384615384615384,
                "lms": 0.7596153846153846,
                "icat": 0.7011834319526628
            },
            "dev_count": 156,
            "test_count": 156
        },
        "profession": {
            "dev": {
                "ss": 0.5819209039548022,
                "lms": 0.7231638418079096,
                "icat": 0.6046793705512465
            },
            "test": {
                "ss": 0.6101694915254238,
                "lms": 0.6581920903954802,
                "icat": 0.5131667145456286
            },
            "dev_count": 531,
            "test_count": 531
        },
        "race": {
            "dev": {
                "ss": 0.41304347826086957,
                "lms": 0.7326086956521739,
                "icat": 0.6051984877126654
            },
            "test": {
                "ss": 0.44155844155844154,
                "lms": 0.6861471861471862,
                "icat": 0.6059481643897229
            },
            "dev_count": 690,
            "test_count": 693
        },
        "religion": {
            "dev": {
                "ss": 0.7333333333333333,
                "lms": 0.7333333333333333,
                "icat": 0.3911111111111112
            },
            "test": {
                "ss": 0.5625,
                "lms": 0.8125,
                "icat": 0.7109375
            },
            "dev_count": 45,
            "test_count": 48
        },
        "dev_criterion_score": -0.6026200873362445,
        "test_criterion_score": -0.5938864628820961
    },
    "./models/bert-base-cased/notall/inp/dynamic/2e-06/64/15000/model_7": {
        "path": "./models/bert-base-cased/notall/inp/dynamic/2e-06/64/15000/model_7",
        "gender": {
            "dev": {
                "ss": 0.6730769230769231,
                "lms": 0.7884615384615384,
                "icat": 0.5155325443786981
            },
            "test": {
                "ss": 0.5769230769230769,
                "lms": 0.7692307692307693,
                "icat": 0.6508875739644971
            },
            "dev_count": 156,
            "test_count": 156
        },
        "profession": {
            "dev": {
                "ss": 0.6101694915254238,
                "lms": 0.7570621468926554,
                "icat": 0.5902518433400363
            },
            "test": {
                "ss": 0.6101694915254238,
                "lms": 0.7062146892655368,
                "icat": 0.5506080628171981
            },
            "dev_count": 531,
            "test_count": 531
        },
        "race": {
            "dev": {
                "ss": 0.4043478260869565,
                "lms": 0.7804347826086957,
                "icat": 0.6311342155009452
            },
            "test": {
                "ss": 0.4675324675324675,
                "lms": 0.7251082251082251,
                "icat": 0.6780232754258728
            },
            "dev_count": 690,
            "test_count": 693
        },
        "religion": {
            "dev": {
                "ss": 0.7333333333333333,
                "lms": 0.7333333333333333,
                "icat": 0.3911111111111112
            },
            "test": {
                "ss": 0.5625,
                "lms": 0.78125,
                "icat": 0.68359375
            },
            "dev_count": 45,
            "test_count": 48
        },
        "dev_criterion_score": -0.6244541484716157,
        "test_criterion_score": -0.6026200873362445
    },
    "./models/bert-base-cased/notall/inp/dynamic/2e-06/64/15000/model_6": {
        "path": "./models/bert-base-cased/notall/inp/dynamic/2e-06/64/15000/model_6",
        "gender": {
            "dev": {
                "ss": 0.6923076923076923,
                "lms": 0.7692307692307693,
                "icat": 0.4733727810650888
            },
            "test": {
                "ss": 0.5769230769230769,
                "lms": 0.7692307692307693,
                "icat": 0.6508875739644971
            },
            "dev_count": 156,
            "test_count": 156
        },
        "profession": {
            "dev": {
                "ss": 0.6101694915254238,
                "lms": 0.7542372881355932,
                "icat": 0.5880494110887675
            },
            "test": {
                "ss": 0.6101694915254238,
                "lms": 0.7090395480225988,
                "icat": 0.5528104950684668
            },
            "dev_count": 531,
            "test_count": 531
        },
        "race": {
            "dev": {
                "ss": 0.41739130434782606,
                "lms": 0.7804347826086957,
                "icat": 0.6514933837429111
            },
            "test": {
                "ss": 0.47186147186147187,
                "lms": 0.7186147186147186,
                "icat": 0.6781731976537171
            },
            "dev_count": 690,
            "test_count": 693
        },
        "religion": {
            "dev": {
                "ss": 0.7333333333333333,
                "lms": 0.7333333333333333,
                "icat": 0.3911111111111112
            },
            "test": {
                "ss": 0.5625,
                "lms": 0.78125,
                "icat": 0.68359375
            },
            "dev_count": 45,
            "test_count": 48
        },
        "dev_criterion_score": -0.62882096069869,
        "test_criterion_score": -0.6026200873362445
    },
    "./models/bert-base-cased/notall/inp/dynamic/2e-06/64/15000/model_3": {
        "path": "./models/bert-base-cased/notall/inp/dynamic/2e-06/64/15000/model_3",
        "gender": {
            "dev": {
                "ss": 0.6923076923076923,
                "lms": 0.7788461538461539,
                "icat": 0.47928994082840237
            },
            "test": {
                "ss": 0.5576923076923077,
                "lms": 0.7980769230769231,
                "icat": 0.705991124260355
            },
            "dev_count": 156,
            "test_count": 156
        },
        "profession": {
            "dev": {
                "ss": 0.6101694915254238,
                "lms": 0.768361581920904,
                "icat": 0.5990615723451115
            },
            "test": {
                "ss": 0.6271186440677966,
                "lms": 0.7203389830508474,
                "icat": 0.5372019534616489
            },
            "dev_count": 531,
            "test_count": 531
        },
        "race": {
            "dev": {
                "ss": 0.4043478260869565,
                "lms": 0.7891304347826087,
                "icat": 0.6381663516068052
            },
            "test": {
                "ss": 0.46320346320346323,
                "lms": 0.7380952380952381,
                "icat": 0.6837765409193981
            },
            "dev_count": 690,
            "test_count": 693
        },
        "religion": {
            "dev": {
                "ss": 0.7333333333333333,
                "lms": 0.7333333333333333,
                "icat": 0.3911111111111112
            },
            "test": {
                "ss": 0.5625,
                "lms": 0.78125,
                "icat": 0.68359375
            },
            "dev_count": 45,
            "test_count": 48
        },
        "dev_criterion_score": -0.62882096069869,
        "test_criterion_score": -0.611353711790393
    },
    "./models/bert-base-cased/notall/inp/dynamic/2e-06/64/15000/model_8": {
        "path": "./models/bert-base-cased/notall/inp/dynamic/2e-06/64/15000/model_8",
        "gender": {
            "dev": {
                "ss": 0.6730769230769231,
                "lms": 0.7980769230769231,
                "icat": 0.5218195266272189
            },
            "test": {
                "ss": 0.5576923076923077,
                "lms": 0.7788461538461539,
                "icat": 0.6889792899408284
            },
            "dev_count": 156,
            "test_count": 156
        },
        "profession": {
            "dev": {
                "ss": 0.5875706214689266,
                "lms": 0.7542372881355932,
                "icat": 0.6221392320214497
            },
            "test": {
                "ss": 0.615819209039548,
                "lms": 0.6949152542372882,
                "icat": 0.5339461840467299
            },
            "dev_count": 531,
            "test_count": 531
        },
        "race": {
            "dev": {
                "ss": 0.41739130434782606,
                "lms": 0.7673913043478261,
                "icat": 0.6406049149338374
            },
            "test": {
                "ss": 0.4675324675324675,
                "lms": 0.7164502164502164,
                "icat": 0.6699274751222803
            },
            "dev_count": 690,
            "test_count": 693
        },
        "religion": {
            "dev": {
                "ss": 0.7333333333333333,
                "lms": 0.7333333333333333,
                "icat": 0.3911111111111112
            },
            "test": {
                "ss": 0.5625,
                "lms": 0.8125,
                "icat": 0.7109375
            },
            "dev_count": 45,
            "test_count": 48
        },
        "dev_criterion_score": -0.6069868995633187,
        "test_criterion_score": -0.6026200873362445
    },
    "./models/bert-base-cased/notall/inp/dynamic/2e-06/64/15000/model_14": {
        "path": "./models/bert-base-cased/notall/inp/dynamic/2e-06/64/15000/model_14",
        "gender": {
            "dev": {
                "ss": 0.6538461538461539,
                "lms": 0.7884615384615384,
                "icat": 0.5458579881656804
            },
            "test": {
                "ss": 0.5192307692307693,
                "lms": 0.7596153846153846,
                "icat": 0.7303994082840236
            },
            "dev_count": 156,
            "test_count": 156
        },
        "profession": {
            "dev": {
                "ss": 0.5706214689265536,
                "lms": 0.7203389830508474,
                "icat": 0.6185961888346261
            },
            "test": {
                "ss": 0.6214689265536724,
                "lms": 0.652542372881356,
                "icat": 0.49401512975198697
            },
            "dev_count": 531,
            "test_count": 531
        },
        "race": {
            "dev": {
                "ss": 0.39565217391304347,
                "lms": 0.741304347826087,
                "icat": 0.5865973534971645
            },
            "test": {
                "ss": 0.44155844155844154,
                "lms": 0.6904761904761905,
                "icat": 0.6097711811997526
            },
            "dev_count": 690,
            "test_count": 693
        },
        "religion": {
            "dev": {
                "ss": 0.7333333333333333,
                "lms": 0.7333333333333333,
                "icat": 0.3911111111111112
            },
            "test": {
                "ss": 0.5625,
                "lms": 0.8125,
                "icat": 0.7109375
            },
            "dev_count": 45,
            "test_count": 48
        },
        "dev_criterion_score": -0.5895196506550219,
        "test_criterion_score": -0.5982532751091703
    },
    "./models/bert-base-cased/notall/inp/dynamic/2e-06/64/15000/model_15": {
        "path": "./models/bert-base-cased/notall/inp/dynamic/2e-06/64/15000/model_15",
        "gender": {
            "dev": {
                "ss": 0.6538461538461539,
                "lms": 0.7884615384615384,
                "icat": 0.5458579881656804
            },
            "test": {
                "ss": 0.5192307692307693,
                "lms": 0.7596153846153846,
                "icat": 0.7303994082840236
            },
            "dev_count": 156,
            "test_count": 156
        },
        "profession": {
            "dev": {
                "ss": 0.576271186440678,
                "lms": 0.7259887005649718,
                "icat": 0.6152446614957388
            },
            "test": {
                "ss": 0.6214689265536724,
                "lms": 0.6497175141242938,
                "icat": 0.49187653611669696
            },
            "dev_count": 531,
            "test_count": 531
        },
        "race": {
            "dev": {
                "ss": 0.39565217391304347,
                "lms": 0.7369565217391304,
                "icat": 0.5831568998109641
            },
            "test": {
                "ss": 0.44155844155844154,
                "lms": 0.6883116883116883,
                "icat": 0.6078596727947377
            },
            "dev_count": 690,
            "test_count": 693
        },
        "religion": {
            "dev": {
                "ss": 0.7333333333333333,
                "lms": 0.7333333333333333,
                "icat": 0.3911111111111112
            },
            "test": {
                "ss": 0.5625,
                "lms": 0.8125,
                "icat": 0.7109375
            },
            "dev_count": 45,
            "test_count": 48
        },
        "dev_criterion_score": -0.5938864628820961,
        "test_criterion_score": -0.5982532751091703
    },
    "./models/bert-base-cased/notall/inp/dynamic/2e-06/64/15000/model_5": {
        "path": "./models/bert-base-cased/notall/inp/dynamic/2e-06/64/15000/model_5",
        "gender": {
            "dev": {
                "ss": 0.6923076923076923,
                "lms": 0.7788461538461539,
                "icat": 0.47928994082840237
            },
            "test": {
                "ss": 0.5769230769230769,
                "lms": 0.7692307692307693,
                "icat": 0.6508875739644971
            },
            "dev_count": 156,
            "test_count": 156
        },
        "profession": {
            "dev": {
                "ss": 0.5932203389830508,
                "lms": 0.7570621468926554,
                "icat": 0.6159149669635163
            },
            "test": {
                "ss": 0.5988700564971752,
                "lms": 0.711864406779661,
                "icat": 0.5711002585463947
            },
            "dev_count": 531,
            "test_count": 531
        },
        "race": {
            "dev": {
                "ss": 0.40869565217391307,
                "lms": 0.7869565217391304,
                "icat": 0.6432514177693762
            },
            "test": {
                "ss": 0.46320346320346323,
                "lms": 0.7164502164502164,
                "icat": 0.6637244429452221
            },
            "dev_count": 690,
            "test_count": 693
        },
        "religion": {
            "dev": {
                "ss": 0.7333333333333333,
                "lms": 0.7333333333333333,
                "icat": 0.3911111111111112
            },
            "test": {
                "ss": 0.5625,
                "lms": 0.78125,
                "icat": 0.68359375
            },
            "dev_count": 45,
            "test_count": 48
        },
        "dev_criterion_score": -0.6157205240174672,
        "test_criterion_score": -0.5938864628820961
    },
    "./models/bert-base-cased/notall/inp/dynamic/2e-06/64/15000/model_4": {
        "path": "./models/bert-base-cased/notall/inp/dynamic/2e-06/64/15000/model_4",
        "gender": {
            "dev": {
                "ss": 0.6923076923076923,
                "lms": 0.7788461538461539,
                "icat": 0.47928994082840237
            },
            "test": {
                "ss": 0.5769230769230769,
                "lms": 0.7980769230769231,
                "icat": 0.6752958579881658
            },
            "dev_count": 156,
            "test_count": 156
        },
        "profession": {
            "dev": {
                "ss": 0.6045197740112994,
                "lms": 0.7655367231638418,
                "icat": 0.6055092725589709
            },
            "test": {
                "ss": 0.6101694915254238,
                "lms": 0.711864406779661,
                "icat": 0.5550129273197356
            },
            "dev_count": 531,
            "test_count": 531
        },
        "race": {
            "dev": {
                "ss": 0.4043478260869565,
                "lms": 0.7847826086956522,
                "icat": 0.6346502835538752
            },
            "test": {
                "ss": 0.46320346320346323,
                "lms": 0.7294372294372294,
                "icat": 0.6757557017297278
            },
            "dev_count": 690,
            "test_count": 693
        },
        "religion": {
            "dev": {
                "ss": 0.7333333333333333,
                "lms": 0.7333333333333333,
                "icat": 0.3911111111111112
            },
            "test": {
                "ss": 0.5625,
                "lms": 0.78125,
                "icat": 0.68359375
            },
            "dev_count": 45,
            "test_count": 48
        },
        "dev_criterion_score": -0.6244541484716157,
        "test_criterion_score": -0.6026200873362445
    },
    "./models/bert-base-cased/notall/inp/dynamic/2e-06/64/15000/model_10": {
        "path": "./models/bert-base-cased/notall/inp/dynamic/2e-06/64/15000/model_10",
        "gender": {
            "dev": {
                "ss": 0.6730769230769231,
                "lms": 0.7980769230769231,
                "icat": 0.5218195266272189
            },
            "test": {
                "ss": 0.5384615384615384,
                "lms": 0.7692307692307693,
                "icat": 0.7100591715976332
            },
            "dev_count": 156,
            "test_count": 156
        },
        "profession": {
            "dev": {
                "ss": 0.576271186440678,
                "lms": 0.7259887005649718,
                "icat": 0.6152446614957388
            },
            "test": {
                "ss": 0.615819209039548,
                "lms": 0.6864406779661016,
                "icat": 0.5274346452168917
            },
            "dev_count": 531,
            "test_count": 531
        },
        "race": {
            "dev": {
                "ss": 0.39565217391304347,
                "lms": 0.7565217391304347,
                "icat": 0.5986389413988658
            },
            "test": {
                "ss": 0.45454545454545453,
                "lms": 0.7121212121212122,
                "icat": 0.6473829201101928
            },
            "dev_count": 690,
            "test_count": 693
        },
        "religion": {
            "dev": {
                "ss": 0.8,
                "lms": 0.7333333333333333,
                "icat": 0.2933333333333332
            },
            "test": {
                "ss": 0.5625,
                "lms": 0.8125,
                "icat": 0.7109375
            },
            "dev_count": 45,
            "test_count": 48
        },
        "dev_criterion_score": -0.5982532751091703,
        "test_criterion_score": -0.5982532751091703
    },
    "./models/bert-base-cased/notall/inp/dynamic/2e-06/64/15000/model_1": {
        "path": "./models/bert-base-cased/notall/inp/dynamic/2e-06/64/15000/model_1",
        "gender": {
            "dev": {
                "ss": 0.7115384615384616,
                "lms": 0.7980769230769231,
                "icat": 0.4604289940828402
            },
            "test": {
                "ss": 0.5576923076923077,
                "lms": 0.75,
                "icat": 0.6634615384615384
            },
            "dev_count": 156,
            "test_count": 156
        },
        "profession": {
            "dev": {
                "ss": 0.5932203389830508,
                "lms": 0.768361581920904,
                "icat": 0.6251077276644643
            },
            "test": {
                "ss": 0.632768361581921,
                "lms": 0.731638418079096,
                "icat": 0.5373615500015959
            },
            "dev_count": 531,
            "test_count": 531
        },
        "race": {
            "dev": {
                "ss": 0.41739130434782606,
                "lms": 0.7782608695652173,
                "icat": 0.6496786389413988
            },
            "test": {
                "ss": 0.45454545454545453,
                "lms": 0.7467532467532467,
                "icat": 0.678866587957497
            },
            "dev_count": 690,
            "test_count": 693
        },
        "religion": {
            "dev": {
                "ss": 0.7333333333333333,
                "lms": 0.7666666666666667,
                "icat": 0.40888888888888897
            },
            "test": {
                "ss": 0.5625,
                "lms": 0.71875,
                "icat": 0.62890625
            },
            "dev_count": 45,
            "test_count": 48
        },
        "dev_criterion_score": -0.6200873362445415,
        "test_criterion_score": -0.6157205240174672
    },
    "./models/bert-base-cased/notall/inp/dynamic/2e-06/64/15000/model_9": {
        "path": "./models/bert-base-cased/notall/inp/dynamic/2e-06/64/15000/model_9",
        "gender": {
            "dev": {
                "ss": 0.6730769230769231,
                "lms": 0.7980769230769231,
                "icat": 0.5218195266272189
            },
            "test": {
                "ss": 0.5384615384615384,
                "lms": 0.7596153846153846,
                "icat": 0.7011834319526628
            },
            "dev_count": 156,
            "test_count": 156
        },
        "profession": {
            "dev": {
                "ss": 0.576271186440678,
                "lms": 0.7344632768361582,
                "icat": 0.6224265057933543
            },
            "test": {
                "ss": 0.615819209039548,
                "lms": 0.6892655367231638,
                "icat": 0.5296051581601711
            },
            "dev_count": 531,
            "test_count": 531
        },
        "race": {
            "dev": {
                "ss": 0.39565217391304347,
                "lms": 0.758695652173913,
                "icat": 0.6003591682419659
            },
            "test": {
                "ss": 0.4588744588744589,
                "lms": 0.7142857142857143,
                "icat": 0.655534941249227
            },
            "dev_count": 690,
            "test_count": 693
        },
        "religion": {
            "dev": {
                "ss": 0.7333333333333333,
                "lms": 0.7666666666666667,
                "icat": 0.40888888888888897
            },
            "test": {
                "ss": 0.5625,
                "lms": 0.8125,
                "icat": 0.7109375
            },
            "dev_count": 45,
            "test_count": 48
        },
        "dev_criterion_score": -0.5982532751091703,
        "test_criterion_score": -0.5982532751091703
    },
    "./models/bert-base-cased/notall/inp/dynamic/2e-06/64/15000/model_11": {
        "path": "./models/bert-base-cased/notall/inp/dynamic/2e-06/64/15000/model_11",
        "gender": {
            "dev": {
                "ss": 0.6730769230769231,
                "lms": 0.7884615384615384,
                "icat": 0.5155325443786981
            },
            "test": {
                "ss": 0.5576923076923077,
                "lms": 0.7884615384615384,
                "icat": 0.6974852071005917
            },
            "dev_count": 156,
            "test_count": 156
        },
        "profession": {
            "dev": {
                "ss": 0.5932203389830508,
                "lms": 0.7429378531073446,
                "icat": 0.6044240160873312
            },
            "test": {
                "ss": 0.6271186440677966,
                "lms": 0.6892655367231638,
                "icat": 0.5140285358613426
            },
            "dev_count": 531,
            "test_count": 531
        },
        "race": {
            "dev": {
                "ss": 0.39565217391304347,
                "lms": 0.7630434782608696,
                "icat": 0.6037996219281664
            },
            "test": {
                "ss": 0.46320346320346323,
                "lms": 0.7077922077922078,
                "icat": 0.6557036037555518
            },
            "dev_count": 690,
            "test_count": 693
        },
        "religion": {
            "dev": {
                "ss": 0.7333333333333333,
                "lms": 0.7333333333333333,
                "icat": 0.3911111111111112
            },
            "test": {
                "ss": 0.5625,
                "lms": 0.8125,
                "icat": 0.7109375
            },
            "dev_count": 45,
            "test_count": 48
        },
        "dev_criterion_score": -0.611353711790393,
        "test_criterion_score": -0.611353711790393
    },
    "./models/bert-base-cased/notall/inp/dynamic/2e-06/64/15000/model_13": {
        "path": "./models/bert-base-cased/notall/inp/dynamic/2e-06/64/15000/model_13",
        "gender": {
            "dev": {
                "ss": 0.6730769230769231,
                "lms": 0.7884615384615384,
                "icat": 0.5155325443786981
            },
            "test": {
                "ss": 0.5384615384615384,
                "lms": 0.7596153846153846,
                "icat": 0.7011834319526628
            },
            "dev_count": 156,
            "test_count": 156
        },
        "profession": {
            "dev": {
                "ss": 0.5819209039548022,
                "lms": 0.7288135593220338,
                "icat": 0.6094034281336781
            },
            "test": {
                "ss": 0.6214689265536724,
                "lms": 0.6666666666666666,
                "icat": 0.5047080979284368
            },
            "dev_count": 531,
            "test_count": 531
        },
        "race": {
            "dev": {
                "ss": 0.3869565217391304,
                "lms": 0.75,
                "icat": 0.5804347826086956
            },
            "test": {
                "ss": 0.45021645021645024,
                "lms": 0.6991341991341992,
                "icat": 0.62952343471824
            },
            "dev_count": 690,
            "test_count": 693
        },
        "religion": {
            "dev": {
                "ss": 0.7333333333333333,
                "lms": 0.7333333333333333,
                "icat": 0.3911111111111112
            },
            "test": {
                "ss": 0.5625,
                "lms": 0.8125,
                "icat": 0.7109375
            },
            "dev_count": 45,
            "test_count": 48
        },
        "dev_criterion_score": -0.6026200873362445,
        "test_criterion_score": -0.6026200873362445
    },
    "./models/bert-base-cased/notall/inp/dynamic/2e-06/64/15000/model_2": {
        "path": "./models/bert-base-cased/notall/inp/dynamic/2e-06/64/15000/model_2",
        "gender": {
            "dev": {
                "ss": 0.6923076923076923,
                "lms": 0.7692307692307693,
                "icat": 0.4733727810650888
            },
            "test": {
                "ss": 0.5576923076923077,
                "lms": 0.7788461538461539,
                "icat": 0.6889792899408284
            },
            "dev_count": 156,
            "test_count": 156
        },
        "profession": {
            "dev": {
                "ss": 0.6101694915254238,
                "lms": 0.7824858757062146,
                "icat": 0.6100737336014554
            },
            "test": {
                "ss": 0.6214689265536724,
                "lms": 0.7231638418079096,
                "icat": 0.5474799706342366
            },
            "dev_count": 531,
            "test_count": 531
        },
        "race": {
            "dev": {
                "ss": 0.39565217391304347,
                "lms": 0.7891304347826087,
                "icat": 0.6244423440453686
            },
            "test": {
                "ss": 0.4588744588744589,
                "lms": 0.7445887445887446,
                "icat": 0.6833455145143457
            },
            "dev_count": 690,
            "test_count": 693
        },
        "religion": {
            "dev": {
                "ss": 0.7333333333333333,
                "lms": 0.7666666666666667,
                "icat": 0.40888888888888897
            },
            "test": {
                "ss": 0.5625,
                "lms": 0.78125,
                "icat": 0.68359375
            },
            "dev_count": 45,
            "test_count": 48
        },
        "dev_criterion_score": -0.62882096069869,
        "test_criterion_score": -0.6069868995633187
    },
    "./models/bert-base-cased/notall/inp/dynamic/2e-06/64/15000/model_12": {
        "path": "./models/bert-base-cased/notall/inp/dynamic/2e-06/64/15000/model_12",
        "gender": {
            "dev": {
                "ss": 0.6730769230769231,
                "lms": 0.7884615384615384,
                "icat": 0.5155325443786981
            },
            "test": {
                "ss": 0.5192307692307693,
                "lms": 0.7596153846153846,
                "icat": 0.7303994082840236
            },
            "dev_count": 156,
            "test_count": 156
        },
        "profession": {
            "dev": {
                "ss": 0.576271186440678,
                "lms": 0.7372881355932204,
                "icat": 0.6248204538925596
            },
            "test": {
                "ss": 0.6214689265536724,
                "lms": 0.6751412429378532,
                "icat": 0.5111238788343069
            },
            "dev_count": 531,
            "test_count": 531
        },
        "race": {
            "dev": {
                "ss": 0.391304347826087,
                "lms": 0.7478260869565218,
                "icat": 0.5852551984877127
            },
            "test": {
                "ss": 0.4458874458874459,
                "lms": 0.7056277056277056,
                "icat": 0.6292610708195123
            },
            "dev_count": 690,
            "test_count": 693
        },
        "religion": {
            "dev": {
                "ss": 0.7333333333333333,
                "lms": 0.7333333333333333,
                "icat": 0.3911111111111112
            },
            "test": {
                "ss": 0.5625,
                "lms": 0.8125,
                "icat": 0.7109375
            },
            "dev_count": 45,
            "test_count": 48
        },
        "dev_criterion_score": -0.5982532751091703,
        "test_criterion_score": -0.5982532751091703
    },
    "./models/bert-base-cased/notall/inp/dynamic/2e-06/64/3000/model_7": {
        "path": "./models/bert-base-cased/notall/inp/dynamic/2e-06/64/3000/model_7",
        "gender": {
            "dev": {
                "ss": 0.6923076923076923,
                "lms": 0.8461538461538461,
                "icat": 0.5207100591715976
            },
            "test": {
                "ss": 0.5769230769230769,
                "lms": 0.8076923076923077,
                "icat": 0.6834319526627219
            },
            "dev_count": 156,
            "test_count": 156
        },
        "profession": {
            "dev": {
                "ss": 0.5819209039548022,
                "lms": 0.7853107344632768,
                "icat": 0.6566440039579943
            },
            "test": {
                "ss": 0.6497175141242938,
                "lms": 0.7457627118644068,
                "icat": 0.5224552331705449
            },
            "dev_count": 531,
            "test_count": 531
        },
        "race": {
            "dev": {
                "ss": 0.4391304347826087,
                "lms": 0.8108695652173913,
                "icat": 0.7121550094517959
            },
            "test": {
                "ss": 0.46320346320346323,
                "lms": 0.7662337662337663,
                "icat": 0.7098442682858268
            },
            "dev_count": 690,
            "test_count": 693
        },
        "religion": {
            "dev": {
                "ss": 0.8,
                "lms": 0.7666666666666667,
                "icat": 0.30666666666666664
            },
            "test": {
                "ss": 0.5625,
                "lms": 0.875,
                "icat": 0.765625
            },
            "dev_count": 45,
            "test_count": 48
        },
        "dev_criterion_score": -0.6069868995633187,
        "test_criterion_score": -0.6331877729257642
    },
    "./models/bert-base-cased/notall/inp/dynamic/2e-06/64/3000/model_6": {
        "path": "./models/bert-base-cased/notall/inp/dynamic/2e-06/64/3000/model_6",
        "gender": {
            "dev": {
                "ss": 0.6923076923076923,
                "lms": 0.8365384615384616,
                "icat": 0.5147928994082841
            },
            "test": {
                "ss": 0.5769230769230769,
                "lms": 0.8076923076923077,
                "icat": 0.6834319526627219
            },
            "dev_count": 156,
            "test_count": 156
        },
        "profession": {
            "dev": {
                "ss": 0.5819209039548022,
                "lms": 0.7824858757062146,
                "icat": 0.6542819751667784
            },
            "test": {
                "ss": 0.655367231638418,
                "lms": 0.7542372881355932,
                "icat": 0.5198697692234033
            },
            "dev_count": 531,
            "test_count": 531
        },
        "race": {
            "dev": {
                "ss": 0.45217391304347826,
                "lms": 0.8152173913043478,
                "icat": 0.7372400756143667
            },
            "test": {
                "ss": 0.4675324675324675,
                "lms": 0.7662337662337663,
                "icat": 0.7164783268679372
            },
            "dev_count": 690,
            "test_count": 693
        },
        "religion": {
            "dev": {
                "ss": 0.8,
                "lms": 0.7666666666666667,
                "icat": 0.30666666666666664
            },
            "test": {
                "ss": 0.5625,
                "lms": 0.875,
                "icat": 0.765625
            },
            "dev_count": 45,
            "test_count": 48
        },
        "dev_criterion_score": -0.6069868995633187,
        "test_criterion_score": -0.6375545851528385
    },
    "./models/bert-base-cased/notall/inp/dynamic/2e-06/64/3000/model_3": {
        "path": "./models/bert-base-cased/notall/inp/dynamic/2e-06/64/3000/model_3",
        "gender": {
            "dev": {
                "ss": 0.7115384615384616,
                "lms": 0.8365384615384616,
                "icat": 0.48261834319526625
            },
            "test": {
                "ss": 0.5769230769230769,
                "lms": 0.8076923076923077,
                "icat": 0.6834319526627219
            },
            "dev_count": 156,
            "test_count": 156
        },
        "profession": {
            "dev": {
                "ss": 0.5932203389830508,
                "lms": 0.7994350282485876,
                "icat": 0.6503878195920713
            },
            "test": {
                "ss": 0.6610169491525424,
                "lms": 0.7655367231638418,
                "icat": 0.5190079479076893
            },
            "dev_count": 531,
            "test_count": 531
        },
        "race": {
            "dev": {
                "ss": 0.4608695652173913,
                "lms": 0.8260869565217391,
                "icat": 0.7614366729678639
            },
            "test": {
                "ss": 0.46320346320346323,
                "lms": 0.7770562770562771,
                "icat": 0.7198703172729147
            },
            "dev_count": 690,
            "test_count": 693
        },
        "religion": {
            "dev": {
                "ss": 0.8,
                "lms": 0.8333333333333334,
                "icat": 0.33333333333333326
            },
            "test": {
                "ss": 0.5625,
                "lms": 0.84375,
                "icat": 0.73828125
            },
            "dev_count": 45,
            "test_count": 48
        },
        "dev_criterion_score": -0.6200873362445415,
        "test_criterion_score": -0.6419213973799127
    },
    "./models/bert-base-cased/notall/inp/dynamic/2e-06/64/3000/model_8": {
        "path": "./models/bert-base-cased/notall/inp/dynamic/2e-06/64/3000/model_8",
        "gender": {
            "dev": {
                "ss": 0.6923076923076923,
                "lms": 0.8557692307692307,
                "icat": 0.5266272189349113
            },
            "test": {
                "ss": 0.5769230769230769,
                "lms": 0.7980769230769231,
                "icat": 0.6752958579881658
            },
            "dev_count": 156,
            "test_count": 156
        },
        "profession": {
            "dev": {
                "ss": 0.576271186440678,
                "lms": 0.7824858757062146,
                "icat": 0.6631236234798429
            },
            "test": {
                "ss": 0.655367231638418,
                "lms": 0.7429378531073446,
                "icat": 0.512081458073989
            },
            "dev_count": 531,
            "test_count": 531
        },
        "race": {
            "dev": {
                "ss": 0.44782608695652176,
                "lms": 0.8130434782608695,
                "icat": 0.7282041587901702
            },
            "test": {
                "ss": 0.4675324675324675,
                "lms": 0.7662337662337663,
                "icat": 0.7164783268679372
            },
            "dev_count": 690,
            "test_count": 693
        },
        "religion": {
            "dev": {
                "ss": 0.8,
                "lms": 0.7666666666666667,
                "icat": 0.30666666666666664
            },
            "test": {
                "ss": 0.5625,
                "lms": 0.875,
                "icat": 0.765625
            },
            "dev_count": 45,
            "test_count": 48
        },
        "dev_criterion_score": -0.6026200873362445,
        "test_criterion_score": -0.6375545851528385
    },
    "./models/bert-base-cased/notall/inp/dynamic/2e-06/64/3000/model_14": {
        "path": "./models/bert-base-cased/notall/inp/dynamic/2e-06/64/3000/model_14",
        "gender": {
            "dev": {
                "ss": 0.6923076923076923,
                "lms": 0.8269230769230769,
                "icat": 0.5088757396449705
            },
            "test": {
                "ss": 0.5576923076923077,
                "lms": 0.7980769230769231,
                "icat": 0.705991124260355
            },
            "dev_count": 156,
            "test_count": 156
        },
        "profession": {
            "dev": {
                "ss": 0.5932203389830508,
                "lms": 0.7740112994350282,
                "icat": 0.6297041080149383
            },
            "test": {
                "ss": 0.6384180790960452,
                "lms": 0.731638418079096,
                "icat": 0.5290944492323406
            },
            "dev_count": 531,
            "test_count": 531
        },
        "race": {
            "dev": {
                "ss": 0.4260869565217391,
                "lms": 0.7934782608695652,
                "icat": 0.6761814744801512
            },
            "test": {
                "ss": 0.4675324675324675,
                "lms": 0.7489177489177489,
                "icat": 0.7002867262607522
            },
            "dev_count": 690,
            "test_count": 693
        },
        "religion": {
            "dev": {
                "ss": 0.8,
                "lms": 0.7333333333333333,
                "icat": 0.2933333333333332
            },
            "test": {
                "ss": 0.5625,
                "lms": 0.875,
                "icat": 0.765625
            },
            "dev_count": 45,
            "test_count": 48
        },
        "dev_criterion_score": -0.6157205240174672,
        "test_criterion_score": -0.6200873362445415
    },
    "./models/bert-base-cased/notall/inp/dynamic/2e-06/64/3000/model_15": {
        "path": "./models/bert-base-cased/notall/inp/dynamic/2e-06/64/3000/model_15",
        "gender": {
            "dev": {
                "ss": 0.6923076923076923,
                "lms": 0.8269230769230769,
                "icat": 0.5088757396449705
            },
            "test": {
                "ss": 0.5576923076923077,
                "lms": 0.7980769230769231,
                "icat": 0.705991124260355
            },
            "dev_count": 156,
            "test_count": 156
        },
        "profession": {
            "dev": {
                "ss": 0.5932203389830508,
                "lms": 0.7740112994350282,
                "icat": 0.6297041080149383
            },
            "test": {
                "ss": 0.6384180790960452,
                "lms": 0.731638418079096,
                "icat": 0.5290944492323406
            },
            "dev_count": 531,
            "test_count": 531
        },
        "race": {
            "dev": {
                "ss": 0.4260869565217391,
                "lms": 0.7956521739130434,
                "icat": 0.6780340264650283
            },
            "test": {
                "ss": 0.4588744588744589,
                "lms": 0.7489177489177489,
                "icat": 0.6873184535522198
            },
            "dev_count": 690,
            "test_count": 693
        },
        "religion": {
            "dev": {
                "ss": 0.8,
                "lms": 0.7333333333333333,
                "icat": 0.2933333333333332
            },
            "test": {
                "ss": 0.5625,
                "lms": 0.875,
                "icat": 0.765625
            },
            "dev_count": 45,
            "test_count": 48
        },
        "dev_criterion_score": -0.6157205240174672,
        "test_criterion_score": -0.6200873362445415
    },
    "./models/bert-base-cased/notall/inp/dynamic/2e-06/64/3000/model_5": {
        "path": "./models/bert-base-cased/notall/inp/dynamic/2e-06/64/3000/model_5",
        "gender": {
            "dev": {
                "ss": 0.6923076923076923,
                "lms": 0.8461538461538461,
                "icat": 0.5207100591715976
            },
            "test": {
                "ss": 0.5769230769230769,
                "lms": 0.7980769230769231,
                "icat": 0.6752958579881658
            },
            "dev_count": 156,
            "test_count": 156
        },
        "profession": {
            "dev": {
                "ss": 0.5819209039548022,
                "lms": 0.788135593220339,
                "icat": 0.6590060327492101
            },
            "test": {
                "ss": 0.6440677966101694,
                "lms": 0.7570621468926554,
                "icat": 0.5389255960930768
            },
            "dev_count": 531,
            "test_count": 531
        },
        "race": {
            "dev": {
                "ss": 0.45652173913043476,
                "lms": 0.8173913043478261,
                "icat": 0.7463137996219281
            },
            "test": {
                "ss": 0.4675324675324675,
                "lms": 0.7705627705627706,
                "icat": 0.7205262270197335
            },
            "dev_count": 690,
            "test_count": 693
        },
        "religion": {
            "dev": {
                "ss": 0.8,
                "lms": 0.7666666666666667,
                "icat": 0.30666666666666664
            },
            "test": {
                "ss": 0.5625,
                "lms": 0.875,
                "icat": 0.765625
            },
            "dev_count": 45,
            "test_count": 48
        },
        "dev_criterion_score": -0.6069868995633187,
        "test_criterion_score": -0.62882096069869
    },
    "./models/bert-base-cased/notall/inp/dynamic/2e-06/64/3000/model_4": {
        "path": "./models/bert-base-cased/notall/inp/dynamic/2e-06/64/3000/model_4",
        "gender": {
            "dev": {
                "ss": 0.7115384615384616,
                "lms": 0.8365384615384616,
                "icat": 0.48261834319526625
            },
            "test": {
                "ss": 0.5769230769230769,
                "lms": 0.8076923076923077,
                "icat": 0.6834319526627219
            },
            "dev_count": 156,
            "test_count": 156
        },
        "profession": {
            "dev": {
                "ss": 0.5819209039548022,
                "lms": 0.7994350282485876,
                "icat": 0.6684541479140733
            },
            "test": {
                "ss": 0.6610169491525424,
                "lms": 0.7598870056497176,
                "icat": 0.5151776309489611
            },
            "dev_count": 531,
            "test_count": 531
        },
        "race": {
            "dev": {
                "ss": 0.45652173913043476,
                "lms": 0.8239130434782609,
                "icat": 0.7522684310018903
            },
            "test": {
                "ss": 0.4675324675324675,
                "lms": 0.7748917748917749,
                "icat": 0.7245741271715297
            },
            "dev_count": 690,
            "test_count": 693
        },
        "religion": {
            "dev": {
                "ss": 0.8,
                "lms": 0.8333333333333334,
                "icat": 0.33333333333333326
            },
            "test": {
                "ss": 0.5625,
                "lms": 0.84375,
                "icat": 0.73828125
            },
            "dev_count": 45,
            "test_count": 48
        },
        "dev_criterion_score": -0.611353711790393,
        "test_criterion_score": -0.6419213973799127
    },
    "./models/bert-base-cased/notall/inp/dynamic/2e-06/64/3000/model_10": {
        "path": "./models/bert-base-cased/notall/inp/dynamic/2e-06/64/3000/model_10",
        "gender": {
            "dev": {
                "ss": 0.6923076923076923,
                "lms": 0.8557692307692307,
                "icat": 0.5266272189349113
            },
            "test": {
                "ss": 0.5576923076923077,
                "lms": 0.8076923076923077,
                "icat": 0.7144970414201184
            },
            "dev_count": 156,
            "test_count": 156
        },
        "profession": {
            "dev": {
                "ss": 0.576271186440678,
                "lms": 0.7796610169491526,
                "icat": 0.6607296753806378
            },
            "test": {
                "ss": 0.6440677966101694,
                "lms": 0.7429378531073446,
                "icat": 0.5288710140764149
            },
            "dev_count": 531,
            "test_count": 531
        },
        "race": {
            "dev": {
                "ss": 0.4434782608695652,
                "lms": 0.808695652173913,
                "icat": 0.7172778827977315
            },
            "test": {
                "ss": 0.47619047619047616,
                "lms": 0.7619047619047619,
                "icat": 0.7256235827664398
            },
            "dev_count": 690,
            "test_count": 693
        },
        "religion": {
            "dev": {
                "ss": 0.8,
                "lms": 0.7333333333333333,
                "icat": 0.2933333333333332
            },
            "test": {
                "ss": 0.5625,
                "lms": 0.875,
                "icat": 0.765625
            },
            "dev_count": 45,
            "test_count": 48
        },
        "dev_criterion_score": -0.6026200873362445,
        "test_criterion_score": -0.6244541484716157
    },
    "./models/bert-base-cased/notall/inp/dynamic/2e-06/64/3000/model_1": {
        "path": "./models/bert-base-cased/notall/inp/dynamic/2e-06/64/3000/model_1",
        "gender": {
            "dev": {
                "ss": 0.7115384615384616,
                "lms": 0.8461538461538461,
                "icat": 0.4881656804733727
            },
            "test": {
                "ss": 0.5769230769230769,
                "lms": 0.7884615384615384,
                "icat": 0.6671597633136095
            },
            "dev_count": 156,
            "test_count": 156
        },
        "profession": {
            "dev": {
                "ss": 0.5819209039548022,
                "lms": 0.7966101694915254,
                "icat": 0.6660921191228575
            },
            "test": {
                "ss": 0.6384180790960452,
                "lms": 0.7768361581920904,
                "icat": 0.5617798206134891
            },
            "dev_count": 531,
            "test_count": 531
        },
        "race": {
            "dev": {
                "ss": 0.4956521739130435,
                "lms": 0.8195652173913044,
                "icat": 0.8124385633270322
            },
            "test": {
                "ss": 0.4588744588744589,
                "lms": 0.7792207792207793,
                "icat": 0.7151290268173386
            },
            "dev_count": 690,
            "test_count": 693
        },
        "religion": {
            "dev": {
                "ss": 0.7333333333333333,
                "lms": 0.8,
                "icat": 0.42666666666666675
            },
            "test": {
                "ss": 0.5625,
                "lms": 0.8125,
                "icat": 0.7109375
            },
            "dev_count": 45,
            "test_count": 48
        },
        "dev_criterion_score": -0.611353711790393,
        "test_criterion_score": -0.6244541484716157
    },
    "./models/bert-base-cased/notall/inp/dynamic/2e-06/64/3000/model_9": {
        "path": "./models/bert-base-cased/notall/inp/dynamic/2e-06/64/3000/model_9",
        "gender": {
            "dev": {
                "ss": 0.6923076923076923,
                "lms": 0.8557692307692307,
                "icat": 0.5266272189349113
            },
            "test": {
                "ss": 0.5769230769230769,
                "lms": 0.8173076923076923,
                "icat": 0.6915680473372782
            },
            "dev_count": 156,
            "test_count": 156
        },
        "profession": {
            "dev": {
                "ss": 0.5706214689265536,
                "lms": 0.7796610169491526,
                "icat": 0.669539404385713
            },
            "test": {
                "ss": 0.6497175141242938,
                "lms": 0.7372881355932204,
                "icat": 0.516518241884516
            },
            "dev_count": 531,
            "test_count": 531
        },
        "race": {
            "dev": {
                "ss": 0.4434782608695652,
                "lms": 0.8065217391304348,
                "icat": 0.7153497164461248
            },
            "test": {
                "ss": 0.47186147186147187,
                "lms": 0.7640692640692641,
                "icat": 0.7210696950956692
            },
            "dev_count": 690,
            "test_count": 693
        },
        "religion": {
            "dev": {
                "ss": 0.8,
                "lms": 0.7666666666666667,
                "icat": 0.30666666666666664
            },
            "test": {
                "ss": 0.5625,
                "lms": 0.875,
                "icat": 0.765625
            },
            "dev_count": 45,
            "test_count": 48
        },
        "dev_criterion_score": -0.5982532751091703,
        "test_criterion_score": -0.6331877729257642
    },
    "./models/bert-base-cased/notall/inp/dynamic/2e-06/64/3000/model_11": {
        "path": "./models/bert-base-cased/notall/inp/dynamic/2e-06/64/3000/model_11",
        "gender": {
            "dev": {
                "ss": 0.6923076923076923,
                "lms": 0.8461538461538461,
                "icat": 0.5207100591715976
            },
            "test": {
                "ss": 0.5961538461538461,
                "lms": 0.7980769230769231,
                "icat": 0.6446005917159764
            },
            "dev_count": 156,
            "test_count": 156
        },
        "profession": {
            "dev": {
                "ss": 0.5875706214689266,
                "lms": 0.7796610169491526,
                "icat": 0.6431102173704873
            },
            "test": {
                "ss": 0.6384180790960452,
                "lms": 0.731638418079096,
                "icat": 0.5290944492323406
            },
            "dev_count": 531,
            "test_count": 531
        },
        "race": {
            "dev": {
                "ss": 0.43043478260869567,
                "lms": 0.8021739130434783,
                "icat": 0.6905671077504726
            },
            "test": {
                "ss": 0.47186147186147187,
                "lms": 0.7597402597402597,
                "icat": 0.7169843143869118
            },
            "dev_count": 690,
            "test_count": 693
        },
        "religion": {
            "dev": {
                "ss": 0.8,
                "lms": 0.7333333333333333,
                "icat": 0.2933333333333332
            },
            "test": {
                "ss": 0.5625,
                "lms": 0.875,
                "icat": 0.765625
            },
            "dev_count": 45,
            "test_count": 48
        },
        "dev_criterion_score": -0.611353711790393,
        "test_criterion_score": -0.62882096069869
    },
    "./models/bert-base-cased/notall/inp/dynamic/2e-06/64/3000/model_13": {
        "path": "./models/bert-base-cased/notall/inp/dynamic/2e-06/64/3000/model_13",
        "gender": {
            "dev": {
                "ss": 0.6923076923076923,
                "lms": 0.8461538461538461,
                "icat": 0.5207100591715976
            },
            "test": {
                "ss": 0.5769230769230769,
                "lms": 0.7980769230769231,
                "icat": 0.6752958579881658
            },
            "dev_count": 156,
            "test_count": 156
        },
        "profession": {
            "dev": {
                "ss": 0.5988700564971752,
                "lms": 0.7768361581920904,
                "icat": 0.6232244884930894
            },
            "test": {
                "ss": 0.6384180790960452,
                "lms": 0.731638418079096,
                "icat": 0.5290944492323406
            },
            "dev_count": 531,
            "test_count": 531
        },
        "race": {
            "dev": {
                "ss": 0.43043478260869567,
                "lms": 0.7978260869565217,
                "icat": 0.6868241965973535
            },
            "test": {
                "ss": 0.4675324675324675,
                "lms": 0.7510822510822511,
                "icat": 0.7023106763366503
            },
            "dev_count": 690,
            "test_count": 693
        },
        "religion": {
            "dev": {
                "ss": 0.8,
                "lms": 0.7333333333333333,
                "icat": 0.2933333333333332
            },
            "test": {
                "ss": 0.5625,
                "lms": 0.875,
                "icat": 0.765625
            },
            "dev_count": 45,
            "test_count": 48
        },
        "dev_criterion_score": -0.6200873362445415,
        "test_criterion_score": -0.6244541484716157
    },
    "./models/bert-base-cased/notall/inp/dynamic/2e-06/64/3000/model_2": {
        "path": "./models/bert-base-cased/notall/inp/dynamic/2e-06/64/3000/model_2",
        "gender": {
            "dev": {
                "ss": 0.7307692307692307,
                "lms": 0.8461538461538461,
                "icat": 0.455621301775148
            },
            "test": {
                "ss": 0.5769230769230769,
                "lms": 0.7884615384615384,
                "icat": 0.6671597633136095
            },
            "dev_count": 156,
            "test_count": 156
        },
        "profession": {
            "dev": {
                "ss": 0.5932203389830508,
                "lms": 0.7966101694915254,
                "icat": 0.6480896294168342
            },
            "test": {
                "ss": 0.6610169491525424,
                "lms": 0.7627118644067796,
                "icat": 0.5170927894283252
            },
            "dev_count": 531,
            "test_count": 531
        },
        "race": {
            "dev": {
                "ss": 0.4782608695652174,
                "lms": 0.8239130434782609,
                "icat": 0.7880907372400756
            },
            "test": {
                "ss": 0.4588744588744589,
                "lms": 0.7748917748917749,
                "icat": 0.7111560877794644
            },
            "dev_count": 690,
            "test_count": 693
        },
        "religion": {
            "dev": {
                "ss": 0.7333333333333333,
                "lms": 0.8,
                "icat": 0.42666666666666675
            },
            "test": {
                "ss": 0.5625,
                "lms": 0.8125,
                "icat": 0.7109375
            },
            "dev_count": 45,
            "test_count": 48
        },
        "dev_criterion_score": -0.6244541484716157,
        "test_criterion_score": -0.6419213973799127
    },
    "./models/bert-base-cased/notall/inp/dynamic/2e-06/64/3000/model_12": {
        "path": "./models/bert-base-cased/notall/inp/dynamic/2e-06/64/3000/model_12",
        "gender": {
            "dev": {
                "ss": 0.6923076923076923,
                "lms": 0.8461538461538461,
                "icat": 0.5207100591715976
            },
            "test": {
                "ss": 0.5961538461538461,
                "lms": 0.7980769230769231,
                "icat": 0.6446005917159764
            },
            "dev_count": 156,
            "test_count": 156
        },
        "profession": {
            "dev": {
                "ss": 0.5875706214689266,
                "lms": 0.7796610169491526,
                "icat": 0.6431102173704873
            },
            "test": {
                "ss": 0.6384180790960452,
                "lms": 0.731638418079096,
                "icat": 0.5290944492323406
            },
            "dev_count": 531,
            "test_count": 531
        },
        "race": {
            "dev": {
                "ss": 0.43043478260869567,
                "lms": 0.8043478260869565,
                "icat": 0.6924385633270321
            },
            "test": {
                "ss": 0.4675324675324675,
                "lms": 0.7554112554112554,
                "icat": 0.7063585764884466
            },
            "dev_count": 690,
            "test_count": 693
        },
        "religion": {
            "dev": {
                "ss": 0.8,
                "lms": 0.7333333333333333,
                "icat": 0.2933333333333332
            },
            "test": {
                "ss": 0.5625,
                "lms": 0.875,
                "icat": 0.765625
            },
            "dev_count": 45,
            "test_count": 48
        },
        "dev_criterion_score": -0.611353711790393,
        "test_criterion_score": -0.62882096069869
    },
    "./models/bert-base-cased/full_grad/inp/dynamic/2e-06/64/None/model_16": {
        "path": "./models/bert-base-cased/full_grad/inp/dynamic/2e-06/64/None/model_16",
        "gender": {
            "dev": {
                "ss": 0.6923076923076923,
                "lms": 0.7692307692307693,
                "icat": 0.4733727810650888
            },
            "test": {
                "ss": 0.5384615384615384,
                "lms": 0.75,
                "icat": 0.6923076923076923
            },
            "dev_count": 156,
            "test_count": 156
        },
        "profession": {
            "dev": {
                "ss": 0.5875706214689266,
                "lms": 0.7740112994350282,
                "icat": 0.6384499984040345
            },
            "test": {
                "ss": 0.6271186440677966,
                "lms": 0.7033898305084746,
                "icat": 0.5245619074978455
            },
            "dev_count": 531,
            "test_count": 531
        },
        "race": {
            "dev": {
                "ss": 0.41304347826086957,
                "lms": 0.7760869565217391,
                "icat": 0.6411153119092627
            },
            "test": {
                "ss": 0.4458874458874459,
                "lms": 0.7294372294372294,
                "icat": 0.6504938063379622
            },
            "dev_count": 690,
            "test_count": 693
        },
        "religion": {
            "dev": {
                "ss": 0.7333333333333333,
                "lms": 0.7333333333333333,
                "icat": 0.3911111111111112
            },
            "test": {
                "ss": 0.5625,
                "lms": 0.71875,
                "icat": 0.62890625
            },
            "dev_count": 45,
            "test_count": 48
        },
        "dev_criterion_score": -0.611353711790393,
        "test_criterion_score": -0.6069868995633187
    },
    "./models/bert-base-cased/full_grad/inp/dynamic/2e-06/64/None/model_7": {
        "path": "./models/bert-base-cased/full_grad/inp/dynamic/2e-06/64/None/model_7",
        "gender": {
            "dev": {
                "ss": 0.6730769230769231,
                "lms": 0.7692307692307693,
                "icat": 0.5029585798816567
            },
            "test": {
                "ss": 0.5384615384615384,
                "lms": 0.7307692307692307,
                "icat": 0.6745562130177515
            },
            "dev_count": 156,
            "test_count": 156
        },
        "profession": {
            "dev": {
                "ss": 0.5819209039548022,
                "lms": 0.7344632768361582,
                "icat": 0.6141274857161098
            },
            "test": {
                "ss": 0.6045197740112994,
                "lms": 0.6807909604519774,
                "icat": 0.5384787257812251
            },
            "dev_count": 531,
            "test_count": 531
        },
        "race": {
            "dev": {
                "ss": 0.40869565217391307,
                "lms": 0.7456521739130435,
                "icat": 0.6094896030245748
            },
            "test": {
                "ss": 0.4588744588744589,
                "lms": 0.7034632034632035,
                "icat": 0.6456025936545418
            },
            "dev_count": 690,
            "test_count": 693
        },
        "religion": {
            "dev": {
                "ss": 0.7333333333333333,
                "lms": 0.7333333333333333,
                "icat": 0.3911111111111112
            },
            "test": {
                "ss": 0.5,
                "lms": 0.71875,
                "icat": 0.71875
            },
            "dev_count": 45,
            "test_count": 48
        },
        "dev_criterion_score": -0.6026200873362445,
        "test_criterion_score": -0.5895196506550219
    },
    "./models/bert-base-cased/full_grad/inp/dynamic/2e-06/64/None/model_6": {
        "path": "./models/bert-base-cased/full_grad/inp/dynamic/2e-06/64/None/model_6",
        "gender": {
            "dev": {
                "ss": 0.6730769230769231,
                "lms": 0.7692307692307693,
                "icat": 0.5029585798816567
            },
            "test": {
                "ss": 0.5384615384615384,
                "lms": 0.7307692307692307,
                "icat": 0.6745562130177515
            },
            "dev_count": 156,
            "test_count": 156
        },
        "profession": {
            "dev": {
                "ss": 0.5875706214689266,
                "lms": 0.7401129943502824,
                "icat": 0.6104886846053177
            },
            "test": {
                "ss": 0.6045197740112994,
                "lms": 0.6864406779661016,
                "icat": 0.5429474288997415
            },
            "dev_count": 531,
            "test_count": 531
        },
        "race": {
            "dev": {
                "ss": 0.41304347826086957,
                "lms": 0.7434782608695653,
                "icat": 0.6141776937618147
            },
            "test": {
                "ss": 0.4588744588744589,
                "lms": 0.7056277056277056,
                "icat": 0.6475890631734788
            },
            "dev_count": 690,
            "test_count": 693
        },
        "religion": {
            "dev": {
                "ss": 0.7333333333333333,
                "lms": 0.7333333333333333,
                "icat": 0.3911111111111112
            },
            "test": {
                "ss": 0.5,
                "lms": 0.71875,
                "icat": 0.71875
            },
            "dev_count": 45,
            "test_count": 48
        },
        "dev_criterion_score": -0.6069868995633187,
        "test_criterion_score": -0.5895196506550219
    },
    "./models/bert-base-cased/full_grad/inp/dynamic/2e-06/64/None/model_3": {
        "path": "./models/bert-base-cased/full_grad/inp/dynamic/2e-06/64/None/model_3",
        "gender": {
            "dev": {
                "ss": 0.6923076923076923,
                "lms": 0.7596153846153846,
                "icat": 0.46745562130177515
            },
            "test": {
                "ss": 0.5384615384615384,
                "lms": 0.7307692307692307,
                "icat": 0.6745562130177515
            },
            "dev_count": 156,
            "test_count": 156
        },
        "profession": {
            "dev": {
                "ss": 0.5932203389830508,
                "lms": 0.748587570621469,
                "icat": 0.6090203964378053
            },
            "test": {
                "ss": 0.615819209039548,
                "lms": 0.6892655367231638,
                "icat": 0.5296051581601711
            },
            "dev_count": 531,
            "test_count": 531
        },
        "race": {
            "dev": {
                "ss": 0.40869565217391307,
                "lms": 0.7695652173913043,
                "icat": 0.6290359168241967
            },
            "test": {
                "ss": 0.45454545454545453,
                "lms": 0.7207792207792207,
                "icat": 0.6552538370720188
            },
            "dev_count": 690,
            "test_count": 693
        },
        "religion": {
            "dev": {
                "ss": 0.7333333333333333,
                "lms": 0.7333333333333333,
                "icat": 0.3911111111111112
            },
            "test": {
                "ss": 0.5625,
                "lms": 0.71875,
                "icat": 0.62890625
            },
            "dev_count": 45,
            "test_count": 48
        },
        "dev_criterion_score": -0.6157205240174672,
        "test_criterion_score": -0.5982532751091703
    },
    "./models/bert-base-cased/full_grad/inp/dynamic/2e-06/64/None/model_8": {
        "path": "./models/bert-base-cased/full_grad/inp/dynamic/2e-06/64/None/model_8",
        "gender": {
            "dev": {
                "ss": 0.6730769230769231,
                "lms": 0.7692307692307693,
                "icat": 0.5029585798816567
            },
            "test": {
                "ss": 0.5384615384615384,
                "lms": 0.7307692307692307,
                "icat": 0.6745562130177515
            },
            "dev_count": 156,
            "test_count": 156
        },
        "profession": {
            "dev": {
                "ss": 0.5875706214689266,
                "lms": 0.7288135593220338,
                "icat": 0.6011682466724121
            },
            "test": {
                "ss": 0.6045197740112994,
                "lms": 0.6779661016949152,
                "icat": 0.5362443742219669
            },
            "dev_count": 531,
            "test_count": 531
        },
        "race": {
            "dev": {
                "ss": 0.41304347826086957,
                "lms": 0.7434782608695653,
                "icat": 0.6141776937618147
            },
            "test": {
                "ss": 0.4588744588744589,
                "lms": 0.7034632034632035,
                "icat": 0.6456025936545418
            },
            "dev_count": 690,
            "test_count": 693
        },
        "religion": {
            "dev": {
                "ss": 0.7333333333333333,
                "lms": 0.7333333333333333,
                "icat": 0.3911111111111112
            },
            "test": {
                "ss": 0.5,
                "lms": 0.78125,
                "icat": 0.78125
            },
            "dev_count": 45,
            "test_count": 48
        },
        "dev_criterion_score": -0.6069868995633187,
        "test_criterion_score": -0.5895196506550219
    },
    "./models/bert-base-cased/full_grad/inp/dynamic/2e-06/64/None/model_14": {
        "path": "./models/bert-base-cased/full_grad/inp/dynamic/2e-06/64/None/model_14",
        "gender": {
            "dev": {
                "ss": 0.6538461538461539,
                "lms": 0.7788461538461539,
                "icat": 0.5392011834319527
            },
            "test": {
                "ss": 0.5384615384615384,
                "lms": 0.7307692307692307,
                "icat": 0.6745562130177515
            },
            "dev_count": 156,
            "test_count": 156
        },
        "profession": {
            "dev": {
                "ss": 0.576271186440678,
                "lms": 0.7062146892655368,
                "icat": 0.5984870248013023
            },
            "test": {
                "ss": 0.6271186440677966,
                "lms": 0.6271186440677966,
                "icat": 0.46768170066072967
            },
            "dev_count": 531,
            "test_count": 531
        },
        "race": {
            "dev": {
                "ss": 0.391304347826087,
                "lms": 0.7326086956521739,
                "icat": 0.5733459357277882
            },
            "test": {
                "ss": 0.4458874458874459,
                "lms": 0.6688311688311688,
                "icat": 0.5964468432000899
            },
            "dev_count": 690,
            "test_count": 693
        },
        "religion": {
            "dev": {
                "ss": 0.6666666666666666,
                "lms": 0.7,
                "icat": 0.4666666666666667
            },
            "test": {
                "ss": 0.5,
                "lms": 0.75,
                "icat": 0.75
            },
            "dev_count": 45,
            "test_count": 48
        },
        "dev_criterion_score": -0.5938864628820961,
        "test_criterion_score": -0.6069868995633187
    },
    "./models/bert-base-cased/full_grad/inp/dynamic/2e-06/64/None/model_15": {
        "path": "./models/bert-base-cased/full_grad/inp/dynamic/2e-06/64/None/model_15",
        "gender": {
            "dev": {
                "ss": 0.6538461538461539,
                "lms": 0.7788461538461539,
                "icat": 0.5392011834319527
            },
            "test": {
                "ss": 0.5384615384615384,
                "lms": 0.7307692307692307,
                "icat": 0.6745562130177515
            },
            "dev_count": 156,
            "test_count": 156
        },
        "profession": {
            "dev": {
                "ss": 0.5649717514124294,
                "lms": 0.7062146892655368,
                "icat": 0.6144466787960037
            },
            "test": {
                "ss": 0.6214689265536724,
                "lms": 0.6214689265536724,
                "icat": 0.4704905997637971
            },
            "dev_count": 531,
            "test_count": 531
        },
        "race": {
            "dev": {
                "ss": 0.3826086956521739,
                "lms": 0.7282608695652174,
                "icat": 0.5572778827977316
            },
            "test": {
                "ss": 0.44155844155844154,
                "lms": 0.6688311688311688,
                "icat": 0.5906560971496035
            },
            "dev_count": 690,
            "test_count": 693
        },
        "religion": {
            "dev": {
                "ss": 0.6666666666666666,
                "lms": 0.7,
                "icat": 0.4666666666666667
            },
            "test": {
                "ss": 0.5,
                "lms": 0.75,
                "icat": 0.75
            },
            "dev_count": 45,
            "test_count": 48
        },
        "dev_criterion_score": -0.5851528384279476,
        "test_criterion_score": -0.6026200873362445
    },
    "./models/bert-base-cased/full_grad/inp/dynamic/2e-06/64/None/model_17": {
        "path": "./models/bert-base-cased/full_grad/inp/dynamic/2e-06/64/None/model_17",
        "gender": {
            "dev": {
                "ss": 0.6923076923076923,
                "lms": 0.7596153846153846,
                "icat": 0.46745562130177515
            },
            "test": {
                "ss": 0.5384615384615384,
                "lms": 0.75,
                "icat": 0.6923076923076923
            },
            "dev_count": 156,
            "test_count": 156
        },
        "profession": {
            "dev": {
                "ss": 0.5819209039548022,
                "lms": 0.7598870056497176,
                "icat": 0.635385744837052
            },
            "test": {
                "ss": 0.6271186440677966,
                "lms": 0.6864406779661016,
                "icat": 0.511921861534042
            },
            "dev_count": 531,
            "test_count": 531
        },
        "race": {
            "dev": {
                "ss": 0.41739130434782606,
                "lms": 0.7717391304347826,
                "icat": 0.644234404536862
            },
            "test": {
                "ss": 0.45454545454545453,
                "lms": 0.7316017316017316,
                "icat": 0.6650924832743014
            },
            "dev_count": 690,
            "test_count": 693
        },
        "religion": {
            "dev": {
                "ss": 0.7333333333333333,
                "lms": 0.7333333333333333,
                "icat": 0.3911111111111112
            },
            "test": {
                "ss": 0.5625,
                "lms": 0.71875,
                "icat": 0.62890625
            },
            "dev_count": 45,
            "test_count": 48
        },
        "dev_criterion_score": -0.6069868995633187,
        "test_criterion_score": -0.6069868995633187
    },
    "./models/bert-base-cased/full_grad/inp/dynamic/2e-06/64/None/model_5": {
        "path": "./models/bert-base-cased/full_grad/inp/dynamic/2e-06/64/None/model_5",
        "gender": {
            "dev": {
                "ss": 0.6923076923076923,
                "lms": 0.7692307692307693,
                "icat": 0.4733727810650888
            },
            "test": {
                "ss": 0.5384615384615384,
                "lms": 0.7307692307692307,
                "icat": 0.6745562130177515
            },
            "dev_count": 156,
            "test_count": 156
        },
        "profession": {
            "dev": {
                "ss": 0.5988700564971752,
                "lms": 0.7429378531073446,
                "icat": 0.5960292380861182
            },
            "test": {
                "ss": 0.615819209039548,
                "lms": 0.6892655367231638,
                "icat": 0.5296051581601711
            },
            "dev_count": 531,
            "test_count": 531
        },
        "race": {
            "dev": {
                "ss": 0.40869565217391307,
                "lms": 0.758695652173913,
                "icat": 0.6201512287334594
            },
            "test": {
                "ss": 0.46320346320346323,
                "lms": 0.70995670995671,
                "icat": 0.6577088135529695
            },
            "dev_count": 690,
            "test_count": 693
        },
        "religion": {
            "dev": {
                "ss": 0.7333333333333333,
                "lms": 0.7333333333333333,
                "icat": 0.3911111111111112
            },
            "test": {
                "ss": 0.5625,
                "lms": 0.75,
                "icat": 0.65625
            },
            "dev_count": 45,
            "test_count": 48
        },
        "dev_criterion_score": -0.6200873362445415,
        "test_criterion_score": -0.5982532751091703
    },
    "./models/bert-base-cased/full_grad/inp/dynamic/2e-06/64/None/model_4": {
        "path": "./models/bert-base-cased/full_grad/inp/dynamic/2e-06/64/None/model_4",
        "gender": {
            "dev": {
                "ss": 0.6923076923076923,
                "lms": 0.7596153846153846,
                "icat": 0.46745562130177515
            },
            "test": {
                "ss": 0.5384615384615384,
                "lms": 0.7307692307692307,
                "icat": 0.6745562130177515
            },
            "dev_count": 156,
            "test_count": 156
        },
        "profession": {
            "dev": {
                "ss": 0.6045197740112994,
                "lms": 0.7429378531073446,
                "icat": 0.5876344600849054
            },
            "test": {
                "ss": 0.615819209039548,
                "lms": 0.6864406779661016,
                "icat": 0.5274346452168917
            },
            "dev_count": 531,
            "test_count": 531
        },
        "race": {
            "dev": {
                "ss": 0.4043478260869565,
                "lms": 0.7608695652173914,
                "icat": 0.6153119092627599
            },
            "test": {
                "ss": 0.46320346320346323,
                "lms": 0.7121212121212122,
                "icat": 0.6597140233503871
            },
            "dev_count": 690,
            "test_count": 693
        },
        "religion": {
            "dev": {
                "ss": 0.7333333333333333,
                "lms": 0.7333333333333333,
                "icat": 0.3911111111111112
            },
            "test": {
                "ss": 0.5625,
                "lms": 0.71875,
                "icat": 0.62890625
            },
            "dev_count": 45,
            "test_count": 48
        },
        "dev_criterion_score": -0.6244541484716157,
        "test_criterion_score": -0.5982532751091703
    },
    "./models/bert-base-cased/full_grad/inp/dynamic/2e-06/64/None/model_10": {
        "path": "./models/bert-base-cased/full_grad/inp/dynamic/2e-06/64/None/model_10",
        "gender": {
            "dev": {
                "ss": 0.6730769230769231,
                "lms": 0.7692307692307693,
                "icat": 0.5029585798816567
            },
            "test": {
                "ss": 0.5384615384615384,
                "lms": 0.7211538461538461,
                "icat": 0.6656804733727811
            },
            "dev_count": 156,
            "test_count": 156
        },
        "profession": {
            "dev": {
                "ss": 0.5819209039548022,
                "lms": 0.7175141242937854,
                "icat": 0.5999553129688149
            },
            "test": {
                "ss": 0.615819209039548,
                "lms": 0.6497175141242938,
                "icat": 0.4992179769542597
            },
            "dev_count": 531,
            "test_count": 531
        },
        "race": {
            "dev": {
                "ss": 0.4,
                "lms": 0.7434782608695653,
                "icat": 0.5947826086956522
            },
            "test": {
                "ss": 0.4588744588744589,
                "lms": 0.696969696969697,
                "icat": 0.6396431850977305
            },
            "dev_count": 690,
            "test_count": 693
        },
        "religion": {
            "dev": {
                "ss": 0.7333333333333333,
                "lms": 0.7333333333333333,
                "icat": 0.3911111111111112
            },
            "test": {
                "ss": 0.5,
                "lms": 0.78125,
                "icat": 0.78125
            },
            "dev_count": 45,
            "test_count": 48
        },
        "dev_criterion_score": -0.6026200873362445,
        "test_criterion_score": -0.5982532751091703
    },
    "./models/bert-base-cased/full_grad/inp/dynamic/2e-06/64/None/model_1": {
        "path": "./models/bert-base-cased/full_grad/inp/dynamic/2e-06/64/None/model_1",
        "gender": {
            "dev": {
                "ss": 0.6923076923076923,
                "lms": 0.7692307692307693,
                "icat": 0.4733727810650888
            },
            "test": {
                "ss": 0.5384615384615384,
                "lms": 0.75,
                "icat": 0.6923076923076923
            },
            "dev_count": 156,
            "test_count": 156
        },
        "profession": {
            "dev": {
                "ss": 0.5875706214689266,
                "lms": 0.7740112994350282,
                "icat": 0.6384499984040345
            },
            "test": {
                "ss": 0.6271186440677966,
                "lms": 0.7033898305084746,
                "icat": 0.5245619074978455
            },
            "dev_count": 531,
            "test_count": 531
        },
        "race": {
            "dev": {
                "ss": 0.41304347826086957,
                "lms": 0.7760869565217391,
                "icat": 0.6411153119092627
            },
            "test": {
                "ss": 0.4458874458874459,
                "lms": 0.7294372294372294,
                "icat": 0.6504938063379622
            },
            "dev_count": 690,
            "test_count": 693
        },
        "religion": {
            "dev": {
                "ss": 0.7333333333333333,
                "lms": 0.7333333333333333,
                "icat": 0.3911111111111112
            },
            "test": {
                "ss": 0.5625,
                "lms": 0.71875,
                "icat": 0.62890625
            },
            "dev_count": 45,
            "test_count": 48
        },
        "dev_criterion_score": -0.611353711790393,
        "test_criterion_score": -0.6069868995633187
    },
    "./models/bert-base-cased/full_grad/inp/dynamic/2e-06/64/None/model_20": {
        "path": "./models/bert-base-cased/full_grad/inp/dynamic/2e-06/64/None/model_20",
        "gender": {
            "dev": {
                "ss": 0.6923076923076923,
                "lms": 0.7692307692307693,
                "icat": 0.4733727810650888
            },
            "test": {
                "ss": 0.5384615384615384,
                "lms": 0.7307692307692307,
                "icat": 0.6745562130177515
            },
            "dev_count": 156,
            "test_count": 156
        },
        "profession": {
            "dev": {
                "ss": 0.5988700564971752,
                "lms": 0.7429378531073446,
                "icat": 0.5960292380861182
            },
            "test": {
                "ss": 0.615819209039548,
                "lms": 0.6892655367231638,
                "icat": 0.5296051581601711
            },
            "dev_count": 531,
            "test_count": 531
        },
        "race": {
            "dev": {
                "ss": 0.40869565217391307,
                "lms": 0.758695652173913,
                "icat": 0.6201512287334594
            },
            "test": {
                "ss": 0.46320346320346323,
                "lms": 0.70995670995671,
                "icat": 0.6577088135529695
            },
            "dev_count": 690,
            "test_count": 693
        },
        "religion": {
            "dev": {
                "ss": 0.7333333333333333,
                "lms": 0.7333333333333333,
                "icat": 0.3911111111111112
            },
            "test": {
                "ss": 0.5625,
                "lms": 0.75,
                "icat": 0.65625
            },
            "dev_count": 45,
            "test_count": 48
        },
        "dev_criterion_score": -0.6200873362445415,
        "test_criterion_score": -0.5982532751091703
    },
    "./models/bert-base-cased/full_grad/inp/dynamic/2e-06/64/None/model_19": {
        "path": "./models/bert-base-cased/full_grad/inp/dynamic/2e-06/64/None/model_19",
        "gender": {
            "dev": {
                "ss": 0.6923076923076923,
                "lms": 0.7596153846153846,
                "icat": 0.46745562130177515
            },
            "test": {
                "ss": 0.5384615384615384,
                "lms": 0.7307692307692307,
                "icat": 0.6745562130177515
            },
            "dev_count": 156,
            "test_count": 156
        },
        "profession": {
            "dev": {
                "ss": 0.6045197740112994,
                "lms": 0.7429378531073446,
                "icat": 0.5876344600849054
            },
            "test": {
                "ss": 0.615819209039548,
                "lms": 0.6864406779661016,
                "icat": 0.5274346452168917
            },
            "dev_count": 531,
            "test_count": 531
        },
        "race": {
            "dev": {
                "ss": 0.4043478260869565,
                "lms": 0.7608695652173914,
                "icat": 0.6153119092627599
            },
            "test": {
                "ss": 0.46320346320346323,
                "lms": 0.7121212121212122,
                "icat": 0.6597140233503871
            },
            "dev_count": 690,
            "test_count": 693
        },
        "religion": {
            "dev": {
                "ss": 0.7333333333333333,
                "lms": 0.7333333333333333,
                "icat": 0.3911111111111112
            },
            "test": {
                "ss": 0.5625,
                "lms": 0.71875,
                "icat": 0.62890625
            },
            "dev_count": 45,
            "test_count": 48
        },
        "dev_criterion_score": -0.6244541484716157,
        "test_criterion_score": -0.5982532751091703
    },
    "./models/bert-base-cased/full_grad/inp/dynamic/2e-06/64/None/model_9": {
        "path": "./models/bert-base-cased/full_grad/inp/dynamic/2e-06/64/None/model_9",
        "gender": {
            "dev": {
                "ss": 0.6730769230769231,
                "lms": 0.7692307692307693,
                "icat": 0.5029585798816567
            },
            "test": {
                "ss": 0.5384615384615384,
                "lms": 0.7307692307692307,
                "icat": 0.6745562130177515
            },
            "dev_count": 156,
            "test_count": 156
        },
        "profession": {
            "dev": {
                "ss": 0.5819209039548022,
                "lms": 0.7175141242937854,
                "icat": 0.5999553129688149
            },
            "test": {
                "ss": 0.6101694915254238,
                "lms": 0.6610169491525424,
                "icat": 0.5153691467968974
            },
            "dev_count": 531,
            "test_count": 531
        },
        "race": {
            "dev": {
                "ss": 0.4043478260869565,
                "lms": 0.7456521739130435,
                "icat": 0.6030056710775047
            },
            "test": {
                "ss": 0.46320346320346323,
                "lms": 0.6991341991341992,
                "icat": 0.6476827645658815
            },
            "dev_count": 690,
            "test_count": 693
        },
        "religion": {
            "dev": {
                "ss": 0.7333333333333333,
                "lms": 0.7333333333333333,
                "icat": 0.3911111111111112
            },
            "test": {
                "ss": 0.5,
                "lms": 0.78125,
                "icat": 0.78125
            },
            "dev_count": 45,
            "test_count": 48
        },
        "dev_criterion_score": -0.6026200873362445,
        "test_criterion_score": -0.5938864628820961
    },
    "./models/bert-base-cased/full_grad/inp/dynamic/2e-06/64/None/model_18": {
        "path": "./models/bert-base-cased/full_grad/inp/dynamic/2e-06/64/None/model_18",
        "gender": {
            "dev": {
                "ss": 0.6923076923076923,
                "lms": 0.7596153846153846,
                "icat": 0.46745562130177515
            },
            "test": {
                "ss": 0.5384615384615384,
                "lms": 0.7307692307692307,
                "icat": 0.6745562130177515
            },
            "dev_count": 156,
            "test_count": 156
        },
        "profession": {
            "dev": {
                "ss": 0.5932203389830508,
                "lms": 0.748587570621469,
                "icat": 0.6090203964378053
            },
            "test": {
                "ss": 0.615819209039548,
                "lms": 0.6892655367231638,
                "icat": 0.5296051581601711
            },
            "dev_count": 531,
            "test_count": 531
        },
        "race": {
            "dev": {
                "ss": 0.40869565217391307,
                "lms": 0.7695652173913043,
                "icat": 0.6290359168241967
            },
            "test": {
                "ss": 0.45454545454545453,
                "lms": 0.7207792207792207,
                "icat": 0.6552538370720188
            },
            "dev_count": 690,
            "test_count": 693
        },
        "religion": {
            "dev": {
                "ss": 0.7333333333333333,
                "lms": 0.7333333333333333,
                "icat": 0.3911111111111112
            },
            "test": {
                "ss": 0.5625,
                "lms": 0.71875,
                "icat": 0.62890625
            },
            "dev_count": 45,
            "test_count": 48
        },
        "dev_criterion_score": -0.6157205240174672,
        "test_criterion_score": -0.5982532751091703
    },
    "./models/bert-base-cased/full_grad/inp/dynamic/2e-06/64/None/model_11": {
        "path": "./models/bert-base-cased/full_grad/inp/dynamic/2e-06/64/None/model_11",
        "gender": {
            "dev": {
                "ss": 0.6730769230769231,
                "lms": 0.7788461538461539,
                "icat": 0.5092455621301775
            },
            "test": {
                "ss": 0.5384615384615384,
                "lms": 0.7211538461538461,
                "icat": 0.6656804733727811
            },
            "dev_count": 156,
            "test_count": 156
        },
        "profession": {
            "dev": {
                "ss": 0.5875706214689266,
                "lms": 0.711864406779661,
                "icat": 0.5871875897730536
            },
            "test": {
                "ss": 0.6214689265536724,
                "lms": 0.6497175141242938,
                "icat": 0.49187653611669696
            },
            "dev_count": 531,
            "test_count": 531
        },
        "race": {
            "dev": {
                "ss": 0.3826086956521739,
                "lms": 0.7369565217391304,
                "icat": 0.5639319470699433
            },
            "test": {
                "ss": 0.4458874458874459,
                "lms": 0.6904761904761905,
                "icat": 0.6157493300350443
            },
            "dev_count": 690,
            "test_count": 693
        },
        "religion": {
            "dev": {
                "ss": 0.7333333333333333,
                "lms": 0.7,
                "icat": 0.3733333333333334
            },
            "test": {
                "ss": 0.5,
                "lms": 0.78125,
                "icat": 0.78125
            },
            "dev_count": 45,
            "test_count": 48
        },
        "dev_criterion_score": -0.6069868995633187,
        "test_criterion_score": -0.6026200873362445
    },
    "./models/bert-base-cased/full_grad/inp/dynamic/2e-06/64/None/model_13": {
        "path": "./models/bert-base-cased/full_grad/inp/dynamic/2e-06/64/None/model_13",
        "gender": {
            "dev": {
                "ss": 0.6538461538461539,
                "lms": 0.7788461538461539,
                "icat": 0.5392011834319527
            },
            "test": {
                "ss": 0.5192307692307693,
                "lms": 0.7307692307692307,
                "icat": 0.702662721893491
            },
            "dev_count": 156,
            "test_count": 156
        },
        "profession": {
            "dev": {
                "ss": 0.576271186440678,
                "lms": 0.7062146892655368,
                "icat": 0.5984870248013023
            },
            "test": {
                "ss": 0.6214689265536724,
                "lms": 0.6440677966101694,
                "icat": 0.48759934884611694
            },
            "dev_count": 531,
            "test_count": 531
        },
        "race": {
            "dev": {
                "ss": 0.3826086956521739,
                "lms": 0.7304347826086957,
                "icat": 0.5589413988657845
            },
            "test": {
                "ss": 0.44155844155844154,
                "lms": 0.6774891774891775,
                "icat": 0.5983021307696632
            },
            "dev_count": 690,
            "test_count": 693
        },
        "religion": {
            "dev": {
                "ss": 0.6666666666666666,
                "lms": 0.7,
                "icat": 0.4666666666666667
            },
            "test": {
                "ss": 0.5,
                "lms": 0.75,
                "icat": 0.75
            },
            "dev_count": 45,
            "test_count": 48
        },
        "dev_criterion_score": -0.5938864628820961,
        "test_criterion_score": -0.5982532751091703
    },
    "./models/bert-base-cased/full_grad/inp/dynamic/2e-06/64/None/model_2": {
        "path": "./models/bert-base-cased/full_grad/inp/dynamic/2e-06/64/None/model_2",
        "gender": {
            "dev": {
                "ss": 0.6923076923076923,
                "lms": 0.7596153846153846,
                "icat": 0.46745562130177515
            },
            "test": {
                "ss": 0.5384615384615384,
                "lms": 0.75,
                "icat": 0.6923076923076923
            },
            "dev_count": 156,
            "test_count": 156
        },
        "profession": {
            "dev": {
                "ss": 0.5819209039548022,
                "lms": 0.7598870056497176,
                "icat": 0.635385744837052
            },
            "test": {
                "ss": 0.6271186440677966,
                "lms": 0.6864406779661016,
                "icat": 0.511921861534042
            },
            "dev_count": 531,
            "test_count": 531
        },
        "race": {
            "dev": {
                "ss": 0.41739130434782606,
                "lms": 0.7717391304347826,
                "icat": 0.644234404536862
            },
            "test": {
                "ss": 0.45454545454545453,
                "lms": 0.7316017316017316,
                "icat": 0.6650924832743014
            },
            "dev_count": 690,
            "test_count": 693
        },
        "religion": {
            "dev": {
                "ss": 0.7333333333333333,
                "lms": 0.7333333333333333,
                "icat": 0.3911111111111112
            },
            "test": {
                "ss": 0.5625,
                "lms": 0.71875,
                "icat": 0.62890625
            },
            "dev_count": 45,
            "test_count": 48
        },
        "dev_criterion_score": -0.6069868995633187,
        "test_criterion_score": -0.6069868995633187
    },
    "./models/bert-base-cased/full_grad/inp/dynamic/2e-06/64/None/model_12": {
        "path": "./models/bert-base-cased/full_grad/inp/dynamic/2e-06/64/None/model_12",
        "gender": {
            "dev": {
                "ss": 0.6538461538461539,
                "lms": 0.7788461538461539,
                "icat": 0.5392011834319527
            },
            "test": {
                "ss": 0.5384615384615384,
                "lms": 0.7211538461538461,
                "icat": 0.6656804733727811
            },
            "dev_count": 156,
            "test_count": 156
        },
        "profession": {
            "dev": {
                "ss": 0.5706214689265536,
                "lms": 0.7090395480225988,
                "icat": 0.6088927192058476
            },
            "test": {
                "ss": 0.6214689265536724,
                "lms": 0.6440677966101694,
                "icat": 0.48759934884611694
            },
            "dev_count": 531,
            "test_count": 531
        },
        "race": {
            "dev": {
                "ss": 0.3782608695652174,
                "lms": 0.7304347826086957,
                "icat": 0.5525897920604914
            },
            "test": {
                "ss": 0.4458874458874459,
                "lms": 0.6774891774891775,
                "icat": 0.6041678379340717
            },
            "dev_count": 690,
            "test_count": 693
        },
        "religion": {
            "dev": {
                "ss": 0.6666666666666666,
                "lms": 0.7,
                "icat": 0.4666666666666667
            },
            "test": {
                "ss": 0.5,
                "lms": 0.75,
                "icat": 0.75
            },
            "dev_count": 45,
            "test_count": 48
        },
        "dev_criterion_score": -0.5895196506550219,
        "test_criterion_score": -0.6026200873362445
    }
}
