12/07/2025 18:57:22 - INFO - __main__ - Initialized tokenizer
12/07/2025 18:57:22 - INFO - __main__ - Found 20 models to evaluate.
12/07/2025 18:57:22 - INFO - __main__ - Constructing StereoSet dataloaders
12/07/2025 18:57:23 - INFO - __main__ - Constructed StereoSet dataloaders
12/07/2025 18:57:23 - INFO - __main__ - Evaluating model at ./models/bert-base-cased/full_grad/inp/dynamic/2e-06/64/None/model_16
12/07/2025 18:57:23 - INFO - __main__ - ==================================================1/20==================================================
12/07/2025 18:57:24 - INFO - __main__ - Got result: {
    "path": "./models/bert-base-cased/full_grad/inp/dynamic/2e-06/64/None/model_16",
    "gender": {
        "dev": {
            "ss": 0.6923076923076923,
            "lms": 0.7692307692307693,
            "icat": 0.4733727810650888
        },
        "test": {
            "ss": 0.5384615384615384,
            "lms": 0.75,
            "icat": 0.6923076923076923
        },
        "dev_count": 156,
        "test_count": 156
    },
    "profession": {
        "dev": {
            "ss": 0.5875706214689266,
            "lms": 0.7740112994350282,
            "icat": 0.6384499984040345
        },
        "test": {
            "ss": 0.6271186440677966,
            "lms": 0.7033898305084746,
            "icat": 0.5245619074978455
        },
        "dev_count": 531,
        "test_count": 531
    },
    "race": {
        "dev": {
            "ss": 0.41304347826086957,
            "lms": 0.7760869565217391,
            "icat": 0.6411153119092627
        },
        "test": {
            "ss": 0.4458874458874459,
            "lms": 0.7294372294372294,
            "icat": 0.6504938063379622
        },
        "dev_count": 690,
        "test_count": 693
    },
    "religion": {
        "dev": {
            "ss": 0.7333333333333333,
            "lms": 0.7333333333333333,
            "icat": 0.3911111111111112
        },
        "test": {
            "ss": 0.5625,
            "lms": 0.71875,
            "icat": 0.62890625
        },
        "dev_count": 45,
        "test_count": 48
    }
}
12/07/2025 18:57:24 - INFO - __main__ - ====================================================================================================
12/07/2025 18:57:24 - INFO - __main__ - Evaluating model at ./models/bert-base-cased/full_grad/inp/dynamic/2e-06/64/None/model_7
12/07/2025 18:57:24 - INFO - __main__ - ==================================================2/20==================================================
12/07/2025 18:57:25 - INFO - __main__ - Got result: {
    "path": "./models/bert-base-cased/full_grad/inp/dynamic/2e-06/64/None/model_7",
    "gender": {
        "dev": {
            "ss": 0.6730769230769231,
            "lms": 0.7692307692307693,
            "icat": 0.5029585798816567
        },
        "test": {
            "ss": 0.5384615384615384,
            "lms": 0.7307692307692307,
            "icat": 0.6745562130177515
        },
        "dev_count": 156,
        "test_count": 156
    },
    "profession": {
        "dev": {
            "ss": 0.5819209039548022,
            "lms": 0.7344632768361582,
            "icat": 0.6141274857161098
        },
        "test": {
            "ss": 0.6045197740112994,
            "lms": 0.6807909604519774,
            "icat": 0.5384787257812251
        },
        "dev_count": 531,
        "test_count": 531
    },
    "race": {
        "dev": {
            "ss": 0.40869565217391307,
            "lms": 0.7456521739130435,
            "icat": 0.6094896030245748
        },
        "test": {
            "ss": 0.4588744588744589,
            "lms": 0.7034632034632035,
            "icat": 0.6456025936545418
        },
        "dev_count": 690,
        "test_count": 693
    },
    "religion": {
        "dev": {
            "ss": 0.7333333333333333,
            "lms": 0.7333333333333333,
            "icat": 0.3911111111111112
        },
        "test": {
            "ss": 0.5,
            "lms": 0.71875,
            "icat": 0.71875
        },
        "dev_count": 45,
        "test_count": 48
    }
}
12/07/2025 18:57:25 - INFO - __main__ - ====================================================================================================
12/07/2025 18:57:25 - INFO - __main__ - Evaluating model at ./models/bert-base-cased/full_grad/inp/dynamic/2e-06/64/None/model_6
12/07/2025 18:57:25 - INFO - __main__ - ==================================================3/20==================================================
12/07/2025 18:57:26 - INFO - __main__ - Got result: {
    "path": "./models/bert-base-cased/full_grad/inp/dynamic/2e-06/64/None/model_6",
    "gender": {
        "dev": {
            "ss": 0.6730769230769231,
            "lms": 0.7692307692307693,
            "icat": 0.5029585798816567
        },
        "test": {
            "ss": 0.5384615384615384,
            "lms": 0.7307692307692307,
            "icat": 0.6745562130177515
        },
        "dev_count": 156,
        "test_count": 156
    },
    "profession": {
        "dev": {
            "ss": 0.5875706214689266,
            "lms": 0.7401129943502824,
            "icat": 0.6104886846053177
        },
        "test": {
            "ss": 0.6045197740112994,
            "lms": 0.6864406779661016,
            "icat": 0.5429474288997415
        },
        "dev_count": 531,
        "test_count": 531
    },
    "race": {
        "dev": {
            "ss": 0.41304347826086957,
            "lms": 0.7434782608695653,
            "icat": 0.6141776937618147
        },
        "test": {
            "ss": 0.4588744588744589,
            "lms": 0.7056277056277056,
            "icat": 0.6475890631734788
        },
        "dev_count": 690,
        "test_count": 693
    },
    "religion": {
        "dev": {
            "ss": 0.7333333333333333,
            "lms": 0.7333333333333333,
            "icat": 0.3911111111111112
        },
        "test": {
            "ss": 0.5,
            "lms": 0.71875,
            "icat": 0.71875
        },
        "dev_count": 45,
        "test_count": 48
    }
}
12/07/2025 18:57:26 - INFO - __main__ - ====================================================================================================
12/07/2025 18:57:26 - INFO - __main__ - Evaluating model at ./models/bert-base-cased/full_grad/inp/dynamic/2e-06/64/None/model_3
12/07/2025 18:57:26 - INFO - __main__ - ==================================================4/20==================================================
12/07/2025 18:57:26 - INFO - __main__ - Got result: {
    "path": "./models/bert-base-cased/full_grad/inp/dynamic/2e-06/64/None/model_3",
    "gender": {
        "dev": {
            "ss": 0.6923076923076923,
            "lms": 0.7596153846153846,
            "icat": 0.46745562130177515
        },
        "test": {
            "ss": 0.5384615384615384,
            "lms": 0.7307692307692307,
            "icat": 0.6745562130177515
        },
        "dev_count": 156,
        "test_count": 156
    },
    "profession": {
        "dev": {
            "ss": 0.5932203389830508,
            "lms": 0.748587570621469,
            "icat": 0.6090203964378053
        },
        "test": {
            "ss": 0.615819209039548,
            "lms": 0.6892655367231638,
            "icat": 0.5296051581601711
        },
        "dev_count": 531,
        "test_count": 531
    },
    "race": {
        "dev": {
            "ss": 0.40869565217391307,
            "lms": 0.7695652173913043,
            "icat": 0.6290359168241967
        },
        "test": {
            "ss": 0.45454545454545453,
            "lms": 0.7207792207792207,
            "icat": 0.6552538370720188
        },
        "dev_count": 690,
        "test_count": 693
    },
    "religion": {
        "dev": {
            "ss": 0.7333333333333333,
            "lms": 0.7333333333333333,
            "icat": 0.3911111111111112
        },
        "test": {
            "ss": 0.5625,
            "lms": 0.71875,
            "icat": 0.62890625
        },
        "dev_count": 45,
        "test_count": 48
    }
}
12/07/2025 18:57:26 - INFO - __main__ - ====================================================================================================
12/07/2025 18:57:26 - INFO - __main__ - Evaluating model at ./models/bert-base-cased/full_grad/inp/dynamic/2e-06/64/None/model_8
12/07/2025 18:57:26 - INFO - __main__ - ==================================================5/20==================================================
12/07/2025 18:57:27 - INFO - __main__ - Got result: {
    "path": "./models/bert-base-cased/full_grad/inp/dynamic/2e-06/64/None/model_8",
    "gender": {
        "dev": {
            "ss": 0.6730769230769231,
            "lms": 0.7692307692307693,
            "icat": 0.5029585798816567
        },
        "test": {
            "ss": 0.5384615384615384,
            "lms": 0.7307692307692307,
            "icat": 0.6745562130177515
        },
        "dev_count": 156,
        "test_count": 156
    },
    "profession": {
        "dev": {
            "ss": 0.5875706214689266,
            "lms": 0.7288135593220338,
            "icat": 0.6011682466724121
        },
        "test": {
            "ss": 0.6045197740112994,
            "lms": 0.6779661016949152,
            "icat": 0.5362443742219669
        },
        "dev_count": 531,
        "test_count": 531
    },
    "race": {
        "dev": {
            "ss": 0.41304347826086957,
            "lms": 0.7434782608695653,
            "icat": 0.6141776937618147
        },
        "test": {
            "ss": 0.4588744588744589,
            "lms": 0.7034632034632035,
            "icat": 0.6456025936545418
        },
        "dev_count": 690,
        "test_count": 693
    },
    "religion": {
        "dev": {
            "ss": 0.7333333333333333,
            "lms": 0.7333333333333333,
            "icat": 0.3911111111111112
        },
        "test": {
            "ss": 0.5,
            "lms": 0.78125,
            "icat": 0.78125
        },
        "dev_count": 45,
        "test_count": 48
    }
}
12/07/2025 18:57:27 - INFO - __main__ - ====================================================================================================
12/07/2025 18:57:27 - INFO - __main__ - Evaluating model at ./models/bert-base-cased/full_grad/inp/dynamic/2e-06/64/None/model_14
12/07/2025 18:57:27 - INFO - __main__ - ==================================================6/20==================================================
12/07/2025 18:57:28 - INFO - __main__ - Got result: {
    "path": "./models/bert-base-cased/full_grad/inp/dynamic/2e-06/64/None/model_14",
    "gender": {
        "dev": {
            "ss": 0.6538461538461539,
            "lms": 0.7788461538461539,
            "icat": 0.5392011834319527
        },
        "test": {
            "ss": 0.5384615384615384,
            "lms": 0.7307692307692307,
            "icat": 0.6745562130177515
        },
        "dev_count": 156,
        "test_count": 156
    },
    "profession": {
        "dev": {
            "ss": 0.576271186440678,
            "lms": 0.7062146892655368,
            "icat": 0.5984870248013023
        },
        "test": {
            "ss": 0.6271186440677966,
            "lms": 0.6271186440677966,
            "icat": 0.46768170066072967
        },
        "dev_count": 531,
        "test_count": 531
    },
    "race": {
        "dev": {
            "ss": 0.391304347826087,
            "lms": 0.7326086956521739,
            "icat": 0.5733459357277882
        },
        "test": {
            "ss": 0.4458874458874459,
            "lms": 0.6688311688311688,
            "icat": 0.5964468432000899
        },
        "dev_count": 690,
        "test_count": 693
    },
    "religion": {
        "dev": {
            "ss": 0.6666666666666666,
            "lms": 0.7,
            "icat": 0.4666666666666667
        },
        "test": {
            "ss": 0.5,
            "lms": 0.75,
            "icat": 0.75
        },
        "dev_count": 45,
        "test_count": 48
    }
}
12/07/2025 18:57:28 - INFO - __main__ - ====================================================================================================
12/07/2025 18:57:28 - INFO - __main__ - Evaluating model at ./models/bert-base-cased/full_grad/inp/dynamic/2e-06/64/None/model_15
12/07/2025 18:57:28 - INFO - __main__ - ==================================================7/20==================================================
12/07/2025 18:57:29 - INFO - __main__ - Got result: {
    "path": "./models/bert-base-cased/full_grad/inp/dynamic/2e-06/64/None/model_15",
    "gender": {
        "dev": {
            "ss": 0.6538461538461539,
            "lms": 0.7788461538461539,
            "icat": 0.5392011834319527
        },
        "test": {
            "ss": 0.5384615384615384,
            "lms": 0.7307692307692307,
            "icat": 0.6745562130177515
        },
        "dev_count": 156,
        "test_count": 156
    },
    "profession": {
        "dev": {
            "ss": 0.5649717514124294,
            "lms": 0.7062146892655368,
            "icat": 0.6144466787960037
        },
        "test": {
            "ss": 0.6214689265536724,
            "lms": 0.6214689265536724,
            "icat": 0.4704905997637971
        },
        "dev_count": 531,
        "test_count": 531
    },
    "race": {
        "dev": {
            "ss": 0.3826086956521739,
            "lms": 0.7282608695652174,
            "icat": 0.5572778827977316
        },
        "test": {
            "ss": 0.44155844155844154,
            "lms": 0.6688311688311688,
            "icat": 0.5906560971496035
        },
        "dev_count": 690,
        "test_count": 693
    },
    "religion": {
        "dev": {
            "ss": 0.6666666666666666,
            "lms": 0.7,
            "icat": 0.4666666666666667
        },
        "test": {
            "ss": 0.5,
            "lms": 0.75,
            "icat": 0.75
        },
        "dev_count": 45,
        "test_count": 48
    }
}
12/07/2025 18:57:29 - INFO - __main__ - ====================================================================================================
12/07/2025 18:57:29 - INFO - __main__ - Evaluating model at ./models/bert-base-cased/full_grad/inp/dynamic/2e-06/64/None/model_17
12/07/2025 18:57:29 - INFO - __main__ - ==================================================8/20==================================================
12/07/2025 18:57:29 - INFO - __main__ - Got result: {
    "path": "./models/bert-base-cased/full_grad/inp/dynamic/2e-06/64/None/model_17",
    "gender": {
        "dev": {
            "ss": 0.6923076923076923,
            "lms": 0.7596153846153846,
            "icat": 0.46745562130177515
        },
        "test": {
            "ss": 0.5384615384615384,
            "lms": 0.75,
            "icat": 0.6923076923076923
        },
        "dev_count": 156,
        "test_count": 156
    },
    "profession": {
        "dev": {
            "ss": 0.5819209039548022,
            "lms": 0.7598870056497176,
            "icat": 0.635385744837052
        },
        "test": {
            "ss": 0.6271186440677966,
            "lms": 0.6864406779661016,
            "icat": 0.511921861534042
        },
        "dev_count": 531,
        "test_count": 531
    },
    "race": {
        "dev": {
            "ss": 0.41739130434782606,
            "lms": 0.7717391304347826,
            "icat": 0.644234404536862
        },
        "test": {
            "ss": 0.45454545454545453,
            "lms": 0.7316017316017316,
            "icat": 0.6650924832743014
        },
        "dev_count": 690,
        "test_count": 693
    },
    "religion": {
        "dev": {
            "ss": 0.7333333333333333,
            "lms": 0.7333333333333333,
            "icat": 0.3911111111111112
        },
        "test": {
            "ss": 0.5625,
            "lms": 0.71875,
            "icat": 0.62890625
        },
        "dev_count": 45,
        "test_count": 48
    }
}
12/07/2025 18:57:29 - INFO - __main__ - ====================================================================================================
12/07/2025 18:57:29 - INFO - __main__ - Evaluating model at ./models/bert-base-cased/full_grad/inp/dynamic/2e-06/64/None/model_5
12/07/2025 18:57:29 - INFO - __main__ - ==================================================9/20==================================================
12/07/2025 18:57:30 - INFO - __main__ - Got result: {
    "path": "./models/bert-base-cased/full_grad/inp/dynamic/2e-06/64/None/model_5",
    "gender": {
        "dev": {
            "ss": 0.6923076923076923,
            "lms": 0.7692307692307693,
            "icat": 0.4733727810650888
        },
        "test": {
            "ss": 0.5384615384615384,
            "lms": 0.7307692307692307,
            "icat": 0.6745562130177515
        },
        "dev_count": 156,
        "test_count": 156
    },
    "profession": {
        "dev": {
            "ss": 0.5988700564971752,
            "lms": 0.7429378531073446,
            "icat": 0.5960292380861182
        },
        "test": {
            "ss": 0.615819209039548,
            "lms": 0.6892655367231638,
            "icat": 0.5296051581601711
        },
        "dev_count": 531,
        "test_count": 531
    },
    "race": {
        "dev": {
            "ss": 0.40869565217391307,
            "lms": 0.758695652173913,
            "icat": 0.6201512287334594
        },
        "test": {
            "ss": 0.46320346320346323,
            "lms": 0.70995670995671,
            "icat": 0.6577088135529695
        },
        "dev_count": 690,
        "test_count": 693
    },
    "religion": {
        "dev": {
            "ss": 0.7333333333333333,
            "lms": 0.7333333333333333,
            "icat": 0.3911111111111112
        },
        "test": {
            "ss": 0.5625,
            "lms": 0.75,
            "icat": 0.65625
        },
        "dev_count": 45,
        "test_count": 48
    }
}
12/07/2025 18:57:30 - INFO - __main__ - ====================================================================================================
12/07/2025 18:57:30 - INFO - __main__ - Evaluating model at ./models/bert-base-cased/full_grad/inp/dynamic/2e-06/64/None/model_4
12/07/2025 18:57:30 - INFO - __main__ - ==================================================10/20==================================================
12/07/2025 18:57:31 - INFO - __main__ - Got result: {
    "path": "./models/bert-base-cased/full_grad/inp/dynamic/2e-06/64/None/model_4",
    "gender": {
        "dev": {
            "ss": 0.6923076923076923,
            "lms": 0.7596153846153846,
            "icat": 0.46745562130177515
        },
        "test": {
            "ss": 0.5384615384615384,
            "lms": 0.7307692307692307,
            "icat": 0.6745562130177515
        },
        "dev_count": 156,
        "test_count": 156
    },
    "profession": {
        "dev": {
            "ss": 0.6045197740112994,
            "lms": 0.7429378531073446,
            "icat": 0.5876344600849054
        },
        "test": {
            "ss": 0.615819209039548,
            "lms": 0.6864406779661016,
            "icat": 0.5274346452168917
        },
        "dev_count": 531,
        "test_count": 531
    },
    "race": {
        "dev": {
            "ss": 0.4043478260869565,
            "lms": 0.7608695652173914,
            "icat": 0.6153119092627599
        },
        "test": {
            "ss": 0.46320346320346323,
            "lms": 0.7121212121212122,
            "icat": 0.6597140233503871
        },
        "dev_count": 690,
        "test_count": 693
    },
    "religion": {
        "dev": {
            "ss": 0.7333333333333333,
            "lms": 0.7333333333333333,
            "icat": 0.3911111111111112
        },
        "test": {
            "ss": 0.5625,
            "lms": 0.71875,
            "icat": 0.62890625
        },
        "dev_count": 45,
        "test_count": 48
    }
}
12/07/2025 18:57:31 - INFO - __main__ - ====================================================================================================
12/07/2025 18:57:31 - INFO - __main__ - Evaluating model at ./models/bert-base-cased/full_grad/inp/dynamic/2e-06/64/None/model_10
12/07/2025 18:57:31 - INFO - __main__ - ==================================================11/20==================================================
12/07/2025 18:57:31 - INFO - __main__ - Got result: {
    "path": "./models/bert-base-cased/full_grad/inp/dynamic/2e-06/64/None/model_10",
    "gender": {
        "dev": {
            "ss": 0.6730769230769231,
            "lms": 0.7692307692307693,
            "icat": 0.5029585798816567
        },
        "test": {
            "ss": 0.5384615384615384,
            "lms": 0.7211538461538461,
            "icat": 0.6656804733727811
        },
        "dev_count": 156,
        "test_count": 156
    },
    "profession": {
        "dev": {
            "ss": 0.5819209039548022,
            "lms": 0.7175141242937854,
            "icat": 0.5999553129688149
        },
        "test": {
            "ss": 0.615819209039548,
            "lms": 0.6497175141242938,
            "icat": 0.4992179769542597
        },
        "dev_count": 531,
        "test_count": 531
    },
    "race": {
        "dev": {
            "ss": 0.4,
            "lms": 0.7434782608695653,
            "icat": 0.5947826086956522
        },
        "test": {
            "ss": 0.4588744588744589,
            "lms": 0.696969696969697,
            "icat": 0.6396431850977305
        },
        "dev_count": 690,
        "test_count": 693
    },
    "religion": {
        "dev": {
            "ss": 0.7333333333333333,
            "lms": 0.7333333333333333,
            "icat": 0.3911111111111112
        },
        "test": {
            "ss": 0.5,
            "lms": 0.78125,
            "icat": 0.78125
        },
        "dev_count": 45,
        "test_count": 48
    }
}
12/07/2025 18:57:31 - INFO - __main__ - ====================================================================================================
12/07/2025 18:57:31 - INFO - __main__ - Evaluating model at ./models/bert-base-cased/full_grad/inp/dynamic/2e-06/64/None/model_1
12/07/2025 18:57:31 - INFO - __main__ - ==================================================12/20==================================================
12/07/2025 18:57:32 - INFO - __main__ - Got result: {
    "path": "./models/bert-base-cased/full_grad/inp/dynamic/2e-06/64/None/model_1",
    "gender": {
        "dev": {
            "ss": 0.6923076923076923,
            "lms": 0.7692307692307693,
            "icat": 0.4733727810650888
        },
        "test": {
            "ss": 0.5384615384615384,
            "lms": 0.75,
            "icat": 0.6923076923076923
        },
        "dev_count": 156,
        "test_count": 156
    },
    "profession": {
        "dev": {
            "ss": 0.5875706214689266,
            "lms": 0.7740112994350282,
            "icat": 0.6384499984040345
        },
        "test": {
            "ss": 0.6271186440677966,
            "lms": 0.7033898305084746,
            "icat": 0.5245619074978455
        },
        "dev_count": 531,
        "test_count": 531
    },
    "race": {
        "dev": {
            "ss": 0.41304347826086957,
            "lms": 0.7760869565217391,
            "icat": 0.6411153119092627
        },
        "test": {
            "ss": 0.4458874458874459,
            "lms": 0.7294372294372294,
            "icat": 0.6504938063379622
        },
        "dev_count": 690,
        "test_count": 693
    },
    "religion": {
        "dev": {
            "ss": 0.7333333333333333,
            "lms": 0.7333333333333333,
            "icat": 0.3911111111111112
        },
        "test": {
            "ss": 0.5625,
            "lms": 0.71875,
            "icat": 0.62890625
        },
        "dev_count": 45,
        "test_count": 48
    }
}
12/07/2025 18:57:32 - INFO - __main__ - ====================================================================================================
12/07/2025 18:57:32 - INFO - __main__ - Evaluating model at ./models/bert-base-cased/full_grad/inp/dynamic/2e-06/64/None/model_20
12/07/2025 18:57:32 - INFO - __main__ - ==================================================13/20==================================================
12/07/2025 18:57:33 - INFO - __main__ - Got result: {
    "path": "./models/bert-base-cased/full_grad/inp/dynamic/2e-06/64/None/model_20",
    "gender": {
        "dev": {
            "ss": 0.6923076923076923,
            "lms": 0.7692307692307693,
            "icat": 0.4733727810650888
        },
        "test": {
            "ss": 0.5384615384615384,
            "lms": 0.7307692307692307,
            "icat": 0.6745562130177515
        },
        "dev_count": 156,
        "test_count": 156
    },
    "profession": {
        "dev": {
            "ss": 0.5988700564971752,
            "lms": 0.7429378531073446,
            "icat": 0.5960292380861182
        },
        "test": {
            "ss": 0.615819209039548,
            "lms": 0.6892655367231638,
            "icat": 0.5296051581601711
        },
        "dev_count": 531,
        "test_count": 531
    },
    "race": {
        "dev": {
            "ss": 0.40869565217391307,
            "lms": 0.758695652173913,
            "icat": 0.6201512287334594
        },
        "test": {
            "ss": 0.46320346320346323,
            "lms": 0.70995670995671,
            "icat": 0.6577088135529695
        },
        "dev_count": 690,
        "test_count": 693
    },
    "religion": {
        "dev": {
            "ss": 0.7333333333333333,
            "lms": 0.7333333333333333,
            "icat": 0.3911111111111112
        },
        "test": {
            "ss": 0.5625,
            "lms": 0.75,
            "icat": 0.65625
        },
        "dev_count": 45,
        "test_count": 48
    }
}
12/07/2025 18:57:33 - INFO - __main__ - ====================================================================================================
12/07/2025 18:57:33 - INFO - __main__ - Evaluating model at ./models/bert-base-cased/full_grad/inp/dynamic/2e-06/64/None/model_19
12/07/2025 18:57:33 - INFO - __main__ - ==================================================14/20==================================================
12/07/2025 18:57:33 - INFO - __main__ - Got result: {
    "path": "./models/bert-base-cased/full_grad/inp/dynamic/2e-06/64/None/model_19",
    "gender": {
        "dev": {
            "ss": 0.6923076923076923,
            "lms": 0.7596153846153846,
            "icat": 0.46745562130177515
        },
        "test": {
            "ss": 0.5384615384615384,
            "lms": 0.7307692307692307,
            "icat": 0.6745562130177515
        },
        "dev_count": 156,
        "test_count": 156
    },
    "profession": {
        "dev": {
            "ss": 0.6045197740112994,
            "lms": 0.7429378531073446,
            "icat": 0.5876344600849054
        },
        "test": {
            "ss": 0.615819209039548,
            "lms": 0.6864406779661016,
            "icat": 0.5274346452168917
        },
        "dev_count": 531,
        "test_count": 531
    },
    "race": {
        "dev": {
            "ss": 0.4043478260869565,
            "lms": 0.7608695652173914,
            "icat": 0.6153119092627599
        },
        "test": {
            "ss": 0.46320346320346323,
            "lms": 0.7121212121212122,
            "icat": 0.6597140233503871
        },
        "dev_count": 690,
        "test_count": 693
    },
    "religion": {
        "dev": {
            "ss": 0.7333333333333333,
            "lms": 0.7333333333333333,
            "icat": 0.3911111111111112
        },
        "test": {
            "ss": 0.5625,
            "lms": 0.71875,
            "icat": 0.62890625
        },
        "dev_count": 45,
        "test_count": 48
    }
}
12/07/2025 18:57:33 - INFO - __main__ - ====================================================================================================
12/07/2025 18:57:33 - INFO - __main__ - Evaluating model at ./models/bert-base-cased/full_grad/inp/dynamic/2e-06/64/None/model_9
12/07/2025 18:57:33 - INFO - __main__ - ==================================================15/20==================================================
12/07/2025 18:57:34 - INFO - __main__ - Got result: {
    "path": "./models/bert-base-cased/full_grad/inp/dynamic/2e-06/64/None/model_9",
    "gender": {
        "dev": {
            "ss": 0.6730769230769231,
            "lms": 0.7692307692307693,
            "icat": 0.5029585798816567
        },
        "test": {
            "ss": 0.5384615384615384,
            "lms": 0.7307692307692307,
            "icat": 0.6745562130177515
        },
        "dev_count": 156,
        "test_count": 156
    },
    "profession": {
        "dev": {
            "ss": 0.5819209039548022,
            "lms": 0.7175141242937854,
            "icat": 0.5999553129688149
        },
        "test": {
            "ss": 0.6101694915254238,
            "lms": 0.6610169491525424,
            "icat": 0.5153691467968974
        },
        "dev_count": 531,
        "test_count": 531
    },
    "race": {
        "dev": {
            "ss": 0.4043478260869565,
            "lms": 0.7456521739130435,
            "icat": 0.6030056710775047
        },
        "test": {
            "ss": 0.46320346320346323,
            "lms": 0.6991341991341992,
            "icat": 0.6476827645658815
        },
        "dev_count": 690,
        "test_count": 693
    },
    "religion": {
        "dev": {
            "ss": 0.7333333333333333,
            "lms": 0.7333333333333333,
            "icat": 0.3911111111111112
        },
        "test": {
            "ss": 0.5,
            "lms": 0.78125,
            "icat": 0.78125
        },
        "dev_count": 45,
        "test_count": 48
    }
}
12/07/2025 18:57:34 - INFO - __main__ - ====================================================================================================
12/07/2025 18:57:34 - INFO - __main__ - Evaluating model at ./models/bert-base-cased/full_grad/inp/dynamic/2e-06/64/None/model_18
12/07/2025 18:57:34 - INFO - __main__ - ==================================================16/20==================================================
12/07/2025 18:57:35 - INFO - __main__ - Got result: {
    "path": "./models/bert-base-cased/full_grad/inp/dynamic/2e-06/64/None/model_18",
    "gender": {
        "dev": {
            "ss": 0.6923076923076923,
            "lms": 0.7596153846153846,
            "icat": 0.46745562130177515
        },
        "test": {
            "ss": 0.5384615384615384,
            "lms": 0.7307692307692307,
            "icat": 0.6745562130177515
        },
        "dev_count": 156,
        "test_count": 156
    },
    "profession": {
        "dev": {
            "ss": 0.5932203389830508,
            "lms": 0.748587570621469,
            "icat": 0.6090203964378053
        },
        "test": {
            "ss": 0.615819209039548,
            "lms": 0.6892655367231638,
            "icat": 0.5296051581601711
        },
        "dev_count": 531,
        "test_count": 531
    },
    "race": {
        "dev": {
            "ss": 0.40869565217391307,
            "lms": 0.7695652173913043,
            "icat": 0.6290359168241967
        },
        "test": {
            "ss": 0.45454545454545453,
            "lms": 0.7207792207792207,
            "icat": 0.6552538370720188
        },
        "dev_count": 690,
        "test_count": 693
    },
    "religion": {
        "dev": {
            "ss": 0.7333333333333333,
            "lms": 0.7333333333333333,
            "icat": 0.3911111111111112
        },
        "test": {
            "ss": 0.5625,
            "lms": 0.71875,
            "icat": 0.62890625
        },
        "dev_count": 45,
        "test_count": 48
    }
}
12/07/2025 18:57:35 - INFO - __main__ - ====================================================================================================
12/07/2025 18:57:35 - INFO - __main__ - Evaluating model at ./models/bert-base-cased/full_grad/inp/dynamic/2e-06/64/None/model_11
12/07/2025 18:57:35 - INFO - __main__ - ==================================================17/20==================================================
12/07/2025 18:57:35 - INFO - __main__ - Got result: {
    "path": "./models/bert-base-cased/full_grad/inp/dynamic/2e-06/64/None/model_11",
    "gender": {
        "dev": {
            "ss": 0.6730769230769231,
            "lms": 0.7788461538461539,
            "icat": 0.5092455621301775
        },
        "test": {
            "ss": 0.5384615384615384,
            "lms": 0.7211538461538461,
            "icat": 0.6656804733727811
        },
        "dev_count": 156,
        "test_count": 156
    },
    "profession": {
        "dev": {
            "ss": 0.5875706214689266,
            "lms": 0.711864406779661,
            "icat": 0.5871875897730536
        },
        "test": {
            "ss": 0.6214689265536724,
            "lms": 0.6497175141242938,
            "icat": 0.49187653611669696
        },
        "dev_count": 531,
        "test_count": 531
    },
    "race": {
        "dev": {
            "ss": 0.3826086956521739,
            "lms": 0.7369565217391304,
            "icat": 0.5639319470699433
        },
        "test": {
            "ss": 0.4458874458874459,
            "lms": 0.6904761904761905,
            "icat": 0.6157493300350443
        },
        "dev_count": 690,
        "test_count": 693
    },
    "religion": {
        "dev": {
            "ss": 0.7333333333333333,
            "lms": 0.7,
            "icat": 0.3733333333333334
        },
        "test": {
            "ss": 0.5,
            "lms": 0.78125,
            "icat": 0.78125
        },
        "dev_count": 45,
        "test_count": 48
    }
}
12/07/2025 18:57:35 - INFO - __main__ - ====================================================================================================
12/07/2025 18:57:35 - INFO - __main__ - Evaluating model at ./models/bert-base-cased/full_grad/inp/dynamic/2e-06/64/None/model_13
12/07/2025 18:57:35 - INFO - __main__ - ==================================================18/20==================================================
12/07/2025 18:57:36 - INFO - __main__ - Got result: {
    "path": "./models/bert-base-cased/full_grad/inp/dynamic/2e-06/64/None/model_13",
    "gender": {
        "dev": {
            "ss": 0.6538461538461539,
            "lms": 0.7788461538461539,
            "icat": 0.5392011834319527
        },
        "test": {
            "ss": 0.5192307692307693,
            "lms": 0.7307692307692307,
            "icat": 0.702662721893491
        },
        "dev_count": 156,
        "test_count": 156
    },
    "profession": {
        "dev": {
            "ss": 0.576271186440678,
            "lms": 0.7062146892655368,
            "icat": 0.5984870248013023
        },
        "test": {
            "ss": 0.6214689265536724,
            "lms": 0.6440677966101694,
            "icat": 0.48759934884611694
        },
        "dev_count": 531,
        "test_count": 531
    },
    "race": {
        "dev": {
            "ss": 0.3826086956521739,
            "lms": 0.7304347826086957,
            "icat": 0.5589413988657845
        },
        "test": {
            "ss": 0.44155844155844154,
            "lms": 0.6774891774891775,
            "icat": 0.5983021307696632
        },
        "dev_count": 690,
        "test_count": 693
    },
    "religion": {
        "dev": {
            "ss": 0.6666666666666666,
            "lms": 0.7,
            "icat": 0.4666666666666667
        },
        "test": {
            "ss": 0.5,
            "lms": 0.75,
            "icat": 0.75
        },
        "dev_count": 45,
        "test_count": 48
    }
}
12/07/2025 18:57:36 - INFO - __main__ - ====================================================================================================
12/07/2025 18:57:36 - INFO - __main__ - Evaluating model at ./models/bert-base-cased/full_grad/inp/dynamic/2e-06/64/None/model_2
12/07/2025 18:57:36 - INFO - __main__ - ==================================================19/20==================================================
12/07/2025 18:57:37 - INFO - __main__ - Got result: {
    "path": "./models/bert-base-cased/full_grad/inp/dynamic/2e-06/64/None/model_2",
    "gender": {
        "dev": {
            "ss": 0.6923076923076923,
            "lms": 0.7596153846153846,
            "icat": 0.46745562130177515
        },
        "test": {
            "ss": 0.5384615384615384,
            "lms": 0.75,
            "icat": 0.6923076923076923
        },
        "dev_count": 156,
        "test_count": 156
    },
    "profession": {
        "dev": {
            "ss": 0.5819209039548022,
            "lms": 0.7598870056497176,
            "icat": 0.635385744837052
        },
        "test": {
            "ss": 0.6271186440677966,
            "lms": 0.6864406779661016,
            "icat": 0.511921861534042
        },
        "dev_count": 531,
        "test_count": 531
    },
    "race": {
        "dev": {
            "ss": 0.41739130434782606,
            "lms": 0.7717391304347826,
            "icat": 0.644234404536862
        },
        "test": {
            "ss": 0.45454545454545453,
            "lms": 0.7316017316017316,
            "icat": 0.6650924832743014
        },
        "dev_count": 690,
        "test_count": 693
    },
    "religion": {
        "dev": {
            "ss": 0.7333333333333333,
            "lms": 0.7333333333333333,
            "icat": 0.3911111111111112
        },
        "test": {
            "ss": 0.5625,
            "lms": 0.71875,
            "icat": 0.62890625
        },
        "dev_count": 45,
        "test_count": 48
    }
}
12/07/2025 18:57:37 - INFO - __main__ - ====================================================================================================
12/07/2025 18:57:37 - INFO - __main__ - Evaluating model at ./models/bert-base-cased/full_grad/inp/dynamic/2e-06/64/None/model_12
12/07/2025 18:57:37 - INFO - __main__ - ==================================================20/20==================================================
12/07/2025 18:57:38 - INFO - __main__ - Got result: {
    "path": "./models/bert-base-cased/full_grad/inp/dynamic/2e-06/64/None/model_12",
    "gender": {
        "dev": {
            "ss": 0.6538461538461539,
            "lms": 0.7788461538461539,
            "icat": 0.5392011834319527
        },
        "test": {
            "ss": 0.5384615384615384,
            "lms": 0.7211538461538461,
            "icat": 0.6656804733727811
        },
        "dev_count": 156,
        "test_count": 156
    },
    "profession": {
        "dev": {
            "ss": 0.5706214689265536,
            "lms": 0.7090395480225988,
            "icat": 0.6088927192058476
        },
        "test": {
            "ss": 0.6214689265536724,
            "lms": 0.6440677966101694,
            "icat": 0.48759934884611694
        },
        "dev_count": 531,
        "test_count": 531
    },
    "race": {
        "dev": {
            "ss": 0.3782608695652174,
            "lms": 0.7304347826086957,
            "icat": 0.5525897920604914
        },
        "test": {
            "ss": 0.4458874458874459,
            "lms": 0.6774891774891775,
            "icat": 0.6041678379340717
        },
        "dev_count": 690,
        "test_count": 693
    },
    "religion": {
        "dev": {
            "ss": 0.6666666666666666,
            "lms": 0.7,
            "icat": 0.4666666666666667
        },
        "test": {
            "ss": 0.5,
            "lms": 0.75,
            "icat": 0.75
        },
        "dev_count": 45,
        "test_count": 48
    }
}
12/07/2025 18:57:38 - INFO - __main__ - ====================================================================================================
12/07/2025 18:57:38 - INFO - __main__ - Got results map {
    "full_grad": {
        "inp": {
            "dynamic": {
                "2e-06": {
                    "64": {
                        "None": {
                            "model_16": {
                                "path": "./models/bert-base-cased/full_grad/inp/dynamic/2e-06/64/None/model_16",
                                "gender": {
                                    "dev": {
                                        "ss": 0.6923076923076923,
                                        "lms": 0.7692307692307693,
                                        "icat": 0.4733727810650888
                                    },
                                    "test": {
                                        "ss": 0.5384615384615384,
                                        "lms": 0.75,
                                        "icat": 0.6923076923076923
                                    },
                                    "dev_count": 156,
                                    "test_count": 156
                                },
                                "profession": {
                                    "dev": {
                                        "ss": 0.5875706214689266,
                                        "lms": 0.7740112994350282,
                                        "icat": 0.6384499984040345
                                    },
                                    "test": {
                                        "ss": 0.6271186440677966,
                                        "lms": 0.7033898305084746,
                                        "icat": 0.5245619074978455
                                    },
                                    "dev_count": 531,
                                    "test_count": 531
                                },
                                "race": {
                                    "dev": {
                                        "ss": 0.41304347826086957,
                                        "lms": 0.7760869565217391,
                                        "icat": 0.6411153119092627
                                    },
                                    "test": {
                                        "ss": 0.4458874458874459,
                                        "lms": 0.7294372294372294,
                                        "icat": 0.6504938063379622
                                    },
                                    "dev_count": 690,
                                    "test_count": 693
                                },
                                "religion": {
                                    "dev": {
                                        "ss": 0.7333333333333333,
                                        "lms": 0.7333333333333333,
                                        "icat": 0.3911111111111112
                                    },
                                    "test": {
                                        "ss": 0.5625,
                                        "lms": 0.71875,
                                        "icat": 0.62890625
                                    },
                                    "dev_count": 45,
                                    "test_count": 48
                                }
                            },
                            "model_7": {
                                "path": "./models/bert-base-cased/full_grad/inp/dynamic/2e-06/64/None/model_7",
                                "gender": {
                                    "dev": {
                                        "ss": 0.6730769230769231,
                                        "lms": 0.7692307692307693,
                                        "icat": 0.5029585798816567
                                    },
                                    "test": {
                                        "ss": 0.5384615384615384,
                                        "lms": 0.7307692307692307,
                                        "icat": 0.6745562130177515
                                    },
                                    "dev_count": 156,
                                    "test_count": 156
                                },
                                "profession": {
                                    "dev": {
                                        "ss": 0.5819209039548022,
                                        "lms": 0.7344632768361582,
                                        "icat": 0.6141274857161098
                                    },
                                    "test": {
                                        "ss": 0.6045197740112994,
                                        "lms": 0.6807909604519774,
                                        "icat": 0.5384787257812251
                                    },
                                    "dev_count": 531,
                                    "test_count": 531
                                },
                                "race": {
                                    "dev": {
                                        "ss": 0.40869565217391307,
                                        "lms": 0.7456521739130435,
                                        "icat": 0.6094896030245748
                                    },
                                    "test": {
                                        "ss": 0.4588744588744589,
                                        "lms": 0.7034632034632035,
                                        "icat": 0.6456025936545418
                                    },
                                    "dev_count": 690,
                                    "test_count": 693
                                },
                                "religion": {
                                    "dev": {
                                        "ss": 0.7333333333333333,
                                        "lms": 0.7333333333333333,
                                        "icat": 0.3911111111111112
                                    },
                                    "test": {
                                        "ss": 0.5,
                                        "lms": 0.71875,
                                        "icat": 0.71875
                                    },
                                    "dev_count": 45,
                                    "test_count": 48
                                }
                            },
                            "model_6": {
                                "path": "./models/bert-base-cased/full_grad/inp/dynamic/2e-06/64/None/model_6",
                                "gender": {
                                    "dev": {
                                        "ss": 0.6730769230769231,
                                        "lms": 0.7692307692307693,
                                        "icat": 0.5029585798816567
                                    },
                                    "test": {
                                        "ss": 0.5384615384615384,
                                        "lms": 0.7307692307692307,
                                        "icat": 0.6745562130177515
                                    },
                                    "dev_count": 156,
                                    "test_count": 156
                                },
                                "profession": {
                                    "dev": {
                                        "ss": 0.5875706214689266,
                                        "lms": 0.7401129943502824,
                                        "icat": 0.6104886846053177
                                    },
                                    "test": {
                                        "ss": 0.6045197740112994,
                                        "lms": 0.6864406779661016,
                                        "icat": 0.5429474288997415
                                    },
                                    "dev_count": 531,
                                    "test_count": 531
                                },
                                "race": {
                                    "dev": {
                                        "ss": 0.41304347826086957,
                                        "lms": 0.7434782608695653,
                                        "icat": 0.6141776937618147
                                    },
                                    "test": {
                                        "ss": 0.4588744588744589,
                                        "lms": 0.7056277056277056,
                                        "icat": 0.6475890631734788
                                    },
                                    "dev_count": 690,
                                    "test_count": 693
                                },
                                "religion": {
                                    "dev": {
                                        "ss": 0.7333333333333333,
                                        "lms": 0.7333333333333333,
                                        "icat": 0.3911111111111112
                                    },
                                    "test": {
                                        "ss": 0.5,
                                        "lms": 0.71875,
                                        "icat": 0.71875
                                    },
                                    "dev_count": 45,
                                    "test_count": 48
                                }
                            },
                            "model_3": {
                                "path": "./models/bert-base-cased/full_grad/inp/dynamic/2e-06/64/None/model_3",
                                "gender": {
                                    "dev": {
                                        "ss": 0.6923076923076923,
                                        "lms": 0.7596153846153846,
                                        "icat": 0.46745562130177515
                                    },
                                    "test": {
                                        "ss": 0.5384615384615384,
                                        "lms": 0.7307692307692307,
                                        "icat": 0.6745562130177515
                                    },
                                    "dev_count": 156,
                                    "test_count": 156
                                },
                                "profession": {
                                    "dev": {
                                        "ss": 0.5932203389830508,
                                        "lms": 0.748587570621469,
                                        "icat": 0.6090203964378053
                                    },
                                    "test": {
                                        "ss": 0.615819209039548,
                                        "lms": 0.6892655367231638,
                                        "icat": 0.5296051581601711
                                    },
                                    "dev_count": 531,
                                    "test_count": 531
                                },
                                "race": {
                                    "dev": {
                                        "ss": 0.40869565217391307,
                                        "lms": 0.7695652173913043,
                                        "icat": 0.6290359168241967
                                    },
                                    "test": {
                                        "ss": 0.45454545454545453,
                                        "lms": 0.7207792207792207,
                                        "icat": 0.6552538370720188
                                    },
                                    "dev_count": 690,
                                    "test_count": 693
                                },
                                "religion": {
                                    "dev": {
                                        "ss": 0.7333333333333333,
                                        "lms": 0.7333333333333333,
                                        "icat": 0.3911111111111112
                                    },
                                    "test": {
                                        "ss": 0.5625,
                                        "lms": 0.71875,
                                        "icat": 0.62890625
                                    },
                                    "dev_count": 45,
                                    "test_count": 48
                                }
                            },
                            "model_8": {
                                "path": "./models/bert-base-cased/full_grad/inp/dynamic/2e-06/64/None/model_8",
                                "gender": {
                                    "dev": {
                                        "ss": 0.6730769230769231,
                                        "lms": 0.7692307692307693,
                                        "icat": 0.5029585798816567
                                    },
                                    "test": {
                                        "ss": 0.5384615384615384,
                                        "lms": 0.7307692307692307,
                                        "icat": 0.6745562130177515
                                    },
                                    "dev_count": 156,
                                    "test_count": 156
                                },
                                "profession": {
                                    "dev": {
                                        "ss": 0.5875706214689266,
                                        "lms": 0.7288135593220338,
                                        "icat": 0.6011682466724121
                                    },
                                    "test": {
                                        "ss": 0.6045197740112994,
                                        "lms": 0.6779661016949152,
                                        "icat": 0.5362443742219669
                                    },
                                    "dev_count": 531,
                                    "test_count": 531
                                },
                                "race": {
                                    "dev": {
                                        "ss": 0.41304347826086957,
                                        "lms": 0.7434782608695653,
                                        "icat": 0.6141776937618147
                                    },
                                    "test": {
                                        "ss": 0.4588744588744589,
                                        "lms": 0.7034632034632035,
                                        "icat": 0.6456025936545418
                                    },
                                    "dev_count": 690,
                                    "test_count": 693
                                },
                                "religion": {
                                    "dev": {
                                        "ss": 0.7333333333333333,
                                        "lms": 0.7333333333333333,
                                        "icat": 0.3911111111111112
                                    },
                                    "test": {
                                        "ss": 0.5,
                                        "lms": 0.78125,
                                        "icat": 0.78125
                                    },
                                    "dev_count": 45,
                                    "test_count": 48
                                }
                            },
                            "model_14": {
                                "path": "./models/bert-base-cased/full_grad/inp/dynamic/2e-06/64/None/model_14",
                                "gender": {
                                    "dev": {
                                        "ss": 0.6538461538461539,
                                        "lms": 0.7788461538461539,
                                        "icat": 0.5392011834319527
                                    },
                                    "test": {
                                        "ss": 0.5384615384615384,
                                        "lms": 0.7307692307692307,
                                        "icat": 0.6745562130177515
                                    },
                                    "dev_count": 156,
                                    "test_count": 156
                                },
                                "profession": {
                                    "dev": {
                                        "ss": 0.576271186440678,
                                        "lms": 0.7062146892655368,
                                        "icat": 0.5984870248013023
                                    },
                                    "test": {
                                        "ss": 0.6271186440677966,
                                        "lms": 0.6271186440677966,
                                        "icat": 0.46768170066072967
                                    },
                                    "dev_count": 531,
                                    "test_count": 531
                                },
                                "race": {
                                    "dev": {
                                        "ss": 0.391304347826087,
                                        "lms": 0.7326086956521739,
                                        "icat": 0.5733459357277882
                                    },
                                    "test": {
                                        "ss": 0.4458874458874459,
                                        "lms": 0.6688311688311688,
                                        "icat": 0.5964468432000899
                                    },
                                    "dev_count": 690,
                                    "test_count": 693
                                },
                                "religion": {
                                    "dev": {
                                        "ss": 0.6666666666666666,
                                        "lms": 0.7,
                                        "icat": 0.4666666666666667
                                    },
                                    "test": {
                                        "ss": 0.5,
                                        "lms": 0.75,
                                        "icat": 0.75
                                    },
                                    "dev_count": 45,
                                    "test_count": 48
                                }
                            },
                            "model_15": {
                                "path": "./models/bert-base-cased/full_grad/inp/dynamic/2e-06/64/None/model_15",
                                "gender": {
                                    "dev": {
                                        "ss": 0.6538461538461539,
                                        "lms": 0.7788461538461539,
                                        "icat": 0.5392011834319527
                                    },
                                    "test": {
                                        "ss": 0.5384615384615384,
                                        "lms": 0.7307692307692307,
                                        "icat": 0.6745562130177515
                                    },
                                    "dev_count": 156,
                                    "test_count": 156
                                },
                                "profession": {
                                    "dev": {
                                        "ss": 0.5649717514124294,
                                        "lms": 0.7062146892655368,
                                        "icat": 0.6144466787960037
                                    },
                                    "test": {
                                        "ss": 0.6214689265536724,
                                        "lms": 0.6214689265536724,
                                        "icat": 0.4704905997637971
                                    },
                                    "dev_count": 531,
                                    "test_count": 531
                                },
                                "race": {
                                    "dev": {
                                        "ss": 0.3826086956521739,
                                        "lms": 0.7282608695652174,
                                        "icat": 0.5572778827977316
                                    },
                                    "test": {
                                        "ss": 0.44155844155844154,
                                        "lms": 0.6688311688311688,
                                        "icat": 0.5906560971496035
                                    },
                                    "dev_count": 690,
                                    "test_count": 693
                                },
                                "religion": {
                                    "dev": {
                                        "ss": 0.6666666666666666,
                                        "lms": 0.7,
                                        "icat": 0.4666666666666667
                                    },
                                    "test": {
                                        "ss": 0.5,
                                        "lms": 0.75,
                                        "icat": 0.75
                                    },
                                    "dev_count": 45,
                                    "test_count": 48
                                }
                            },
                            "model_17": {
                                "path": "./models/bert-base-cased/full_grad/inp/dynamic/2e-06/64/None/model_17",
                                "gender": {
                                    "dev": {
                                        "ss": 0.6923076923076923,
                                        "lms": 0.7596153846153846,
                                        "icat": 0.46745562130177515
                                    },
                                    "test": {
                                        "ss": 0.5384615384615384,
                                        "lms": 0.75,
                                        "icat": 0.6923076923076923
                                    },
                                    "dev_count": 156,
                                    "test_count": 156
                                },
                                "profession": {
                                    "dev": {
                                        "ss": 0.5819209039548022,
                                        "lms": 0.7598870056497176,
                                        "icat": 0.635385744837052
                                    },
                                    "test": {
                                        "ss": 0.6271186440677966,
                                        "lms": 0.6864406779661016,
                                        "icat": 0.511921861534042
                                    },
                                    "dev_count": 531,
                                    "test_count": 531
                                },
                                "race": {
                                    "dev": {
                                        "ss": 0.41739130434782606,
                                        "lms": 0.7717391304347826,
                                        "icat": 0.644234404536862
                                    },
                                    "test": {
                                        "ss": 0.45454545454545453,
                                        "lms": 0.7316017316017316,
                                        "icat": 0.6650924832743014
                                    },
                                    "dev_count": 690,
                                    "test_count": 693
                                },
                                "religion": {
                                    "dev": {
                                        "ss": 0.7333333333333333,
                                        "lms": 0.7333333333333333,
                                        "icat": 0.3911111111111112
                                    },
                                    "test": {
                                        "ss": 0.5625,
                                        "lms": 0.71875,
                                        "icat": 0.62890625
                                    },
                                    "dev_count": 45,
                                    "test_count": 48
                                }
                            },
                            "model_5": {
                                "path": "./models/bert-base-cased/full_grad/inp/dynamic/2e-06/64/None/model_5",
                                "gender": {
                                    "dev": {
                                        "ss": 0.6923076923076923,
                                        "lms": 0.7692307692307693,
                                        "icat": 0.4733727810650888
                                    },
                                    "test": {
                                        "ss": 0.5384615384615384,
                                        "lms": 0.7307692307692307,
                                        "icat": 0.6745562130177515
                                    },
                                    "dev_count": 156,
                                    "test_count": 156
                                },
                                "profession": {
                                    "dev": {
                                        "ss": 0.5988700564971752,
                                        "lms": 0.7429378531073446,
                                        "icat": 0.5960292380861182
                                    },
                                    "test": {
                                        "ss": 0.615819209039548,
                                        "lms": 0.6892655367231638,
                                        "icat": 0.5296051581601711
                                    },
                                    "dev_count": 531,
                                    "test_count": 531
                                },
                                "race": {
                                    "dev": {
                                        "ss": 0.40869565217391307,
                                        "lms": 0.758695652173913,
                                        "icat": 0.6201512287334594
                                    },
                                    "test": {
                                        "ss": 0.46320346320346323,
                                        "lms": 0.70995670995671,
                                        "icat": 0.6577088135529695
                                    },
                                    "dev_count": 690,
                                    "test_count": 693
                                },
                                "religion": {
                                    "dev": {
                                        "ss": 0.7333333333333333,
                                        "lms": 0.7333333333333333,
                                        "icat": 0.3911111111111112
                                    },
                                    "test": {
                                        "ss": 0.5625,
                                        "lms": 0.75,
                                        "icat": 0.65625
                                    },
                                    "dev_count": 45,
                                    "test_count": 48
                                }
                            },
                            "model_4": {
                                "path": "./models/bert-base-cased/full_grad/inp/dynamic/2e-06/64/None/model_4",
                                "gender": {
                                    "dev": {
                                        "ss": 0.6923076923076923,
                                        "lms": 0.7596153846153846,
                                        "icat": 0.46745562130177515
                                    },
                                    "test": {
                                        "ss": 0.5384615384615384,
                                        "lms": 0.7307692307692307,
                                        "icat": 0.6745562130177515
                                    },
                                    "dev_count": 156,
                                    "test_count": 156
                                },
                                "profession": {
                                    "dev": {
                                        "ss": 0.6045197740112994,
                                        "lms": 0.7429378531073446,
                                        "icat": 0.5876344600849054
                                    },
                                    "test": {
                                        "ss": 0.615819209039548,
                                        "lms": 0.6864406779661016,
                                        "icat": 0.5274346452168917
                                    },
                                    "dev_count": 531,
                                    "test_count": 531
                                },
                                "race": {
                                    "dev": {
                                        "ss": 0.4043478260869565,
                                        "lms": 0.7608695652173914,
                                        "icat": 0.6153119092627599
                                    },
                                    "test": {
                                        "ss": 0.46320346320346323,
                                        "lms": 0.7121212121212122,
                                        "icat": 0.6597140233503871
                                    },
                                    "dev_count": 690,
                                    "test_count": 693
                                },
                                "religion": {
                                    "dev": {
                                        "ss": 0.7333333333333333,
                                        "lms": 0.7333333333333333,
                                        "icat": 0.3911111111111112
                                    },
                                    "test": {
                                        "ss": 0.5625,
                                        "lms": 0.71875,
                                        "icat": 0.62890625
                                    },
                                    "dev_count": 45,
                                    "test_count": 48
                                }
                            },
                            "model_10": {
                                "path": "./models/bert-base-cased/full_grad/inp/dynamic/2e-06/64/None/model_10",
                                "gender": {
                                    "dev": {
                                        "ss": 0.6730769230769231,
                                        "lms": 0.7692307692307693,
                                        "icat": 0.5029585798816567
                                    },
                                    "test": {
                                        "ss": 0.5384615384615384,
                                        "lms": 0.7211538461538461,
                                        "icat": 0.6656804733727811
                                    },
                                    "dev_count": 156,
                                    "test_count": 156
                                },
                                "profession": {
                                    "dev": {
                                        "ss": 0.5819209039548022,
                                        "lms": 0.7175141242937854,
                                        "icat": 0.5999553129688149
                                    },
                                    "test": {
                                        "ss": 0.615819209039548,
                                        "lms": 0.6497175141242938,
                                        "icat": 0.4992179769542597
                                    },
                                    "dev_count": 531,
                                    "test_count": 531
                                },
                                "race": {
                                    "dev": {
                                        "ss": 0.4,
                                        "lms": 0.7434782608695653,
                                        "icat": 0.5947826086956522
                                    },
                                    "test": {
                                        "ss": 0.4588744588744589,
                                        "lms": 0.696969696969697,
                                        "icat": 0.6396431850977305
                                    },
                                    "dev_count": 690,
                                    "test_count": 693
                                },
                                "religion": {
                                    "dev": {
                                        "ss": 0.7333333333333333,
                                        "lms": 0.7333333333333333,
                                        "icat": 0.3911111111111112
                                    },
                                    "test": {
                                        "ss": 0.5,
                                        "lms": 0.78125,
                                        "icat": 0.78125
                                    },
                                    "dev_count": 45,
                                    "test_count": 48
                                }
                            },
                            "model_1": {
                                "path": "./models/bert-base-cased/full_grad/inp/dynamic/2e-06/64/None/model_1",
                                "gender": {
                                    "dev": {
                                        "ss": 0.6923076923076923,
                                        "lms": 0.7692307692307693,
                                        "icat": 0.4733727810650888
                                    },
                                    "test": {
                                        "ss": 0.5384615384615384,
                                        "lms": 0.75,
                                        "icat": 0.6923076923076923
                                    },
                                    "dev_count": 156,
                                    "test_count": 156
                                },
                                "profession": {
                                    "dev": {
                                        "ss": 0.5875706214689266,
                                        "lms": 0.7740112994350282,
                                        "icat": 0.6384499984040345
                                    },
                                    "test": {
                                        "ss": 0.6271186440677966,
                                        "lms": 0.7033898305084746,
                                        "icat": 0.5245619074978455
                                    },
                                    "dev_count": 531,
                                    "test_count": 531
                                },
                                "race": {
                                    "dev": {
                                        "ss": 0.41304347826086957,
                                        "lms": 0.7760869565217391,
                                        "icat": 0.6411153119092627
                                    },
                                    "test": {
                                        "ss": 0.4458874458874459,
                                        "lms": 0.7294372294372294,
                                        "icat": 0.6504938063379622
                                    },
                                    "dev_count": 690,
                                    "test_count": 693
                                },
                                "religion": {
                                    "dev": {
                                        "ss": 0.7333333333333333,
                                        "lms": 0.7333333333333333,
                                        "icat": 0.3911111111111112
                                    },
                                    "test": {
                                        "ss": 0.5625,
                                        "lms": 0.71875,
                                        "icat": 0.62890625
                                    },
                                    "dev_count": 45,
                                    "test_count": 48
                                }
                            },
                            "model_20": {
                                "path": "./models/bert-base-cased/full_grad/inp/dynamic/2e-06/64/None/model_20",
                                "gender": {
                                    "dev": {
                                        "ss": 0.6923076923076923,
                                        "lms": 0.7692307692307693,
                                        "icat": 0.4733727810650888
                                    },
                                    "test": {
                                        "ss": 0.5384615384615384,
                                        "lms": 0.7307692307692307,
                                        "icat": 0.6745562130177515
                                    },
                                    "dev_count": 156,
                                    "test_count": 156
                                },
                                "profession": {
                                    "dev": {
                                        "ss": 0.5988700564971752,
                                        "lms": 0.7429378531073446,
                                        "icat": 0.5960292380861182
                                    },
                                    "test": {
                                        "ss": 0.615819209039548,
                                        "lms": 0.6892655367231638,
                                        "icat": 0.5296051581601711
                                    },
                                    "dev_count": 531,
                                    "test_count": 531
                                },
                                "race": {
                                    "dev": {
                                        "ss": 0.40869565217391307,
                                        "lms": 0.758695652173913,
                                        "icat": 0.6201512287334594
                                    },
                                    "test": {
                                        "ss": 0.46320346320346323,
                                        "lms": 0.70995670995671,
                                        "icat": 0.6577088135529695
                                    },
                                    "dev_count": 690,
                                    "test_count": 693
                                },
                                "religion": {
                                    "dev": {
                                        "ss": 0.7333333333333333,
                                        "lms": 0.7333333333333333,
                                        "icat": 0.3911111111111112
                                    },
                                    "test": {
                                        "ss": 0.5625,
                                        "lms": 0.75,
                                        "icat": 0.65625
                                    },
                                    "dev_count": 45,
                                    "test_count": 48
                                }
                            },
                            "model_19": {
                                "path": "./models/bert-base-cased/full_grad/inp/dynamic/2e-06/64/None/model_19",
                                "gender": {
                                    "dev": {
                                        "ss": 0.6923076923076923,
                                        "lms": 0.7596153846153846,
                                        "icat": 0.46745562130177515
                                    },
                                    "test": {
                                        "ss": 0.5384615384615384,
                                        "lms": 0.7307692307692307,
                                        "icat": 0.6745562130177515
                                    },
                                    "dev_count": 156,
                                    "test_count": 156
                                },
                                "profession": {
                                    "dev": {
                                        "ss": 0.6045197740112994,
                                        "lms": 0.7429378531073446,
                                        "icat": 0.5876344600849054
                                    },
                                    "test": {
                                        "ss": 0.615819209039548,
                                        "lms": 0.6864406779661016,
                                        "icat": 0.5274346452168917
                                    },
                                    "dev_count": 531,
                                    "test_count": 531
                                },
                                "race": {
                                    "dev": {
                                        "ss": 0.4043478260869565,
                                        "lms": 0.7608695652173914,
                                        "icat": 0.6153119092627599
                                    },
                                    "test": {
                                        "ss": 0.46320346320346323,
                                        "lms": 0.7121212121212122,
                                        "icat": 0.6597140233503871
                                    },
                                    "dev_count": 690,
                                    "test_count": 693
                                },
                                "religion": {
                                    "dev": {
                                        "ss": 0.7333333333333333,
                                        "lms": 0.7333333333333333,
                                        "icat": 0.3911111111111112
                                    },
                                    "test": {
                                        "ss": 0.5625,
                                        "lms": 0.71875,
                                        "icat": 0.62890625
                                    },
                                    "dev_count": 45,
                                    "test_count": 48
                                }
                            },
                            "model_9": {
                                "path": "./models/bert-base-cased/full_grad/inp/dynamic/2e-06/64/None/model_9",
                                "gender": {
                                    "dev": {
                                        "ss": 0.6730769230769231,
                                        "lms": 0.7692307692307693,
                                        "icat": 0.5029585798816567
                                    },
                                    "test": {
                                        "ss": 0.5384615384615384,
                                        "lms": 0.7307692307692307,
                                        "icat": 0.6745562130177515
                                    },
                                    "dev_count": 156,
                                    "test_count": 156
                                },
                                "profession": {
                                    "dev": {
                                        "ss": 0.5819209039548022,
                                        "lms": 0.7175141242937854,
                                        "icat": 0.5999553129688149
                                    },
                                    "test": {
                                        "ss": 0.6101694915254238,
                                        "lms": 0.6610169491525424,
                                        "icat": 0.5153691467968974
                                    },
                                    "dev_count": 531,
                                    "test_count": 531
                                },
                                "race": {
                                    "dev": {
                                        "ss": 0.4043478260869565,
                                        "lms": 0.7456521739130435,
                                        "icat": 0.6030056710775047
                                    },
                                    "test": {
                                        "ss": 0.46320346320346323,
                                        "lms": 0.6991341991341992,
                                        "icat": 0.6476827645658815
                                    },
                                    "dev_count": 690,
                                    "test_count": 693
                                },
                                "religion": {
                                    "dev": {
                                        "ss": 0.7333333333333333,
                                        "lms": 0.7333333333333333,
                                        "icat": 0.3911111111111112
                                    },
                                    "test": {
                                        "ss": 0.5,
                                        "lms": 0.78125,
                                        "icat": 0.78125
                                    },
                                    "dev_count": 45,
                                    "test_count": 48
                                }
                            },
                            "model_18": {
                                "path": "./models/bert-base-cased/full_grad/inp/dynamic/2e-06/64/None/model_18",
                                "gender": {
                                    "dev": {
                                        "ss": 0.6923076923076923,
                                        "lms": 0.7596153846153846,
                                        "icat": 0.46745562130177515
                                    },
                                    "test": {
                                        "ss": 0.5384615384615384,
                                        "lms": 0.7307692307692307,
                                        "icat": 0.6745562130177515
                                    },
                                    "dev_count": 156,
                                    "test_count": 156
                                },
                                "profession": {
                                    "dev": {
                                        "ss": 0.5932203389830508,
                                        "lms": 0.748587570621469,
                                        "icat": 0.6090203964378053
                                    },
                                    "test": {
                                        "ss": 0.615819209039548,
                                        "lms": 0.6892655367231638,
                                        "icat": 0.5296051581601711
                                    },
                                    "dev_count": 531,
                                    "test_count": 531
                                },
                                "race": {
                                    "dev": {
                                        "ss": 0.40869565217391307,
                                        "lms": 0.7695652173913043,
                                        "icat": 0.6290359168241967
                                    },
                                    "test": {
                                        "ss": 0.45454545454545453,
                                        "lms": 0.7207792207792207,
                                        "icat": 0.6552538370720188
                                    },
                                    "dev_count": 690,
                                    "test_count": 693
                                },
                                "religion": {
                                    "dev": {
                                        "ss": 0.7333333333333333,
                                        "lms": 0.7333333333333333,
                                        "icat": 0.3911111111111112
                                    },
                                    "test": {
                                        "ss": 0.5625,
                                        "lms": 0.71875,
                                        "icat": 0.62890625
                                    },
                                    "dev_count": 45,
                                    "test_count": 48
                                }
                            },
                            "model_11": {
                                "path": "./models/bert-base-cased/full_grad/inp/dynamic/2e-06/64/None/model_11",
                                "gender": {
                                    "dev": {
                                        "ss": 0.6730769230769231,
                                        "lms": 0.7788461538461539,
                                        "icat": 0.5092455621301775
                                    },
                                    "test": {
                                        "ss": 0.5384615384615384,
                                        "lms": 0.7211538461538461,
                                        "icat": 0.6656804733727811
                                    },
                                    "dev_count": 156,
                                    "test_count": 156
                                },
                                "profession": {
                                    "dev": {
                                        "ss": 0.5875706214689266,
                                        "lms": 0.711864406779661,
                                        "icat": 0.5871875897730536
                                    },
                                    "test": {
                                        "ss": 0.6214689265536724,
                                        "lms": 0.6497175141242938,
                                        "icat": 0.49187653611669696
                                    },
                                    "dev_count": 531,
                                    "test_count": 531
                                },
                                "race": {
                                    "dev": {
                                        "ss": 0.3826086956521739,
                                        "lms": 0.7369565217391304,
                                        "icat": 0.5639319470699433
                                    },
                                    "test": {
                                        "ss": 0.4458874458874459,
                                        "lms": 0.6904761904761905,
                                        "icat": 0.6157493300350443
                                    },
                                    "dev_count": 690,
                                    "test_count": 693
                                },
                                "religion": {
                                    "dev": {
                                        "ss": 0.7333333333333333,
                                        "lms": 0.7,
                                        "icat": 0.3733333333333334
                                    },
                                    "test": {
                                        "ss": 0.5,
                                        "lms": 0.78125,
                                        "icat": 0.78125
                                    },
                                    "dev_count": 45,
                                    "test_count": 48
                                }
                            },
                            "model_13": {
                                "path": "./models/bert-base-cased/full_grad/inp/dynamic/2e-06/64/None/model_13",
                                "gender": {
                                    "dev": {
                                        "ss": 0.6538461538461539,
                                        "lms": 0.7788461538461539,
                                        "icat": 0.5392011834319527
                                    },
                                    "test": {
                                        "ss": 0.5192307692307693,
                                        "lms": 0.7307692307692307,
                                        "icat": 0.702662721893491
                                    },
                                    "dev_count": 156,
                                    "test_count": 156
                                },
                                "profession": {
                                    "dev": {
                                        "ss": 0.576271186440678,
                                        "lms": 0.7062146892655368,
                                        "icat": 0.5984870248013023
                                    },
                                    "test": {
                                        "ss": 0.6214689265536724,
                                        "lms": 0.6440677966101694,
                                        "icat": 0.48759934884611694
                                    },
                                    "dev_count": 531,
                                    "test_count": 531
                                },
                                "race": {
                                    "dev": {
                                        "ss": 0.3826086956521739,
                                        "lms": 0.7304347826086957,
                                        "icat": 0.5589413988657845
                                    },
                                    "test": {
                                        "ss": 0.44155844155844154,
                                        "lms": 0.6774891774891775,
                                        "icat": 0.5983021307696632
                                    },
                                    "dev_count": 690,
                                    "test_count": 693
                                },
                                "religion": {
                                    "dev": {
                                        "ss": 0.6666666666666666,
                                        "lms": 0.7,
                                        "icat": 0.4666666666666667
                                    },
                                    "test": {
                                        "ss": 0.5,
                                        "lms": 0.75,
                                        "icat": 0.75
                                    },
                                    "dev_count": 45,
                                    "test_count": 48
                                }
                            },
                            "model_2": {
                                "path": "./models/bert-base-cased/full_grad/inp/dynamic/2e-06/64/None/model_2",
                                "gender": {
                                    "dev": {
                                        "ss": 0.6923076923076923,
                                        "lms": 0.7596153846153846,
                                        "icat": 0.46745562130177515
                                    },
                                    "test": {
                                        "ss": 0.5384615384615384,
                                        "lms": 0.75,
                                        "icat": 0.6923076923076923
                                    },
                                    "dev_count": 156,
                                    "test_count": 156
                                },
                                "profession": {
                                    "dev": {
                                        "ss": 0.5819209039548022,
                                        "lms": 0.7598870056497176,
                                        "icat": 0.635385744837052
                                    },
                                    "test": {
                                        "ss": 0.6271186440677966,
                                        "lms": 0.6864406779661016,
                                        "icat": 0.511921861534042
                                    },
                                    "dev_count": 531,
                                    "test_count": 531
                                },
                                "race": {
                                    "dev": {
                                        "ss": 0.41739130434782606,
                                        "lms": 0.7717391304347826,
                                        "icat": 0.644234404536862
                                    },
                                    "test": {
                                        "ss": 0.45454545454545453,
                                        "lms": 0.7316017316017316,
                                        "icat": 0.6650924832743014
                                    },
                                    "dev_count": 690,
                                    "test_count": 693
                                },
                                "religion": {
                                    "dev": {
                                        "ss": 0.7333333333333333,
                                        "lms": 0.7333333333333333,
                                        "icat": 0.3911111111111112
                                    },
                                    "test": {
                                        "ss": 0.5625,
                                        "lms": 0.71875,
                                        "icat": 0.62890625
                                    },
                                    "dev_count": 45,
                                    "test_count": 48
                                }
                            },
                            "model_12": {
                                "path": "./models/bert-base-cased/full_grad/inp/dynamic/2e-06/64/None/model_12",
                                "gender": {
                                    "dev": {
                                        "ss": 0.6538461538461539,
                                        "lms": 0.7788461538461539,
                                        "icat": 0.5392011834319527
                                    },
                                    "test": {
                                        "ss": 0.5384615384615384,
                                        "lms": 0.7211538461538461,
                                        "icat": 0.6656804733727811
                                    },
                                    "dev_count": 156,
                                    "test_count": 156
                                },
                                "profession": {
                                    "dev": {
                                        "ss": 0.5706214689265536,
                                        "lms": 0.7090395480225988,
                                        "icat": 0.6088927192058476
                                    },
                                    "test": {
                                        "ss": 0.6214689265536724,
                                        "lms": 0.6440677966101694,
                                        "icat": 0.48759934884611694
                                    },
                                    "dev_count": 531,
                                    "test_count": 531
                                },
                                "race": {
                                    "dev": {
                                        "ss": 0.3782608695652174,
                                        "lms": 0.7304347826086957,
                                        "icat": 0.5525897920604914
                                    },
                                    "test": {
                                        "ss": 0.4458874458874459,
                                        "lms": 0.6774891774891775,
                                        "icat": 0.6041678379340717
                                    },
                                    "dev_count": 690,
                                    "test_count": 693
                                },
                                "religion": {
                                    "dev": {
                                        "ss": 0.6666666666666666,
                                        "lms": 0.7,
                                        "icat": 0.4666666666666667
                                    },
                                    "test": {
                                        "ss": 0.5,
                                        "lms": 0.75,
                                        "icat": 0.75
                                    },
                                    "dev_count": 45,
                                    "test_count": 48
                                }
                            }
                        }
                    }
                }
            }
        }
    }
}
12/07/2025 18:57:38 - INFO - __main__ - Got best results {
    "best_model": {
        "path": "./models/bert-base-cased/full_grad/inp/dynamic/2e-06/64/None/model_15",
        "gender": {
            "dev": {
                "ss": 0.6538461538461539,
                "lms": 0.7788461538461539,
                "icat": 0.5392011834319527
            },
            "test": {
                "ss": 0.5384615384615384,
                "lms": 0.7307692307692307,
                "icat": 0.6745562130177515
            },
            "dev_count": 156,
            "test_count": 156
        },
        "profession": {
            "dev": {
                "ss": 0.5649717514124294,
                "lms": 0.7062146892655368,
                "icat": 0.6144466787960037
            },
            "test": {
                "ss": 0.6214689265536724,
                "lms": 0.6214689265536724,
                "icat": 0.4704905997637971
            },
            "dev_count": 531,
            "test_count": 531
        },
        "race": {
            "dev": {
                "ss": 0.3826086956521739,
                "lms": 0.7282608695652174,
                "icat": 0.5572778827977316
            },
            "test": {
                "ss": 0.44155844155844154,
                "lms": 0.6688311688311688,
                "icat": 0.5906560971496035
            },
            "dev_count": 690,
            "test_count": 693
        },
        "religion": {
            "dev": {
                "ss": 0.6666666666666666,
                "lms": 0.7,
                "icat": 0.4666666666666667
            },
            "test": {
                "ss": 0.5,
                "lms": 0.75,
                "icat": 0.75
            },
            "dev_count": 45,
            "test_count": 48
        },
        "dev_criterion_score": -0.5851528384279476,
        "test_criterion_score": -0.6026200873362445
    },
    "full_grad": {
        "best_model": {
            "path": "./models/bert-base-cased/full_grad/inp/dynamic/2e-06/64/None/model_15",
            "gender": {
                "dev": {
                    "ss": 0.6538461538461539,
                    "lms": 0.7788461538461539,
                    "icat": 0.5392011834319527
                },
                "test": {
                    "ss": 0.5384615384615384,
                    "lms": 0.7307692307692307,
                    "icat": 0.6745562130177515
                },
                "dev_count": 156,
                "test_count": 156
            },
            "profession": {
                "dev": {
                    "ss": 0.5649717514124294,
                    "lms": 0.7062146892655368,
                    "icat": 0.6144466787960037
                },
                "test": {
                    "ss": 0.6214689265536724,
                    "lms": 0.6214689265536724,
                    "icat": 0.4704905997637971
                },
                "dev_count": 531,
                "test_count": 531
            },
            "race": {
                "dev": {
                    "ss": 0.3826086956521739,
                    "lms": 0.7282608695652174,
                    "icat": 0.5572778827977316
                },
                "test": {
                    "ss": 0.44155844155844154,
                    "lms": 0.6688311688311688,
                    "icat": 0.5906560971496035
                },
                "dev_count": 690,
                "test_count": 693
            },
            "religion": {
                "dev": {
                    "ss": 0.6666666666666666,
                    "lms": 0.7,
                    "icat": 0.4666666666666667
                },
                "test": {
                    "ss": 0.5,
                    "lms": 0.75,
                    "icat": 0.75
                },
                "dev_count": 45,
                "test_count": 48
            },
            "dev_criterion_score": -0.5851528384279476,
            "test_criterion_score": -0.6026200873362445
        },
        "inp": {
            "best_model": {
                "path": "./models/bert-base-cased/full_grad/inp/dynamic/2e-06/64/None/model_15",
                "gender": {
                    "dev": {
                        "ss": 0.6538461538461539,
                        "lms": 0.7788461538461539,
                        "icat": 0.5392011834319527
                    },
                    "test": {
                        "ss": 0.5384615384615384,
                        "lms": 0.7307692307692307,
                        "icat": 0.6745562130177515
                    },
                    "dev_count": 156,
                    "test_count": 156
                },
                "profession": {
                    "dev": {
                        "ss": 0.5649717514124294,
                        "lms": 0.7062146892655368,
                        "icat": 0.6144466787960037
                    },
                    "test": {
                        "ss": 0.6214689265536724,
                        "lms": 0.6214689265536724,
                        "icat": 0.4704905997637971
                    },
                    "dev_count": 531,
                    "test_count": 531
                },
                "race": {
                    "dev": {
                        "ss": 0.3826086956521739,
                        "lms": 0.7282608695652174,
                        "icat": 0.5572778827977316
                    },
                    "test": {
                        "ss": 0.44155844155844154,
                        "lms": 0.6688311688311688,
                        "icat": 0.5906560971496035
                    },
                    "dev_count": 690,
                    "test_count": 693
                },
                "religion": {
                    "dev": {
                        "ss": 0.6666666666666666,
                        "lms": 0.7,
                        "icat": 0.4666666666666667
                    },
                    "test": {
                        "ss": 0.5,
                        "lms": 0.75,
                        "icat": 0.75
                    },
                    "dev_count": 45,
                    "test_count": 48
                },
                "dev_criterion_score": -0.5851528384279476,
                "test_criterion_score": -0.6026200873362445
            },
            "dynamic": {
                "best_model": {
                    "path": "./models/bert-base-cased/full_grad/inp/dynamic/2e-06/64/None/model_15",
                    "gender": {
                        "dev": {
                            "ss": 0.6538461538461539,
                            "lms": 0.7788461538461539,
                            "icat": 0.5392011834319527
                        },
                        "test": {
                            "ss": 0.5384615384615384,
                            "lms": 0.7307692307692307,
                            "icat": 0.6745562130177515
                        },
                        "dev_count": 156,
                        "test_count": 156
                    },
                    "profession": {
                        "dev": {
                            "ss": 0.5649717514124294,
                            "lms": 0.7062146892655368,
                            "icat": 0.6144466787960037
                        },
                        "test": {
                            "ss": 0.6214689265536724,
                            "lms": 0.6214689265536724,
                            "icat": 0.4704905997637971
                        },
                        "dev_count": 531,
                        "test_count": 531
                    },
                    "race": {
                        "dev": {
                            "ss": 0.3826086956521739,
                            "lms": 0.7282608695652174,
                            "icat": 0.5572778827977316
                        },
                        "test": {
                            "ss": 0.44155844155844154,
                            "lms": 0.6688311688311688,
                            "icat": 0.5906560971496035
                        },
                        "dev_count": 690,
                        "test_count": 693
                    },
                    "religion": {
                        "dev": {
                            "ss": 0.6666666666666666,
                            "lms": 0.7,
                            "icat": 0.4666666666666667
                        },
                        "test": {
                            "ss": 0.5,
                            "lms": 0.75,
                            "icat": 0.75
                        },
                        "dev_count": 45,
                        "test_count": 48
                    },
                    "dev_criterion_score": -0.5851528384279476,
                    "test_criterion_score": -0.6026200873362445
                },
                "2e-06": {
                    "best_model": {
                        "path": "./models/bert-base-cased/full_grad/inp/dynamic/2e-06/64/None/model_15",
                        "gender": {
                            "dev": {
                                "ss": 0.6538461538461539,
                                "lms": 0.7788461538461539,
                                "icat": 0.5392011834319527
                            },
                            "test": {
                                "ss": 0.5384615384615384,
                                "lms": 0.7307692307692307,
                                "icat": 0.6745562130177515
                            },
                            "dev_count": 156,
                            "test_count": 156
                        },
                        "profession": {
                            "dev": {
                                "ss": 0.5649717514124294,
                                "lms": 0.7062146892655368,
                                "icat": 0.6144466787960037
                            },
                            "test": {
                                "ss": 0.6214689265536724,
                                "lms": 0.6214689265536724,
                                "icat": 0.4704905997637971
                            },
                            "dev_count": 531,
                            "test_count": 531
                        },
                        "race": {
                            "dev": {
                                "ss": 0.3826086956521739,
                                "lms": 0.7282608695652174,
                                "icat": 0.5572778827977316
                            },
                            "test": {
                                "ss": 0.44155844155844154,
                                "lms": 0.6688311688311688,
                                "icat": 0.5906560971496035
                            },
                            "dev_count": 690,
                            "test_count": 693
                        },
                        "religion": {
                            "dev": {
                                "ss": 0.6666666666666666,
                                "lms": 0.7,
                                "icat": 0.4666666666666667
                            },
                            "test": {
                                "ss": 0.5,
                                "lms": 0.75,
                                "icat": 0.75
                            },
                            "dev_count": 45,
                            "test_count": 48
                        },
                        "dev_criterion_score": -0.5851528384279476,
                        "test_criterion_score": -0.6026200873362445
                    },
                    "64": {
                        "best_model": {
                            "path": "./models/bert-base-cased/full_grad/inp/dynamic/2e-06/64/None/model_15",
                            "gender": {
                                "dev": {
                                    "ss": 0.6538461538461539,
                                    "lms": 0.7788461538461539,
                                    "icat": 0.5392011834319527
                                },
                                "test": {
                                    "ss": 0.5384615384615384,
                                    "lms": 0.7307692307692307,
                                    "icat": 0.6745562130177515
                                },
                                "dev_count": 156,
                                "test_count": 156
                            },
                            "profession": {
                                "dev": {
                                    "ss": 0.5649717514124294,
                                    "lms": 0.7062146892655368,
                                    "icat": 0.6144466787960037
                                },
                                "test": {
                                    "ss": 0.6214689265536724,
                                    "lms": 0.6214689265536724,
                                    "icat": 0.4704905997637971
                                },
                                "dev_count": 531,
                                "test_count": 531
                            },
                            "race": {
                                "dev": {
                                    "ss": 0.3826086956521739,
                                    "lms": 0.7282608695652174,
                                    "icat": 0.5572778827977316
                                },
                                "test": {
                                    "ss": 0.44155844155844154,
                                    "lms": 0.6688311688311688,
                                    "icat": 0.5906560971496035
                                },
                                "dev_count": 690,
                                "test_count": 693
                            },
                            "religion": {
                                "dev": {
                                    "ss": 0.6666666666666666,
                                    "lms": 0.7,
                                    "icat": 0.4666666666666667
                                },
                                "test": {
                                    "ss": 0.5,
                                    "lms": 0.75,
                                    "icat": 0.75
                                },
                                "dev_count": 45,
                                "test_count": 48
                            },
                            "dev_criterion_score": -0.5851528384279476,
                            "test_criterion_score": -0.6026200873362445
                        },
                        "None": {
                            "best_model": {
                                "path": "./models/bert-base-cased/full_grad/inp/dynamic/2e-06/64/None/model_15",
                                "gender": {
                                    "dev": {
                                        "ss": 0.6538461538461539,
                                        "lms": 0.7788461538461539,
                                        "icat": 0.5392011834319527
                                    },
                                    "test": {
                                        "ss": 0.5384615384615384,
                                        "lms": 0.7307692307692307,
                                        "icat": 0.6745562130177515
                                    },
                                    "dev_count": 156,
                                    "test_count": 156
                                },
                                "profession": {
                                    "dev": {
                                        "ss": 0.5649717514124294,
                                        "lms": 0.7062146892655368,
                                        "icat": 0.6144466787960037
                                    },
                                    "test": {
                                        "ss": 0.6214689265536724,
                                        "lms": 0.6214689265536724,
                                        "icat": 0.4704905997637971
                                    },
                                    "dev_count": 531,
                                    "test_count": 531
                                },
                                "race": {
                                    "dev": {
                                        "ss": 0.3826086956521739,
                                        "lms": 0.7282608695652174,
                                        "icat": 0.5572778827977316
                                    },
                                    "test": {
                                        "ss": 0.44155844155844154,
                                        "lms": 0.6688311688311688,
                                        "icat": 0.5906560971496035
                                    },
                                    "dev_count": 690,
                                    "test_count": 693
                                },
                                "religion": {
                                    "dev": {
                                        "ss": 0.6666666666666666,
                                        "lms": 0.7,
                                        "icat": 0.4666666666666667
                                    },
                                    "test": {
                                        "ss": 0.5,
                                        "lms": 0.75,
                                        "icat": 0.75
                                    },
                                    "dev_count": 45,
                                    "test_count": 48
                                },
                                "dev_criterion_score": -0.5851528384279476,
                                "test_criterion_score": -0.6026200873362445
                            },
                            "model_16": {
                                "best_model": {
                                    "path": "./models/bert-base-cased/full_grad/inp/dynamic/2e-06/64/None/model_16",
                                    "gender": {
                                        "dev": {
                                            "ss": 0.6923076923076923,
                                            "lms": 0.7692307692307693,
                                            "icat": 0.4733727810650888
                                        },
                                        "test": {
                                            "ss": 0.5384615384615384,
                                            "lms": 0.75,
                                            "icat": 0.6923076923076923
                                        },
                                        "dev_count": 156,
                                        "test_count": 156
                                    },
                                    "profession": {
                                        "dev": {
                                            "ss": 0.5875706214689266,
                                            "lms": 0.7740112994350282,
                                            "icat": 0.6384499984040345
                                        },
                                        "test": {
                                            "ss": 0.6271186440677966,
                                            "lms": 0.7033898305084746,
                                            "icat": 0.5245619074978455
                                        },
                                        "dev_count": 531,
                                        "test_count": 531
                                    },
                                    "race": {
                                        "dev": {
                                            "ss": 0.41304347826086957,
                                            "lms": 0.7760869565217391,
                                            "icat": 0.6411153119092627
                                        },
                                        "test": {
                                            "ss": 0.4458874458874459,
                                            "lms": 0.7294372294372294,
                                            "icat": 0.6504938063379622
                                        },
                                        "dev_count": 690,
                                        "test_count": 693
                                    },
                                    "religion": {
                                        "dev": {
                                            "ss": 0.7333333333333333,
                                            "lms": 0.7333333333333333,
                                            "icat": 0.3911111111111112
                                        },
                                        "test": {
                                            "ss": 0.5625,
                                            "lms": 0.71875,
                                            "icat": 0.62890625
                                        },
                                        "dev_count": 45,
                                        "test_count": 48
                                    },
                                    "dev_criterion_score": -0.611353711790393,
                                    "test_criterion_score": -0.6069868995633187
                                }
                            },
                            "model_7": {
                                "best_model": {
                                    "path": "./models/bert-base-cased/full_grad/inp/dynamic/2e-06/64/None/model_7",
                                    "gender": {
                                        "dev": {
                                            "ss": 0.6730769230769231,
                                            "lms": 0.7692307692307693,
                                            "icat": 0.5029585798816567
                                        },
                                        "test": {
                                            "ss": 0.5384615384615384,
                                            "lms": 0.7307692307692307,
                                            "icat": 0.6745562130177515
                                        },
                                        "dev_count": 156,
                                        "test_count": 156
                                    },
                                    "profession": {
                                        "dev": {
                                            "ss": 0.5819209039548022,
                                            "lms": 0.7344632768361582,
                                            "icat": 0.6141274857161098
                                        },
                                        "test": {
                                            "ss": 0.6045197740112994,
                                            "lms": 0.6807909604519774,
                                            "icat": 0.5384787257812251
                                        },
                                        "dev_count": 531,
                                        "test_count": 531
                                    },
                                    "race": {
                                        "dev": {
                                            "ss": 0.40869565217391307,
                                            "lms": 0.7456521739130435,
                                            "icat": 0.6094896030245748
                                        },
                                        "test": {
                                            "ss": 0.4588744588744589,
                                            "lms": 0.7034632034632035,
                                            "icat": 0.6456025936545418
                                        },
                                        "dev_count": 690,
                                        "test_count": 693
                                    },
                                    "religion": {
                                        "dev": {
                                            "ss": 0.7333333333333333,
                                            "lms": 0.7333333333333333,
                                            "icat": 0.3911111111111112
                                        },
                                        "test": {
                                            "ss": 0.5,
                                            "lms": 0.71875,
                                            "icat": 0.71875
                                        },
                                        "dev_count": 45,
                                        "test_count": 48
                                    },
                                    "dev_criterion_score": -0.6026200873362445,
                                    "test_criterion_score": -0.5895196506550219
                                }
                            },
                            "model_6": {
                                "best_model": {
                                    "path": "./models/bert-base-cased/full_grad/inp/dynamic/2e-06/64/None/model_6",
                                    "gender": {
                                        "dev": {
                                            "ss": 0.6730769230769231,
                                            "lms": 0.7692307692307693,
                                            "icat": 0.5029585798816567
                                        },
                                        "test": {
                                            "ss": 0.5384615384615384,
                                            "lms": 0.7307692307692307,
                                            "icat": 0.6745562130177515
                                        },
                                        "dev_count": 156,
                                        "test_count": 156
                                    },
                                    "profession": {
                                        "dev": {
                                            "ss": 0.5875706214689266,
                                            "lms": 0.7401129943502824,
                                            "icat": 0.6104886846053177
                                        },
                                        "test": {
                                            "ss": 0.6045197740112994,
                                            "lms": 0.6864406779661016,
                                            "icat": 0.5429474288997415
                                        },
                                        "dev_count": 531,
                                        "test_count": 531
                                    },
                                    "race": {
                                        "dev": {
                                            "ss": 0.41304347826086957,
                                            "lms": 0.7434782608695653,
                                            "icat": 0.6141776937618147
                                        },
                                        "test": {
                                            "ss": 0.4588744588744589,
                                            "lms": 0.7056277056277056,
                                            "icat": 0.6475890631734788
                                        },
                                        "dev_count": 690,
                                        "test_count": 693
                                    },
                                    "religion": {
                                        "dev": {
                                            "ss": 0.7333333333333333,
                                            "lms": 0.7333333333333333,
                                            "icat": 0.3911111111111112
                                        },
                                        "test": {
                                            "ss": 0.5,
                                            "lms": 0.71875,
                                            "icat": 0.71875
                                        },
                                        "dev_count": 45,
                                        "test_count": 48
                                    },
                                    "dev_criterion_score": -0.6069868995633187,
                                    "test_criterion_score": -0.5895196506550219
                                }
                            },
                            "model_3": {
                                "best_model": {
                                    "path": "./models/bert-base-cased/full_grad/inp/dynamic/2e-06/64/None/model_3",
                                    "gender": {
                                        "dev": {
                                            "ss": 0.6923076923076923,
                                            "lms": 0.7596153846153846,
                                            "icat": 0.46745562130177515
                                        },
                                        "test": {
                                            "ss": 0.5384615384615384,
                                            "lms": 0.7307692307692307,
                                            "icat": 0.6745562130177515
                                        },
                                        "dev_count": 156,
                                        "test_count": 156
                                    },
                                    "profession": {
                                        "dev": {
                                            "ss": 0.5932203389830508,
                                            "lms": 0.748587570621469,
                                            "icat": 0.6090203964378053
                                        },
                                        "test": {
                                            "ss": 0.615819209039548,
                                            "lms": 0.6892655367231638,
                                            "icat": 0.5296051581601711
                                        },
                                        "dev_count": 531,
                                        "test_count": 531
                                    },
                                    "race": {
                                        "dev": {
                                            "ss": 0.40869565217391307,
                                            "lms": 0.7695652173913043,
                                            "icat": 0.6290359168241967
                                        },
                                        "test": {
                                            "ss": 0.45454545454545453,
                                            "lms": 0.7207792207792207,
                                            "icat": 0.6552538370720188
                                        },
                                        "dev_count": 690,
                                        "test_count": 693
                                    },
                                    "religion": {
                                        "dev": {
                                            "ss": 0.7333333333333333,
                                            "lms": 0.7333333333333333,
                                            "icat": 0.3911111111111112
                                        },
                                        "test": {
                                            "ss": 0.5625,
                                            "lms": 0.71875,
                                            "icat": 0.62890625
                                        },
                                        "dev_count": 45,
                                        "test_count": 48
                                    },
                                    "dev_criterion_score": -0.6157205240174672,
                                    "test_criterion_score": -0.5982532751091703
                                }
                            },
                            "model_8": {
                                "best_model": {
                                    "path": "./models/bert-base-cased/full_grad/inp/dynamic/2e-06/64/None/model_8",
                                    "gender": {
                                        "dev": {
                                            "ss": 0.6730769230769231,
                                            "lms": 0.7692307692307693,
                                            "icat": 0.5029585798816567
                                        },
                                        "test": {
                                            "ss": 0.5384615384615384,
                                            "lms": 0.7307692307692307,
                                            "icat": 0.6745562130177515
                                        },
                                        "dev_count": 156,
                                        "test_count": 156
                                    },
                                    "profession": {
                                        "dev": {
                                            "ss": 0.5875706214689266,
                                            "lms": 0.7288135593220338,
                                            "icat": 0.6011682466724121
                                        },
                                        "test": {
                                            "ss": 0.6045197740112994,
                                            "lms": 0.6779661016949152,
                                            "icat": 0.5362443742219669
                                        },
                                        "dev_count": 531,
                                        "test_count": 531
                                    },
                                    "race": {
                                        "dev": {
                                            "ss": 0.41304347826086957,
                                            "lms": 0.7434782608695653,
                                            "icat": 0.6141776937618147
                                        },
                                        "test": {
                                            "ss": 0.4588744588744589,
                                            "lms": 0.7034632034632035,
                                            "icat": 0.6456025936545418
                                        },
                                        "dev_count": 690,
                                        "test_count": 693
                                    },
                                    "religion": {
                                        "dev": {
                                            "ss": 0.7333333333333333,
                                            "lms": 0.7333333333333333,
                                            "icat": 0.3911111111111112
                                        },
                                        "test": {
                                            "ss": 0.5,
                                            "lms": 0.78125,
                                            "icat": 0.78125
                                        },
                                        "dev_count": 45,
                                        "test_count": 48
                                    },
                                    "dev_criterion_score": -0.6069868995633187,
                                    "test_criterion_score": -0.5895196506550219
                                }
                            },
                            "model_14": {
                                "best_model": {
                                    "path": "./models/bert-base-cased/full_grad/inp/dynamic/2e-06/64/None/model_14",
                                    "gender": {
                                        "dev": {
                                            "ss": 0.6538461538461539,
                                            "lms": 0.7788461538461539,
                                            "icat": 0.5392011834319527
                                        },
                                        "test": {
                                            "ss": 0.5384615384615384,
                                            "lms": 0.7307692307692307,
                                            "icat": 0.6745562130177515
                                        },
                                        "dev_count": 156,
                                        "test_count": 156
                                    },
                                    "profession": {
                                        "dev": {
                                            "ss": 0.576271186440678,
                                            "lms": 0.7062146892655368,
                                            "icat": 0.5984870248013023
                                        },
                                        "test": {
                                            "ss": 0.6271186440677966,
                                            "lms": 0.6271186440677966,
                                            "icat": 0.46768170066072967
                                        },
                                        "dev_count": 531,
                                        "test_count": 531
                                    },
                                    "race": {
                                        "dev": {
                                            "ss": 0.391304347826087,
                                            "lms": 0.7326086956521739,
                                            "icat": 0.5733459357277882
                                        },
                                        "test": {
                                            "ss": 0.4458874458874459,
                                            "lms": 0.6688311688311688,
                                            "icat": 0.5964468432000899
                                        },
                                        "dev_count": 690,
                                        "test_count": 693
                                    },
                                    "religion": {
                                        "dev": {
                                            "ss": 0.6666666666666666,
                                            "lms": 0.7,
                                            "icat": 0.4666666666666667
                                        },
                                        "test": {
                                            "ss": 0.5,
                                            "lms": 0.75,
                                            "icat": 0.75
                                        },
                                        "dev_count": 45,
                                        "test_count": 48
                                    },
                                    "dev_criterion_score": -0.5938864628820961,
                                    "test_criterion_score": -0.6069868995633187
                                }
                            },
                            "model_15": {
                                "best_model": {
                                    "path": "./models/bert-base-cased/full_grad/inp/dynamic/2e-06/64/None/model_15",
                                    "gender": {
                                        "dev": {
                                            "ss": 0.6538461538461539,
                                            "lms": 0.7788461538461539,
                                            "icat": 0.5392011834319527
                                        },
                                        "test": {
                                            "ss": 0.5384615384615384,
                                            "lms": 0.7307692307692307,
                                            "icat": 0.6745562130177515
                                        },
                                        "dev_count": 156,
                                        "test_count": 156
                                    },
                                    "profession": {
                                        "dev": {
                                            "ss": 0.5649717514124294,
                                            "lms": 0.7062146892655368,
                                            "icat": 0.6144466787960037
                                        },
                                        "test": {
                                            "ss": 0.6214689265536724,
                                            "lms": 0.6214689265536724,
                                            "icat": 0.4704905997637971
                                        },
                                        "dev_count": 531,
                                        "test_count": 531
                                    },
                                    "race": {
                                        "dev": {
                                            "ss": 0.3826086956521739,
                                            "lms": 0.7282608695652174,
                                            "icat": 0.5572778827977316
                                        },
                                        "test": {
                                            "ss": 0.44155844155844154,
                                            "lms": 0.6688311688311688,
                                            "icat": 0.5906560971496035
                                        },
                                        "dev_count": 690,
                                        "test_count": 693
                                    },
                                    "religion": {
                                        "dev": {
                                            "ss": 0.6666666666666666,
                                            "lms": 0.7,
                                            "icat": 0.4666666666666667
                                        },
                                        "test": {
                                            "ss": 0.5,
                                            "lms": 0.75,
                                            "icat": 0.75
                                        },
                                        "dev_count": 45,
                                        "test_count": 48
                                    },
                                    "dev_criterion_score": -0.5851528384279476,
                                    "test_criterion_score": -0.6026200873362445
                                }
                            },
                            "model_17": {
                                "best_model": {
                                    "path": "./models/bert-base-cased/full_grad/inp/dynamic/2e-06/64/None/model_17",
                                    "gender": {
                                        "dev": {
                                            "ss": 0.6923076923076923,
                                            "lms": 0.7596153846153846,
                                            "icat": 0.46745562130177515
                                        },
                                        "test": {
                                            "ss": 0.5384615384615384,
                                            "lms": 0.75,
                                            "icat": 0.6923076923076923
                                        },
                                        "dev_count": 156,
                                        "test_count": 156
                                    },
                                    "profession": {
                                        "dev": {
                                            "ss": 0.5819209039548022,
                                            "lms": 0.7598870056497176,
                                            "icat": 0.635385744837052
                                        },
                                        "test": {
                                            "ss": 0.6271186440677966,
                                            "lms": 0.6864406779661016,
                                            "icat": 0.511921861534042
                                        },
                                        "dev_count": 531,
                                        "test_count": 531
                                    },
                                    "race": {
                                        "dev": {
                                            "ss": 0.41739130434782606,
                                            "lms": 0.7717391304347826,
                                            "icat": 0.644234404536862
                                        },
                                        "test": {
                                            "ss": 0.45454545454545453,
                                            "lms": 0.7316017316017316,
                                            "icat": 0.6650924832743014
                                        },
                                        "dev_count": 690,
                                        "test_count": 693
                                    },
                                    "religion": {
                                        "dev": {
                                            "ss": 0.7333333333333333,
                                            "lms": 0.7333333333333333,
                                            "icat": 0.3911111111111112
                                        },
                                        "test": {
                                            "ss": 0.5625,
                                            "lms": 0.71875,
                                            "icat": 0.62890625
                                        },
                                        "dev_count": 45,
                                        "test_count": 48
                                    },
                                    "dev_criterion_score": -0.6069868995633187,
                                    "test_criterion_score": -0.6069868995633187
                                }
                            },
                            "model_5": {
                                "best_model": {
                                    "path": "./models/bert-base-cased/full_grad/inp/dynamic/2e-06/64/None/model_5",
                                    "gender": {
                                        "dev": {
                                            "ss": 0.6923076923076923,
                                            "lms": 0.7692307692307693,
                                            "icat": 0.4733727810650888
                                        },
                                        "test": {
                                            "ss": 0.5384615384615384,
                                            "lms": 0.7307692307692307,
                                            "icat": 0.6745562130177515
                                        },
                                        "dev_count": 156,
                                        "test_count": 156
                                    },
                                    "profession": {
                                        "dev": {
                                            "ss": 0.5988700564971752,
                                            "lms": 0.7429378531073446,
                                            "icat": 0.5960292380861182
                                        },
                                        "test": {
                                            "ss": 0.615819209039548,
                                            "lms": 0.6892655367231638,
                                            "icat": 0.5296051581601711
                                        },
                                        "dev_count": 531,
                                        "test_count": 531
                                    },
                                    "race": {
                                        "dev": {
                                            "ss": 0.40869565217391307,
                                            "lms": 0.758695652173913,
                                            "icat": 0.6201512287334594
                                        },
                                        "test": {
                                            "ss": 0.46320346320346323,
                                            "lms": 0.70995670995671,
                                            "icat": 0.6577088135529695
                                        },
                                        "dev_count": 690,
                                        "test_count": 693
                                    },
                                    "religion": {
                                        "dev": {
                                            "ss": 0.7333333333333333,
                                            "lms": 0.7333333333333333,
                                            "icat": 0.3911111111111112
                                        },
                                        "test": {
                                            "ss": 0.5625,
                                            "lms": 0.75,
                                            "icat": 0.65625
                                        },
                                        "dev_count": 45,
                                        "test_count": 48
                                    },
                                    "dev_criterion_score": -0.6200873362445415,
                                    "test_criterion_score": -0.5982532751091703
                                }
                            },
                            "model_4": {
                                "best_model": {
                                    "path": "./models/bert-base-cased/full_grad/inp/dynamic/2e-06/64/None/model_4",
                                    "gender": {
                                        "dev": {
                                            "ss": 0.6923076923076923,
                                            "lms": 0.7596153846153846,
                                            "icat": 0.46745562130177515
                                        },
                                        "test": {
                                            "ss": 0.5384615384615384,
                                            "lms": 0.7307692307692307,
                                            "icat": 0.6745562130177515
                                        },
                                        "dev_count": 156,
                                        "test_count": 156
                                    },
                                    "profession": {
                                        "dev": {
                                            "ss": 0.6045197740112994,
                                            "lms": 0.7429378531073446,
                                            "icat": 0.5876344600849054
                                        },
                                        "test": {
                                            "ss": 0.615819209039548,
                                            "lms": 0.6864406779661016,
                                            "icat": 0.5274346452168917
                                        },
                                        "dev_count": 531,
                                        "test_count": 531
                                    },
                                    "race": {
                                        "dev": {
                                            "ss": 0.4043478260869565,
                                            "lms": 0.7608695652173914,
                                            "icat": 0.6153119092627599
                                        },
                                        "test": {
                                            "ss": 0.46320346320346323,
                                            "lms": 0.7121212121212122,
                                            "icat": 0.6597140233503871
                                        },
                                        "dev_count": 690,
                                        "test_count": 693
                                    },
                                    "religion": {
                                        "dev": {
                                            "ss": 0.7333333333333333,
                                            "lms": 0.7333333333333333,
                                            "icat": 0.3911111111111112
                                        },
                                        "test": {
                                            "ss": 0.5625,
                                            "lms": 0.71875,
                                            "icat": 0.62890625
                                        },
                                        "dev_count": 45,
                                        "test_count": 48
                                    },
                                    "dev_criterion_score": -0.6244541484716157,
                                    "test_criterion_score": -0.5982532751091703
                                }
                            },
                            "model_10": {
                                "best_model": {
                                    "path": "./models/bert-base-cased/full_grad/inp/dynamic/2e-06/64/None/model_10",
                                    "gender": {
                                        "dev": {
                                            "ss": 0.6730769230769231,
                                            "lms": 0.7692307692307693,
                                            "icat": 0.5029585798816567
                                        },
                                        "test": {
                                            "ss": 0.5384615384615384,
                                            "lms": 0.7211538461538461,
                                            "icat": 0.6656804733727811
                                        },
                                        "dev_count": 156,
                                        "test_count": 156
                                    },
                                    "profession": {
                                        "dev": {
                                            "ss": 0.5819209039548022,
                                            "lms": 0.7175141242937854,
                                            "icat": 0.5999553129688149
                                        },
                                        "test": {
                                            "ss": 0.615819209039548,
                                            "lms": 0.6497175141242938,
                                            "icat": 0.4992179769542597
                                        },
                                        "dev_count": 531,
                                        "test_count": 531
                                    },
                                    "race": {
                                        "dev": {
                                            "ss": 0.4,
                                            "lms": 0.7434782608695653,
                                            "icat": 0.5947826086956522
                                        },
                                        "test": {
                                            "ss": 0.4588744588744589,
                                            "lms": 0.696969696969697,
                                            "icat": 0.6396431850977305
                                        },
                                        "dev_count": 690,
                                        "test_count": 693
                                    },
                                    "religion": {
                                        "dev": {
                                            "ss": 0.7333333333333333,
                                            "lms": 0.7333333333333333,
                                            "icat": 0.3911111111111112
                                        },
                                        "test": {
                                            "ss": 0.5,
                                            "lms": 0.78125,
                                            "icat": 0.78125
                                        },
                                        "dev_count": 45,
                                        "test_count": 48
                                    },
                                    "dev_criterion_score": -0.6026200873362445,
                                    "test_criterion_score": -0.5982532751091703
                                }
                            },
                            "model_1": {
                                "best_model": {
                                    "path": "./models/bert-base-cased/full_grad/inp/dynamic/2e-06/64/None/model_1",
                                    "gender": {
                                        "dev": {
                                            "ss": 0.6923076923076923,
                                            "lms": 0.7692307692307693,
                                            "icat": 0.4733727810650888
                                        },
                                        "test": {
                                            "ss": 0.5384615384615384,
                                            "lms": 0.75,
                                            "icat": 0.6923076923076923
                                        },
                                        "dev_count": 156,
                                        "test_count": 156
                                    },
                                    "profession": {
                                        "dev": {
                                            "ss": 0.5875706214689266,
                                            "lms": 0.7740112994350282,
                                            "icat": 0.6384499984040345
                                        },
                                        "test": {
                                            "ss": 0.6271186440677966,
                                            "lms": 0.7033898305084746,
                                            "icat": 0.5245619074978455
                                        },
                                        "dev_count": 531,
                                        "test_count": 531
                                    },
                                    "race": {
                                        "dev": {
                                            "ss": 0.41304347826086957,
                                            "lms": 0.7760869565217391,
                                            "icat": 0.6411153119092627
                                        },
                                        "test": {
                                            "ss": 0.4458874458874459,
                                            "lms": 0.7294372294372294,
                                            "icat": 0.6504938063379622
                                        },
                                        "dev_count": 690,
                                        "test_count": 693
                                    },
                                    "religion": {
                                        "dev": {
                                            "ss": 0.7333333333333333,
                                            "lms": 0.7333333333333333,
                                            "icat": 0.3911111111111112
                                        },
                                        "test": {
                                            "ss": 0.5625,
                                            "lms": 0.71875,
                                            "icat": 0.62890625
                                        },
                                        "dev_count": 45,
                                        "test_count": 48
                                    },
                                    "dev_criterion_score": -0.611353711790393,
                                    "test_criterion_score": -0.6069868995633187
                                }
                            },
                            "model_20": {
                                "best_model": {
                                    "path": "./models/bert-base-cased/full_grad/inp/dynamic/2e-06/64/None/model_20",
                                    "gender": {
                                        "dev": {
                                            "ss": 0.6923076923076923,
                                            "lms": 0.7692307692307693,
                                            "icat": 0.4733727810650888
                                        },
                                        "test": {
                                            "ss": 0.5384615384615384,
                                            "lms": 0.7307692307692307,
                                            "icat": 0.6745562130177515
                                        },
                                        "dev_count": 156,
                                        "test_count": 156
                                    },
                                    "profession": {
                                        "dev": {
                                            "ss": 0.5988700564971752,
                                            "lms": 0.7429378531073446,
                                            "icat": 0.5960292380861182
                                        },
                                        "test": {
                                            "ss": 0.615819209039548,
                                            "lms": 0.6892655367231638,
                                            "icat": 0.5296051581601711
                                        },
                                        "dev_count": 531,
                                        "test_count": 531
                                    },
                                    "race": {
                                        "dev": {
                                            "ss": 0.40869565217391307,
                                            "lms": 0.758695652173913,
                                            "icat": 0.6201512287334594
                                        },
                                        "test": {
                                            "ss": 0.46320346320346323,
                                            "lms": 0.70995670995671,
                                            "icat": 0.6577088135529695
                                        },
                                        "dev_count": 690,
                                        "test_count": 693
                                    },
                                    "religion": {
                                        "dev": {
                                            "ss": 0.7333333333333333,
                                            "lms": 0.7333333333333333,
                                            "icat": 0.3911111111111112
                                        },
                                        "test": {
                                            "ss": 0.5625,
                                            "lms": 0.75,
                                            "icat": 0.65625
                                        },
                                        "dev_count": 45,
                                        "test_count": 48
                                    },
                                    "dev_criterion_score": -0.6200873362445415,
                                    "test_criterion_score": -0.5982532751091703
                                }
                            },
                            "model_19": {
                                "best_model": {
                                    "path": "./models/bert-base-cased/full_grad/inp/dynamic/2e-06/64/None/model_19",
                                    "gender": {
                                        "dev": {
                                            "ss": 0.6923076923076923,
                                            "lms": 0.7596153846153846,
                                            "icat": 0.46745562130177515
                                        },
                                        "test": {
                                            "ss": 0.5384615384615384,
                                            "lms": 0.7307692307692307,
                                            "icat": 0.6745562130177515
                                        },
                                        "dev_count": 156,
                                        "test_count": 156
                                    },
                                    "profession": {
                                        "dev": {
                                            "ss": 0.6045197740112994,
                                            "lms": 0.7429378531073446,
                                            "icat": 0.5876344600849054
                                        },
                                        "test": {
                                            "ss": 0.615819209039548,
                                            "lms": 0.6864406779661016,
                                            "icat": 0.5274346452168917
                                        },
                                        "dev_count": 531,
                                        "test_count": 531
                                    },
                                    "race": {
                                        "dev": {
                                            "ss": 0.4043478260869565,
                                            "lms": 0.7608695652173914,
                                            "icat": 0.6153119092627599
                                        },
                                        "test": {
                                            "ss": 0.46320346320346323,
                                            "lms": 0.7121212121212122,
                                            "icat": 0.6597140233503871
                                        },
                                        "dev_count": 690,
                                        "test_count": 693
                                    },
                                    "religion": {
                                        "dev": {
                                            "ss": 0.7333333333333333,
                                            "lms": 0.7333333333333333,
                                            "icat": 0.3911111111111112
                                        },
                                        "test": {
                                            "ss": 0.5625,
                                            "lms": 0.71875,
                                            "icat": 0.62890625
                                        },
                                        "dev_count": 45,
                                        "test_count": 48
                                    },
                                    "dev_criterion_score": -0.6244541484716157,
                                    "test_criterion_score": -0.5982532751091703
                                }
                            },
                            "model_9": {
                                "best_model": {
                                    "path": "./models/bert-base-cased/full_grad/inp/dynamic/2e-06/64/None/model_9",
                                    "gender": {
                                        "dev": {
                                            "ss": 0.6730769230769231,
                                            "lms": 0.7692307692307693,
                                            "icat": 0.5029585798816567
                                        },
                                        "test": {
                                            "ss": 0.5384615384615384,
                                            "lms": 0.7307692307692307,
                                            "icat": 0.6745562130177515
                                        },
                                        "dev_count": 156,
                                        "test_count": 156
                                    },
                                    "profession": {
                                        "dev": {
                                            "ss": 0.5819209039548022,
                                            "lms": 0.7175141242937854,
                                            "icat": 0.5999553129688149
                                        },
                                        "test": {
                                            "ss": 0.6101694915254238,
                                            "lms": 0.6610169491525424,
                                            "icat": 0.5153691467968974
                                        },
                                        "dev_count": 531,
                                        "test_count": 531
                                    },
                                    "race": {
                                        "dev": {
                                            "ss": 0.4043478260869565,
                                            "lms": 0.7456521739130435,
                                            "icat": 0.6030056710775047
                                        },
                                        "test": {
                                            "ss": 0.46320346320346323,
                                            "lms": 0.6991341991341992,
                                            "icat": 0.6476827645658815
                                        },
                                        "dev_count": 690,
                                        "test_count": 693
                                    },
                                    "religion": {
                                        "dev": {
                                            "ss": 0.7333333333333333,
                                            "lms": 0.7333333333333333,
                                            "icat": 0.3911111111111112
                                        },
                                        "test": {
                                            "ss": 0.5,
                                            "lms": 0.78125,
                                            "icat": 0.78125
                                        },
                                        "dev_count": 45,
                                        "test_count": 48
                                    },
                                    "dev_criterion_score": -0.6026200873362445,
                                    "test_criterion_score": -0.5938864628820961
                                }
                            },
                            "model_18": {
                                "best_model": {
                                    "path": "./models/bert-base-cased/full_grad/inp/dynamic/2e-06/64/None/model_18",
                                    "gender": {
                                        "dev": {
                                            "ss": 0.6923076923076923,
                                            "lms": 0.7596153846153846,
                                            "icat": 0.46745562130177515
                                        },
                                        "test": {
                                            "ss": 0.5384615384615384,
                                            "lms": 0.7307692307692307,
                                            "icat": 0.6745562130177515
                                        },
                                        "dev_count": 156,
                                        "test_count": 156
                                    },
                                    "profession": {
                                        "dev": {
                                            "ss": 0.5932203389830508,
                                            "lms": 0.748587570621469,
                                            "icat": 0.6090203964378053
                                        },
                                        "test": {
                                            "ss": 0.615819209039548,
                                            "lms": 0.6892655367231638,
                                            "icat": 0.5296051581601711
                                        },
                                        "dev_count": 531,
                                        "test_count": 531
                                    },
                                    "race": {
                                        "dev": {
                                            "ss": 0.40869565217391307,
                                            "lms": 0.7695652173913043,
                                            "icat": 0.6290359168241967
                                        },
                                        "test": {
                                            "ss": 0.45454545454545453,
                                            "lms": 0.7207792207792207,
                                            "icat": 0.6552538370720188
                                        },
                                        "dev_count": 690,
                                        "test_count": 693
                                    },
                                    "religion": {
                                        "dev": {
                                            "ss": 0.7333333333333333,
                                            "lms": 0.7333333333333333,
                                            "icat": 0.3911111111111112
                                        },
                                        "test": {
                                            "ss": 0.5625,
                                            "lms": 0.71875,
                                            "icat": 0.62890625
                                        },
                                        "dev_count": 45,
                                        "test_count": 48
                                    },
                                    "dev_criterion_score": -0.6157205240174672,
                                    "test_criterion_score": -0.5982532751091703
                                }
                            },
                            "model_11": {
                                "best_model": {
                                    "path": "./models/bert-base-cased/full_grad/inp/dynamic/2e-06/64/None/model_11",
                                    "gender": {
                                        "dev": {
                                            "ss": 0.6730769230769231,
                                            "lms": 0.7788461538461539,
                                            "icat": 0.5092455621301775
                                        },
                                        "test": {
                                            "ss": 0.5384615384615384,
                                            "lms": 0.7211538461538461,
                                            "icat": 0.6656804733727811
                                        },
                                        "dev_count": 156,
                                        "test_count": 156
                                    },
                                    "profession": {
                                        "dev": {
                                            "ss": 0.5875706214689266,
                                            "lms": 0.711864406779661,
                                            "icat": 0.5871875897730536
                                        },
                                        "test": {
                                            "ss": 0.6214689265536724,
                                            "lms": 0.6497175141242938,
                                            "icat": 0.49187653611669696
                                        },
                                        "dev_count": 531,
                                        "test_count": 531
                                    },
                                    "race": {
                                        "dev": {
                                            "ss": 0.3826086956521739,
                                            "lms": 0.7369565217391304,
                                            "icat": 0.5639319470699433
                                        },
                                        "test": {
                                            "ss": 0.4458874458874459,
                                            "lms": 0.6904761904761905,
                                            "icat": 0.6157493300350443
                                        },
                                        "dev_count": 690,
                                        "test_count": 693
                                    },
                                    "religion": {
                                        "dev": {
                                            "ss": 0.7333333333333333,
                                            "lms": 0.7,
                                            "icat": 0.3733333333333334
                                        },
                                        "test": {
                                            "ss": 0.5,
                                            "lms": 0.78125,
                                            "icat": 0.78125
                                        },
                                        "dev_count": 45,
                                        "test_count": 48
                                    },
                                    "dev_criterion_score": -0.6069868995633187,
                                    "test_criterion_score": -0.6026200873362445
                                }
                            },
                            "model_13": {
                                "best_model": {
                                    "path": "./models/bert-base-cased/full_grad/inp/dynamic/2e-06/64/None/model_13",
                                    "gender": {
                                        "dev": {
                                            "ss": 0.6538461538461539,
                                            "lms": 0.7788461538461539,
                                            "icat": 0.5392011834319527
                                        },
                                        "test": {
                                            "ss": 0.5192307692307693,
                                            "lms": 0.7307692307692307,
                                            "icat": 0.702662721893491
                                        },
                                        "dev_count": 156,
                                        "test_count": 156
                                    },
                                    "profession": {
                                        "dev": {
                                            "ss": 0.576271186440678,
                                            "lms": 0.7062146892655368,
                                            "icat": 0.5984870248013023
                                        },
                                        "test": {
                                            "ss": 0.6214689265536724,
                                            "lms": 0.6440677966101694,
                                            "icat": 0.48759934884611694
                                        },
                                        "dev_count": 531,
                                        "test_count": 531
                                    },
                                    "race": {
                                        "dev": {
                                            "ss": 0.3826086956521739,
                                            "lms": 0.7304347826086957,
                                            "icat": 0.5589413988657845
                                        },
                                        "test": {
                                            "ss": 0.44155844155844154,
                                            "lms": 0.6774891774891775,
                                            "icat": 0.5983021307696632
                                        },
                                        "dev_count": 690,
                                        "test_count": 693
                                    },
                                    "religion": {
                                        "dev": {
                                            "ss": 0.6666666666666666,
                                            "lms": 0.7,
                                            "icat": 0.4666666666666667
                                        },
                                        "test": {
                                            "ss": 0.5,
                                            "lms": 0.75,
                                            "icat": 0.75
                                        },
                                        "dev_count": 45,
                                        "test_count": 48
                                    },
                                    "dev_criterion_score": -0.5938864628820961,
                                    "test_criterion_score": -0.5982532751091703
                                }
                            },
                            "model_2": {
                                "best_model": {
                                    "path": "./models/bert-base-cased/full_grad/inp/dynamic/2e-06/64/None/model_2",
                                    "gender": {
                                        "dev": {
                                            "ss": 0.6923076923076923,
                                            "lms": 0.7596153846153846,
                                            "icat": 0.46745562130177515
                                        },
                                        "test": {
                                            "ss": 0.5384615384615384,
                                            "lms": 0.75,
                                            "icat": 0.6923076923076923
                                        },
                                        "dev_count": 156,
                                        "test_count": 156
                                    },
                                    "profession": {
                                        "dev": {
                                            "ss": 0.5819209039548022,
                                            "lms": 0.7598870056497176,
                                            "icat": 0.635385744837052
                                        },
                                        "test": {
                                            "ss": 0.6271186440677966,
                                            "lms": 0.6864406779661016,
                                            "icat": 0.511921861534042
                                        },
                                        "dev_count": 531,
                                        "test_count": 531
                                    },
                                    "race": {
                                        "dev": {
                                            "ss": 0.41739130434782606,
                                            "lms": 0.7717391304347826,
                                            "icat": 0.644234404536862
                                        },
                                        "test": {
                                            "ss": 0.45454545454545453,
                                            "lms": 0.7316017316017316,
                                            "icat": 0.6650924832743014
                                        },
                                        "dev_count": 690,
                                        "test_count": 693
                                    },
                                    "religion": {
                                        "dev": {
                                            "ss": 0.7333333333333333,
                                            "lms": 0.7333333333333333,
                                            "icat": 0.3911111111111112
                                        },
                                        "test": {
                                            "ss": 0.5625,
                                            "lms": 0.71875,
                                            "icat": 0.62890625
                                        },
                                        "dev_count": 45,
                                        "test_count": 48
                                    },
                                    "dev_criterion_score": -0.6069868995633187,
                                    "test_criterion_score": -0.6069868995633187
                                }
                            },
                            "model_12": {
                                "best_model": {
                                    "path": "./models/bert-base-cased/full_grad/inp/dynamic/2e-06/64/None/model_12",
                                    "gender": {
                                        "dev": {
                                            "ss": 0.6538461538461539,
                                            "lms": 0.7788461538461539,
                                            "icat": 0.5392011834319527
                                        },
                                        "test": {
                                            "ss": 0.5384615384615384,
                                            "lms": 0.7211538461538461,
                                            "icat": 0.6656804733727811
                                        },
                                        "dev_count": 156,
                                        "test_count": 156
                                    },
                                    "profession": {
                                        "dev": {
                                            "ss": 0.5706214689265536,
                                            "lms": 0.7090395480225988,
                                            "icat": 0.6088927192058476
                                        },
                                        "test": {
                                            "ss": 0.6214689265536724,
                                            "lms": 0.6440677966101694,
                                            "icat": 0.48759934884611694
                                        },
                                        "dev_count": 531,
                                        "test_count": 531
                                    },
                                    "race": {
                                        "dev": {
                                            "ss": 0.3782608695652174,
                                            "lms": 0.7304347826086957,
                                            "icat": 0.5525897920604914
                                        },
                                        "test": {
                                            "ss": 0.4458874458874459,
                                            "lms": 0.6774891774891775,
                                            "icat": 0.6041678379340717
                                        },
                                        "dev_count": 690,
                                        "test_count": 693
                                    },
                                    "religion": {
                                        "dev": {
                                            "ss": 0.6666666666666666,
                                            "lms": 0.7,
                                            "icat": 0.4666666666666667
                                        },
                                        "test": {
                                            "ss": 0.5,
                                            "lms": 0.75,
                                            "icat": 0.75
                                        },
                                        "dev_count": 45,
                                        "test_count": 48
                                    },
                                    "dev_criterion_score": -0.5895196506550219,
                                    "test_criterion_score": -0.6026200873362445
                                }
                            }
                        }
                    }
                }
            }
        }
    }
}
12/07/2025 18:57:38 - INFO - __main__ - Got all results {
    "./models/bert-base-cased/full_grad/inp/dynamic/2e-06/64/None/model_16": {
        "path": "./models/bert-base-cased/full_grad/inp/dynamic/2e-06/64/None/model_16",
        "gender": {
            "dev": {
                "ss": 0.6923076923076923,
                "lms": 0.7692307692307693,
                "icat": 0.4733727810650888
            },
            "test": {
                "ss": 0.5384615384615384,
                "lms": 0.75,
                "icat": 0.6923076923076923
            },
            "dev_count": 156,
            "test_count": 156
        },
        "profession": {
            "dev": {
                "ss": 0.5875706214689266,
                "lms": 0.7740112994350282,
                "icat": 0.6384499984040345
            },
            "test": {
                "ss": 0.6271186440677966,
                "lms": 0.7033898305084746,
                "icat": 0.5245619074978455
            },
            "dev_count": 531,
            "test_count": 531
        },
        "race": {
            "dev": {
                "ss": 0.41304347826086957,
                "lms": 0.7760869565217391,
                "icat": 0.6411153119092627
            },
            "test": {
                "ss": 0.4458874458874459,
                "lms": 0.7294372294372294,
                "icat": 0.6504938063379622
            },
            "dev_count": 690,
            "test_count": 693
        },
        "religion": {
            "dev": {
                "ss": 0.7333333333333333,
                "lms": 0.7333333333333333,
                "icat": 0.3911111111111112
            },
            "test": {
                "ss": 0.5625,
                "lms": 0.71875,
                "icat": 0.62890625
            },
            "dev_count": 45,
            "test_count": 48
        },
        "dev_criterion_score": -0.611353711790393,
        "test_criterion_score": -0.6069868995633187
    },
    "./models/bert-base-cased/full_grad/inp/dynamic/2e-06/64/None/model_7": {
        "path": "./models/bert-base-cased/full_grad/inp/dynamic/2e-06/64/None/model_7",
        "gender": {
            "dev": {
                "ss": 0.6730769230769231,
                "lms": 0.7692307692307693,
                "icat": 0.5029585798816567
            },
            "test": {
                "ss": 0.5384615384615384,
                "lms": 0.7307692307692307,
                "icat": 0.6745562130177515
            },
            "dev_count": 156,
            "test_count": 156
        },
        "profession": {
            "dev": {
                "ss": 0.5819209039548022,
                "lms": 0.7344632768361582,
                "icat": 0.6141274857161098
            },
            "test": {
                "ss": 0.6045197740112994,
                "lms": 0.6807909604519774,
                "icat": 0.5384787257812251
            },
            "dev_count": 531,
            "test_count": 531
        },
        "race": {
            "dev": {
                "ss": 0.40869565217391307,
                "lms": 0.7456521739130435,
                "icat": 0.6094896030245748
            },
            "test": {
                "ss": 0.4588744588744589,
                "lms": 0.7034632034632035,
                "icat": 0.6456025936545418
            },
            "dev_count": 690,
            "test_count": 693
        },
        "religion": {
            "dev": {
                "ss": 0.7333333333333333,
                "lms": 0.7333333333333333,
                "icat": 0.3911111111111112
            },
            "test": {
                "ss": 0.5,
                "lms": 0.71875,
                "icat": 0.71875
            },
            "dev_count": 45,
            "test_count": 48
        },
        "dev_criterion_score": -0.6026200873362445,
        "test_criterion_score": -0.5895196506550219
    },
    "./models/bert-base-cased/full_grad/inp/dynamic/2e-06/64/None/model_6": {
        "path": "./models/bert-base-cased/full_grad/inp/dynamic/2e-06/64/None/model_6",
        "gender": {
            "dev": {
                "ss": 0.6730769230769231,
                "lms": 0.7692307692307693,
                "icat": 0.5029585798816567
            },
            "test": {
                "ss": 0.5384615384615384,
                "lms": 0.7307692307692307,
                "icat": 0.6745562130177515
            },
            "dev_count": 156,
            "test_count": 156
        },
        "profession": {
            "dev": {
                "ss": 0.5875706214689266,
                "lms": 0.7401129943502824,
                "icat": 0.6104886846053177
            },
            "test": {
                "ss": 0.6045197740112994,
                "lms": 0.6864406779661016,
                "icat": 0.5429474288997415
            },
            "dev_count": 531,
            "test_count": 531
        },
        "race": {
            "dev": {
                "ss": 0.41304347826086957,
                "lms": 0.7434782608695653,
                "icat": 0.6141776937618147
            },
            "test": {
                "ss": 0.4588744588744589,
                "lms": 0.7056277056277056,
                "icat": 0.6475890631734788
            },
            "dev_count": 690,
            "test_count": 693
        },
        "religion": {
            "dev": {
                "ss": 0.7333333333333333,
                "lms": 0.7333333333333333,
                "icat": 0.3911111111111112
            },
            "test": {
                "ss": 0.5,
                "lms": 0.71875,
                "icat": 0.71875
            },
            "dev_count": 45,
            "test_count": 48
        },
        "dev_criterion_score": -0.6069868995633187,
        "test_criterion_score": -0.5895196506550219
    },
    "./models/bert-base-cased/full_grad/inp/dynamic/2e-06/64/None/model_3": {
        "path": "./models/bert-base-cased/full_grad/inp/dynamic/2e-06/64/None/model_3",
        "gender": {
            "dev": {
                "ss": 0.6923076923076923,
                "lms": 0.7596153846153846,
                "icat": 0.46745562130177515
            },
            "test": {
                "ss": 0.5384615384615384,
                "lms": 0.7307692307692307,
                "icat": 0.6745562130177515
            },
            "dev_count": 156,
            "test_count": 156
        },
        "profession": {
            "dev": {
                "ss": 0.5932203389830508,
                "lms": 0.748587570621469,
                "icat": 0.6090203964378053
            },
            "test": {
                "ss": 0.615819209039548,
                "lms": 0.6892655367231638,
                "icat": 0.5296051581601711
            },
            "dev_count": 531,
            "test_count": 531
        },
        "race": {
            "dev": {
                "ss": 0.40869565217391307,
                "lms": 0.7695652173913043,
                "icat": 0.6290359168241967
            },
            "test": {
                "ss": 0.45454545454545453,
                "lms": 0.7207792207792207,
                "icat": 0.6552538370720188
            },
            "dev_count": 690,
            "test_count": 693
        },
        "religion": {
            "dev": {
                "ss": 0.7333333333333333,
                "lms": 0.7333333333333333,
                "icat": 0.3911111111111112
            },
            "test": {
                "ss": 0.5625,
                "lms": 0.71875,
                "icat": 0.62890625
            },
            "dev_count": 45,
            "test_count": 48
        },
        "dev_criterion_score": -0.6157205240174672,
        "test_criterion_score": -0.5982532751091703
    },
    "./models/bert-base-cased/full_grad/inp/dynamic/2e-06/64/None/model_8": {
        "path": "./models/bert-base-cased/full_grad/inp/dynamic/2e-06/64/None/model_8",
        "gender": {
            "dev": {
                "ss": 0.6730769230769231,
                "lms": 0.7692307692307693,
                "icat": 0.5029585798816567
            },
            "test": {
                "ss": 0.5384615384615384,
                "lms": 0.7307692307692307,
                "icat": 0.6745562130177515
            },
            "dev_count": 156,
            "test_count": 156
        },
        "profession": {
            "dev": {
                "ss": 0.5875706214689266,
                "lms": 0.7288135593220338,
                "icat": 0.6011682466724121
            },
            "test": {
                "ss": 0.6045197740112994,
                "lms": 0.6779661016949152,
                "icat": 0.5362443742219669
            },
            "dev_count": 531,
            "test_count": 531
        },
        "race": {
            "dev": {
                "ss": 0.41304347826086957,
                "lms": 0.7434782608695653,
                "icat": 0.6141776937618147
            },
            "test": {
                "ss": 0.4588744588744589,
                "lms": 0.7034632034632035,
                "icat": 0.6456025936545418
            },
            "dev_count": 690,
            "test_count": 693
        },
        "religion": {
            "dev": {
                "ss": 0.7333333333333333,
                "lms": 0.7333333333333333,
                "icat": 0.3911111111111112
            },
            "test": {
                "ss": 0.5,
                "lms": 0.78125,
                "icat": 0.78125
            },
            "dev_count": 45,
            "test_count": 48
        },
        "dev_criterion_score": -0.6069868995633187,
        "test_criterion_score": -0.5895196506550219
    },
    "./models/bert-base-cased/full_grad/inp/dynamic/2e-06/64/None/model_14": {
        "path": "./models/bert-base-cased/full_grad/inp/dynamic/2e-06/64/None/model_14",
        "gender": {
            "dev": {
                "ss": 0.6538461538461539,
                "lms": 0.7788461538461539,
                "icat": 0.5392011834319527
            },
            "test": {
                "ss": 0.5384615384615384,
                "lms": 0.7307692307692307,
                "icat": 0.6745562130177515
            },
            "dev_count": 156,
            "test_count": 156
        },
        "profession": {
            "dev": {
                "ss": 0.576271186440678,
                "lms": 0.7062146892655368,
                "icat": 0.5984870248013023
            },
            "test": {
                "ss": 0.6271186440677966,
                "lms": 0.6271186440677966,
                "icat": 0.46768170066072967
            },
            "dev_count": 531,
            "test_count": 531
        },
        "race": {
            "dev": {
                "ss": 0.391304347826087,
                "lms": 0.7326086956521739,
                "icat": 0.5733459357277882
            },
            "test": {
                "ss": 0.4458874458874459,
                "lms": 0.6688311688311688,
                "icat": 0.5964468432000899
            },
            "dev_count": 690,
            "test_count": 693
        },
        "religion": {
            "dev": {
                "ss": 0.6666666666666666,
                "lms": 0.7,
                "icat": 0.4666666666666667
            },
            "test": {
                "ss": 0.5,
                "lms": 0.75,
                "icat": 0.75
            },
            "dev_count": 45,
            "test_count": 48
        },
        "dev_criterion_score": -0.5938864628820961,
        "test_criterion_score": -0.6069868995633187
    },
    "./models/bert-base-cased/full_grad/inp/dynamic/2e-06/64/None/model_15": {
        "path": "./models/bert-base-cased/full_grad/inp/dynamic/2e-06/64/None/model_15",
        "gender": {
            "dev": {
                "ss": 0.6538461538461539,
                "lms": 0.7788461538461539,
                "icat": 0.5392011834319527
            },
            "test": {
                "ss": 0.5384615384615384,
                "lms": 0.7307692307692307,
                "icat": 0.6745562130177515
            },
            "dev_count": 156,
            "test_count": 156
        },
        "profession": {
            "dev": {
                "ss": 0.5649717514124294,
                "lms": 0.7062146892655368,
                "icat": 0.6144466787960037
            },
            "test": {
                "ss": 0.6214689265536724,
                "lms": 0.6214689265536724,
                "icat": 0.4704905997637971
            },
            "dev_count": 531,
            "test_count": 531
        },
        "race": {
            "dev": {
                "ss": 0.3826086956521739,
                "lms": 0.7282608695652174,
                "icat": 0.5572778827977316
            },
            "test": {
                "ss": 0.44155844155844154,
                "lms": 0.6688311688311688,
                "icat": 0.5906560971496035
            },
            "dev_count": 690,
            "test_count": 693
        },
        "religion": {
            "dev": {
                "ss": 0.6666666666666666,
                "lms": 0.7,
                "icat": 0.4666666666666667
            },
            "test": {
                "ss": 0.5,
                "lms": 0.75,
                "icat": 0.75
            },
            "dev_count": 45,
            "test_count": 48
        },
        "dev_criterion_score": -0.5851528384279476,
        "test_criterion_score": -0.6026200873362445
    },
    "./models/bert-base-cased/full_grad/inp/dynamic/2e-06/64/None/model_17": {
        "path": "./models/bert-base-cased/full_grad/inp/dynamic/2e-06/64/None/model_17",
        "gender": {
            "dev": {
                "ss": 0.6923076923076923,
                "lms": 0.7596153846153846,
                "icat": 0.46745562130177515
            },
            "test": {
                "ss": 0.5384615384615384,
                "lms": 0.75,
                "icat": 0.6923076923076923
            },
            "dev_count": 156,
            "test_count": 156
        },
        "profession": {
            "dev": {
                "ss": 0.5819209039548022,
                "lms": 0.7598870056497176,
                "icat": 0.635385744837052
            },
            "test": {
                "ss": 0.6271186440677966,
                "lms": 0.6864406779661016,
                "icat": 0.511921861534042
            },
            "dev_count": 531,
            "test_count": 531
        },
        "race": {
            "dev": {
                "ss": 0.41739130434782606,
                "lms": 0.7717391304347826,
                "icat": 0.644234404536862
            },
            "test": {
                "ss": 0.45454545454545453,
                "lms": 0.7316017316017316,
                "icat": 0.6650924832743014
            },
            "dev_count": 690,
            "test_count": 693
        },
        "religion": {
            "dev": {
                "ss": 0.7333333333333333,
                "lms": 0.7333333333333333,
                "icat": 0.3911111111111112
            },
            "test": {
                "ss": 0.5625,
                "lms": 0.71875,
                "icat": 0.62890625
            },
            "dev_count": 45,
            "test_count": 48
        },
        "dev_criterion_score": -0.6069868995633187,
        "test_criterion_score": -0.6069868995633187
    },
    "./models/bert-base-cased/full_grad/inp/dynamic/2e-06/64/None/model_5": {
        "path": "./models/bert-base-cased/full_grad/inp/dynamic/2e-06/64/None/model_5",
        "gender": {
            "dev": {
                "ss": 0.6923076923076923,
                "lms": 0.7692307692307693,
                "icat": 0.4733727810650888
            },
            "test": {
                "ss": 0.5384615384615384,
                "lms": 0.7307692307692307,
                "icat": 0.6745562130177515
            },
            "dev_count": 156,
            "test_count": 156
        },
        "profession": {
            "dev": {
                "ss": 0.5988700564971752,
                "lms": 0.7429378531073446,
                "icat": 0.5960292380861182
            },
            "test": {
                "ss": 0.615819209039548,
                "lms": 0.6892655367231638,
                "icat": 0.5296051581601711
            },
            "dev_count": 531,
            "test_count": 531
        },
        "race": {
            "dev": {
                "ss": 0.40869565217391307,
                "lms": 0.758695652173913,
                "icat": 0.6201512287334594
            },
            "test": {
                "ss": 0.46320346320346323,
                "lms": 0.70995670995671,
                "icat": 0.6577088135529695
            },
            "dev_count": 690,
            "test_count": 693
        },
        "religion": {
            "dev": {
                "ss": 0.7333333333333333,
                "lms": 0.7333333333333333,
                "icat": 0.3911111111111112
            },
            "test": {
                "ss": 0.5625,
                "lms": 0.75,
                "icat": 0.65625
            },
            "dev_count": 45,
            "test_count": 48
        },
        "dev_criterion_score": -0.6200873362445415,
        "test_criterion_score": -0.5982532751091703
    },
    "./models/bert-base-cased/full_grad/inp/dynamic/2e-06/64/None/model_4": {
        "path": "./models/bert-base-cased/full_grad/inp/dynamic/2e-06/64/None/model_4",
        "gender": {
            "dev": {
                "ss": 0.6923076923076923,
                "lms": 0.7596153846153846,
                "icat": 0.46745562130177515
            },
            "test": {
                "ss": 0.5384615384615384,
                "lms": 0.7307692307692307,
                "icat": 0.6745562130177515
            },
            "dev_count": 156,
            "test_count": 156
        },
        "profession": {
            "dev": {
                "ss": 0.6045197740112994,
                "lms": 0.7429378531073446,
                "icat": 0.5876344600849054
            },
            "test": {
                "ss": 0.615819209039548,
                "lms": 0.6864406779661016,
                "icat": 0.5274346452168917
            },
            "dev_count": 531,
            "test_count": 531
        },
        "race": {
            "dev": {
                "ss": 0.4043478260869565,
                "lms": 0.7608695652173914,
                "icat": 0.6153119092627599
            },
            "test": {
                "ss": 0.46320346320346323,
                "lms": 0.7121212121212122,
                "icat": 0.6597140233503871
            },
            "dev_count": 690,
            "test_count": 693
        },
        "religion": {
            "dev": {
                "ss": 0.7333333333333333,
                "lms": 0.7333333333333333,
                "icat": 0.3911111111111112
            },
            "test": {
                "ss": 0.5625,
                "lms": 0.71875,
                "icat": 0.62890625
            },
            "dev_count": 45,
            "test_count": 48
        },
        "dev_criterion_score": -0.6244541484716157,
        "test_criterion_score": -0.5982532751091703
    },
    "./models/bert-base-cased/full_grad/inp/dynamic/2e-06/64/None/model_10": {
        "path": "./models/bert-base-cased/full_grad/inp/dynamic/2e-06/64/None/model_10",
        "gender": {
            "dev": {
                "ss": 0.6730769230769231,
                "lms": 0.7692307692307693,
                "icat": 0.5029585798816567
            },
            "test": {
                "ss": 0.5384615384615384,
                "lms": 0.7211538461538461,
                "icat": 0.6656804733727811
            },
            "dev_count": 156,
            "test_count": 156
        },
        "profession": {
            "dev": {
                "ss": 0.5819209039548022,
                "lms": 0.7175141242937854,
                "icat": 0.5999553129688149
            },
            "test": {
                "ss": 0.615819209039548,
                "lms": 0.6497175141242938,
                "icat": 0.4992179769542597
            },
            "dev_count": 531,
            "test_count": 531
        },
        "race": {
            "dev": {
                "ss": 0.4,
                "lms": 0.7434782608695653,
                "icat": 0.5947826086956522
            },
            "test": {
                "ss": 0.4588744588744589,
                "lms": 0.696969696969697,
                "icat": 0.6396431850977305
            },
            "dev_count": 690,
            "test_count": 693
        },
        "religion": {
            "dev": {
                "ss": 0.7333333333333333,
                "lms": 0.7333333333333333,
                "icat": 0.3911111111111112
            },
            "test": {
                "ss": 0.5,
                "lms": 0.78125,
                "icat": 0.78125
            },
            "dev_count": 45,
            "test_count": 48
        },
        "dev_criterion_score": -0.6026200873362445,
        "test_criterion_score": -0.5982532751091703
    },
    "./models/bert-base-cased/full_grad/inp/dynamic/2e-06/64/None/model_1": {
        "path": "./models/bert-base-cased/full_grad/inp/dynamic/2e-06/64/None/model_1",
        "gender": {
            "dev": {
                "ss": 0.6923076923076923,
                "lms": 0.7692307692307693,
                "icat": 0.4733727810650888
            },
            "test": {
                "ss": 0.5384615384615384,
                "lms": 0.75,
                "icat": 0.6923076923076923
            },
            "dev_count": 156,
            "test_count": 156
        },
        "profession": {
            "dev": {
                "ss": 0.5875706214689266,
                "lms": 0.7740112994350282,
                "icat": 0.6384499984040345
            },
            "test": {
                "ss": 0.6271186440677966,
                "lms": 0.7033898305084746,
                "icat": 0.5245619074978455
            },
            "dev_count": 531,
            "test_count": 531
        },
        "race": {
            "dev": {
                "ss": 0.41304347826086957,
                "lms": 0.7760869565217391,
                "icat": 0.6411153119092627
            },
            "test": {
                "ss": 0.4458874458874459,
                "lms": 0.7294372294372294,
                "icat": 0.6504938063379622
            },
            "dev_count": 690,
            "test_count": 693
        },
        "religion": {
            "dev": {
                "ss": 0.7333333333333333,
                "lms": 0.7333333333333333,
                "icat": 0.3911111111111112
            },
            "test": {
                "ss": 0.5625,
                "lms": 0.71875,
                "icat": 0.62890625
            },
            "dev_count": 45,
            "test_count": 48
        },
        "dev_criterion_score": -0.611353711790393,
        "test_criterion_score": -0.6069868995633187
    },
    "./models/bert-base-cased/full_grad/inp/dynamic/2e-06/64/None/model_20": {
        "path": "./models/bert-base-cased/full_grad/inp/dynamic/2e-06/64/None/model_20",
        "gender": {
            "dev": {
                "ss": 0.6923076923076923,
                "lms": 0.7692307692307693,
                "icat": 0.4733727810650888
            },
            "test": {
                "ss": 0.5384615384615384,
                "lms": 0.7307692307692307,
                "icat": 0.6745562130177515
            },
            "dev_count": 156,
            "test_count": 156
        },
        "profession": {
            "dev": {
                "ss": 0.5988700564971752,
                "lms": 0.7429378531073446,
                "icat": 0.5960292380861182
            },
            "test": {
                "ss": 0.615819209039548,
                "lms": 0.6892655367231638,
                "icat": 0.5296051581601711
            },
            "dev_count": 531,
            "test_count": 531
        },
        "race": {
            "dev": {
                "ss": 0.40869565217391307,
                "lms": 0.758695652173913,
                "icat": 0.6201512287334594
            },
            "test": {
                "ss": 0.46320346320346323,
                "lms": 0.70995670995671,
                "icat": 0.6577088135529695
            },
            "dev_count": 690,
            "test_count": 693
        },
        "religion": {
            "dev": {
                "ss": 0.7333333333333333,
                "lms": 0.7333333333333333,
                "icat": 0.3911111111111112
            },
            "test": {
                "ss": 0.5625,
                "lms": 0.75,
                "icat": 0.65625
            },
            "dev_count": 45,
            "test_count": 48
        },
        "dev_criterion_score": -0.6200873362445415,
        "test_criterion_score": -0.5982532751091703
    },
    "./models/bert-base-cased/full_grad/inp/dynamic/2e-06/64/None/model_19": {
        "path": "./models/bert-base-cased/full_grad/inp/dynamic/2e-06/64/None/model_19",
        "gender": {
            "dev": {
                "ss": 0.6923076923076923,
                "lms": 0.7596153846153846,
                "icat": 0.46745562130177515
            },
            "test": {
                "ss": 0.5384615384615384,
                "lms": 0.7307692307692307,
                "icat": 0.6745562130177515
            },
            "dev_count": 156,
            "test_count": 156
        },
        "profession": {
            "dev": {
                "ss": 0.6045197740112994,
                "lms": 0.7429378531073446,
                "icat": 0.5876344600849054
            },
            "test": {
                "ss": 0.615819209039548,
                "lms": 0.6864406779661016,
                "icat": 0.5274346452168917
            },
            "dev_count": 531,
            "test_count": 531
        },
        "race": {
            "dev": {
                "ss": 0.4043478260869565,
                "lms": 0.7608695652173914,
                "icat": 0.6153119092627599
            },
            "test": {
                "ss": 0.46320346320346323,
                "lms": 0.7121212121212122,
                "icat": 0.6597140233503871
            },
            "dev_count": 690,
            "test_count": 693
        },
        "religion": {
            "dev": {
                "ss": 0.7333333333333333,
                "lms": 0.7333333333333333,
                "icat": 0.3911111111111112
            },
            "test": {
                "ss": 0.5625,
                "lms": 0.71875,
                "icat": 0.62890625
            },
            "dev_count": 45,
            "test_count": 48
        },
        "dev_criterion_score": -0.6244541484716157,
        "test_criterion_score": -0.5982532751091703
    },
    "./models/bert-base-cased/full_grad/inp/dynamic/2e-06/64/None/model_9": {
        "path": "./models/bert-base-cased/full_grad/inp/dynamic/2e-06/64/None/model_9",
        "gender": {
            "dev": {
                "ss": 0.6730769230769231,
                "lms": 0.7692307692307693,
                "icat": 0.5029585798816567
            },
            "test": {
                "ss": 0.5384615384615384,
                "lms": 0.7307692307692307,
                "icat": 0.6745562130177515
            },
            "dev_count": 156,
            "test_count": 156
        },
        "profession": {
            "dev": {
                "ss": 0.5819209039548022,
                "lms": 0.7175141242937854,
                "icat": 0.5999553129688149
            },
            "test": {
                "ss": 0.6101694915254238,
                "lms": 0.6610169491525424,
                "icat": 0.5153691467968974
            },
            "dev_count": 531,
            "test_count": 531
        },
        "race": {
            "dev": {
                "ss": 0.4043478260869565,
                "lms": 0.7456521739130435,
                "icat": 0.6030056710775047
            },
            "test": {
                "ss": 0.46320346320346323,
                "lms": 0.6991341991341992,
                "icat": 0.6476827645658815
            },
            "dev_count": 690,
            "test_count": 693
        },
        "religion": {
            "dev": {
                "ss": 0.7333333333333333,
                "lms": 0.7333333333333333,
                "icat": 0.3911111111111112
            },
            "test": {
                "ss": 0.5,
                "lms": 0.78125,
                "icat": 0.78125
            },
            "dev_count": 45,
            "test_count": 48
        },
        "dev_criterion_score": -0.6026200873362445,
        "test_criterion_score": -0.5938864628820961
    },
    "./models/bert-base-cased/full_grad/inp/dynamic/2e-06/64/None/model_18": {
        "path": "./models/bert-base-cased/full_grad/inp/dynamic/2e-06/64/None/model_18",
        "gender": {
            "dev": {
                "ss": 0.6923076923076923,
                "lms": 0.7596153846153846,
                "icat": 0.46745562130177515
            },
            "test": {
                "ss": 0.5384615384615384,
                "lms": 0.7307692307692307,
                "icat": 0.6745562130177515
            },
            "dev_count": 156,
            "test_count": 156
        },
        "profession": {
            "dev": {
                "ss": 0.5932203389830508,
                "lms": 0.748587570621469,
                "icat": 0.6090203964378053
            },
            "test": {
                "ss": 0.615819209039548,
                "lms": 0.6892655367231638,
                "icat": 0.5296051581601711
            },
            "dev_count": 531,
            "test_count": 531
        },
        "race": {
            "dev": {
                "ss": 0.40869565217391307,
                "lms": 0.7695652173913043,
                "icat": 0.6290359168241967
            },
            "test": {
                "ss": 0.45454545454545453,
                "lms": 0.7207792207792207,
                "icat": 0.6552538370720188
            },
            "dev_count": 690,
            "test_count": 693
        },
        "religion": {
            "dev": {
                "ss": 0.7333333333333333,
                "lms": 0.7333333333333333,
                "icat": 0.3911111111111112
            },
            "test": {
                "ss": 0.5625,
                "lms": 0.71875,
                "icat": 0.62890625
            },
            "dev_count": 45,
            "test_count": 48
        },
        "dev_criterion_score": -0.6157205240174672,
        "test_criterion_score": -0.5982532751091703
    },
    "./models/bert-base-cased/full_grad/inp/dynamic/2e-06/64/None/model_11": {
        "path": "./models/bert-base-cased/full_grad/inp/dynamic/2e-06/64/None/model_11",
        "gender": {
            "dev": {
                "ss": 0.6730769230769231,
                "lms": 0.7788461538461539,
                "icat": 0.5092455621301775
            },
            "test": {
                "ss": 0.5384615384615384,
                "lms": 0.7211538461538461,
                "icat": 0.6656804733727811
            },
            "dev_count": 156,
            "test_count": 156
        },
        "profession": {
            "dev": {
                "ss": 0.5875706214689266,
                "lms": 0.711864406779661,
                "icat": 0.5871875897730536
            },
            "test": {
                "ss": 0.6214689265536724,
                "lms": 0.6497175141242938,
                "icat": 0.49187653611669696
            },
            "dev_count": 531,
            "test_count": 531
        },
        "race": {
            "dev": {
                "ss": 0.3826086956521739,
                "lms": 0.7369565217391304,
                "icat": 0.5639319470699433
            },
            "test": {
                "ss": 0.4458874458874459,
                "lms": 0.6904761904761905,
                "icat": 0.6157493300350443
            },
            "dev_count": 690,
            "test_count": 693
        },
        "religion": {
            "dev": {
                "ss": 0.7333333333333333,
                "lms": 0.7,
                "icat": 0.3733333333333334
            },
            "test": {
                "ss": 0.5,
                "lms": 0.78125,
                "icat": 0.78125
            },
            "dev_count": 45,
            "test_count": 48
        },
        "dev_criterion_score": -0.6069868995633187,
        "test_criterion_score": -0.6026200873362445
    },
    "./models/bert-base-cased/full_grad/inp/dynamic/2e-06/64/None/model_13": {
        "path": "./models/bert-base-cased/full_grad/inp/dynamic/2e-06/64/None/model_13",
        "gender": {
            "dev": {
                "ss": 0.6538461538461539,
                "lms": 0.7788461538461539,
                "icat": 0.5392011834319527
            },
            "test": {
                "ss": 0.5192307692307693,
                "lms": 0.7307692307692307,
                "icat": 0.702662721893491
            },
            "dev_count": 156,
            "test_count": 156
        },
        "profession": {
            "dev": {
                "ss": 0.576271186440678,
                "lms": 0.7062146892655368,
                "icat": 0.5984870248013023
            },
            "test": {
                "ss": 0.6214689265536724,
                "lms": 0.6440677966101694,
                "icat": 0.48759934884611694
            },
            "dev_count": 531,
            "test_count": 531
        },
        "race": {
            "dev": {
                "ss": 0.3826086956521739,
                "lms": 0.7304347826086957,
                "icat": 0.5589413988657845
            },
            "test": {
                "ss": 0.44155844155844154,
                "lms": 0.6774891774891775,
                "icat": 0.5983021307696632
            },
            "dev_count": 690,
            "test_count": 693
        },
        "religion": {
            "dev": {
                "ss": 0.6666666666666666,
                "lms": 0.7,
                "icat": 0.4666666666666667
            },
            "test": {
                "ss": 0.5,
                "lms": 0.75,
                "icat": 0.75
            },
            "dev_count": 45,
            "test_count": 48
        },
        "dev_criterion_score": -0.5938864628820961,
        "test_criterion_score": -0.5982532751091703
    },
    "./models/bert-base-cased/full_grad/inp/dynamic/2e-06/64/None/model_2": {
        "path": "./models/bert-base-cased/full_grad/inp/dynamic/2e-06/64/None/model_2",
        "gender": {
            "dev": {
                "ss": 0.6923076923076923,
                "lms": 0.7596153846153846,
                "icat": 0.46745562130177515
            },
            "test": {
                "ss": 0.5384615384615384,
                "lms": 0.75,
                "icat": 0.6923076923076923
            },
            "dev_count": 156,
            "test_count": 156
        },
        "profession": {
            "dev": {
                "ss": 0.5819209039548022,
                "lms": 0.7598870056497176,
                "icat": 0.635385744837052
            },
            "test": {
                "ss": 0.6271186440677966,
                "lms": 0.6864406779661016,
                "icat": 0.511921861534042
            },
            "dev_count": 531,
            "test_count": 531
        },
        "race": {
            "dev": {
                "ss": 0.41739130434782606,
                "lms": 0.7717391304347826,
                "icat": 0.644234404536862
            },
            "test": {
                "ss": 0.45454545454545453,
                "lms": 0.7316017316017316,
                "icat": 0.6650924832743014
            },
            "dev_count": 690,
            "test_count": 693
        },
        "religion": {
            "dev": {
                "ss": 0.7333333333333333,
                "lms": 0.7333333333333333,
                "icat": 0.3911111111111112
            },
            "test": {
                "ss": 0.5625,
                "lms": 0.71875,
                "icat": 0.62890625
            },
            "dev_count": 45,
            "test_count": 48
        },
        "dev_criterion_score": -0.6069868995633187,
        "test_criterion_score": -0.6069868995633187
    },
    "./models/bert-base-cased/full_grad/inp/dynamic/2e-06/64/None/model_12": {
        "path": "./models/bert-base-cased/full_grad/inp/dynamic/2e-06/64/None/model_12",
        "gender": {
            "dev": {
                "ss": 0.6538461538461539,
                "lms": 0.7788461538461539,
                "icat": 0.5392011834319527
            },
            "test": {
                "ss": 0.5384615384615384,
                "lms": 0.7211538461538461,
                "icat": 0.6656804733727811
            },
            "dev_count": 156,
            "test_count": 156
        },
        "profession": {
            "dev": {
                "ss": 0.5706214689265536,
                "lms": 0.7090395480225988,
                "icat": 0.6088927192058476
            },
            "test": {
                "ss": 0.6214689265536724,
                "lms": 0.6440677966101694,
                "icat": 0.48759934884611694
            },
            "dev_count": 531,
            "test_count": 531
        },
        "race": {
            "dev": {
                "ss": 0.3782608695652174,
                "lms": 0.7304347826086957,
                "icat": 0.5525897920604914
            },
            "test": {
                "ss": 0.4458874458874459,
                "lms": 0.6774891774891775,
                "icat": 0.6041678379340717
            },
            "dev_count": 690,
            "test_count": 693
        },
        "religion": {
            "dev": {
                "ss": 0.6666666666666666,
                "lms": 0.7,
                "icat": 0.4666666666666667
            },
            "test": {
                "ss": 0.5,
                "lms": 0.75,
                "icat": 0.75
            },
            "dev_count": 45,
            "test_count": 48
        },
        "dev_criterion_score": -0.5895196506550219,
        "test_criterion_score": -0.6026200873362445
    }
}
