12/07/2025 16:25:03 - INFO - __main__ - Initialized tokenizer
12/07/2025 16:25:03 - INFO - __main__ - Found 15 models to evaluate.
12/07/2025 16:25:03 - INFO - __main__ - Constructing StereoSet dataloaders
12/07/2025 16:25:04 - INFO - __main__ - Constructed StereoSet dataloaders
12/07/2025 16:25:04 - INFO - __main__ - Evaluating model at ./models/roberta-base/notall/inp/adv/2e-06/64/22000/model_7
12/07/2025 16:25:04 - INFO - __main__ - ==================================================1/15==================================================
12/07/2025 16:25:07 - INFO - __main__ - Got result: {
    "path": "./models/roberta-base/notall/inp/adv/2e-06/64/22000/model_7",
    "gender": {
        "dev": {
            "ss": 0.7681159420289855,
            "lms": 0.8840579710144928,
            "icat": 0.40999789960092425
        },
        "test": {
            "ss": 0.6231884057971014,
            "lms": 0.8623188405797102,
            "icat": 0.6498634740600715
        },
        "dev_count": 207,
        "test_count": 207
    },
    "profession": {
        "dev": {
            "ss": 0.5575221238938053,
            "lms": 0.8451327433628318,
            "icat": 0.7479050826219751
        },
        "test": {
            "ss": 0.5929203539823009,
            "lms": 0.8495575221238938,
            "icat": 0.6916751507557365
        },
        "dev_count": 678,
        "test_count": 678
    },
    "race": {
        "dev": {
            "ss": 0.5226480836236934,
            "lms": 0.8850174216027874,
            "icat": 0.8449295244570165
        },
        "test": {
            "ss": 0.5435540069686411,
            "lms": 0.8763066202090593,
            "icat": 0.7999732909225559
        },
        "dev_count": 861,
        "test_count": 861
    },
    "religion": {
        "dev": {
            "ss": 0.6,
            "lms": 0.825,
            "icat": 0.66
        },
        "test": {
            "ss": 0.6,
            "lms": 0.8,
            "icat": 0.6400000000000001
        },
        "dev_count": 60,
        "test_count": 60
    }
}
12/07/2025 16:25:07 - INFO - __main__ - ====================================================================================================
12/07/2025 16:25:07 - INFO - __main__ - Evaluating model at ./models/roberta-base/notall/inp/adv/2e-06/64/22000/model_6
12/07/2025 16:25:07 - INFO - __main__ - ==================================================2/15==================================================
12/07/2025 16:25:08 - INFO - __main__ - Got result: {
    "path": "./models/roberta-base/notall/inp/adv/2e-06/64/22000/model_6",
    "gender": {
        "dev": {
            "ss": 0.7681159420289855,
            "lms": 0.8840579710144928,
            "icat": 0.40999789960092425
        },
        "test": {
            "ss": 0.5942028985507246,
            "lms": 0.8623188405797102,
            "icat": 0.6998529720646924
        },
        "dev_count": 207,
        "test_count": 207
    },
    "profession": {
        "dev": {
            "ss": 0.5707964601769911,
            "lms": 0.8429203539823009,
            "icat": 0.7235687994361344
        },
        "test": {
            "ss": 0.6061946902654868,
            "lms": 0.8539823008849557,
            "icat": 0.6726055290155846
        },
        "dev_count": 678,
        "test_count": 678
    },
    "race": {
        "dev": {
            "ss": 0.5226480836236934,
            "lms": 0.8867595818815331,
            "icat": 0.8465927715524044
        },
        "test": {
            "ss": 0.5365853658536586,
            "lms": 0.8710801393728222,
            "icat": 0.807342568199201
        },
        "dev_count": 861,
        "test_count": 861
    },
    "religion": {
        "dev": {
            "ss": 0.6,
            "lms": 0.85,
            "icat": 0.68
        },
        "test": {
            "ss": 0.6,
            "lms": 0.8,
            "icat": 0.6400000000000001
        },
        "dev_count": 60,
        "test_count": 60
    }
}
12/07/2025 16:25:08 - INFO - __main__ - ====================================================================================================
12/07/2025 16:25:08 - INFO - __main__ - Evaluating model at ./models/roberta-base/notall/inp/adv/2e-06/64/22000/model_3
12/07/2025 16:25:08 - INFO - __main__ - ==================================================3/15==================================================
12/07/2025 16:25:09 - INFO - __main__ - Got result: {
    "path": "./models/roberta-base/notall/inp/adv/2e-06/64/22000/model_3",
    "gender": {
        "dev": {
            "ss": 0.7681159420289855,
            "lms": 0.8985507246376812,
            "icat": 0.41671917664356234
        },
        "test": {
            "ss": 0.6086956521739131,
            "lms": 0.8913043478260869,
            "icat": 0.6975425330812853
        },
        "dev_count": 207,
        "test_count": 207
    },
    "profession": {
        "dev": {
            "ss": 0.584070796460177,
            "lms": 0.8650442477876106,
            "icat": 0.7195943300180123
        },
        "test": {
            "ss": 0.6017699115044248,
            "lms": 0.8783185840707964,
            "icat": 0.6995457749236431
        },
        "dev_count": 678,
        "test_count": 678
    },
    "race": {
        "dev": {
            "ss": 0.5470383275261324,
            "lms": 0.8867595818815331,
            "icat": 0.8033362065825737
        },
        "test": {
            "ss": 0.5470383275261324,
            "lms": 0.89198606271777,
            "icat": 0.8080709975840427
        },
        "dev_count": 861,
        "test_count": 861
    },
    "religion": {
        "dev": {
            "ss": 0.6,
            "lms": 0.875,
            "icat": 0.7000000000000001
        },
        "test": {
            "ss": 0.55,
            "lms": 0.875,
            "icat": 0.7874999999999999
        },
        "dev_count": 60,
        "test_count": 60
    }
}
12/07/2025 16:25:09 - INFO - __main__ - ====================================================================================================
12/07/2025 16:25:09 - INFO - __main__ - Evaluating model at ./models/roberta-base/notall/inp/adv/2e-06/64/22000/model_8
12/07/2025 16:25:09 - INFO - __main__ - ==================================================4/15==================================================
12/07/2025 16:25:10 - INFO - __main__ - Got result: {
    "path": "./models/roberta-base/notall/inp/adv/2e-06/64/22000/model_8",
    "gender": {
        "dev": {
            "ss": 0.7681159420289855,
            "lms": 0.8768115942028986,
            "icat": 0.4066372610796052
        },
        "test": {
            "ss": 0.6231884057971014,
            "lms": 0.8695652173913043,
            "icat": 0.6553245116572148
        },
        "dev_count": 207,
        "test_count": 207
    },
    "profession": {
        "dev": {
            "ss": 0.5309734513274337,
            "lms": 0.8451327433628318,
            "icat": 0.7927793875792934
        },
        "test": {
            "ss": 0.6106194690265486,
            "lms": 0.8473451327433629,
            "icat": 0.6598793954107606
        },
        "dev_count": 678,
        "test_count": 678
    },
    "race": {
        "dev": {
            "ss": 0.519163763066202,
            "lms": 0.8815331010452961,
            "icat": 0.8477461180784034
        },
        "test": {
            "ss": 0.554006968641115,
            "lms": 0.872822299651568,
            "icat": 0.7785453265184717
        },
        "dev_count": 861,
        "test_count": 861
    },
    "religion": {
        "dev": {
            "ss": 0.6,
            "lms": 0.825,
            "icat": 0.66
        },
        "test": {
            "ss": 0.6,
            "lms": 0.8,
            "icat": 0.6400000000000001
        },
        "dev_count": 60,
        "test_count": 60
    }
}
12/07/2025 16:25:10 - INFO - __main__ - ====================================================================================================
12/07/2025 16:25:10 - INFO - __main__ - Evaluating model at ./models/roberta-base/notall/inp/adv/2e-06/64/22000/model_14
12/07/2025 16:25:10 - INFO - __main__ - ==================================================5/15==================================================
12/07/2025 16:25:11 - INFO - __main__ - Got result: {
    "path": "./models/roberta-base/notall/inp/adv/2e-06/64/22000/model_14",
    "gender": {
        "dev": {
            "ss": 0.7391304347826086,
            "lms": 0.8405797101449275,
            "icat": 0.4385633270321362
        },
        "test": {
            "ss": 0.6086956521739131,
            "lms": 0.8478260869565217,
            "icat": 0.66351606805293
        },
        "dev_count": 207,
        "test_count": 207
    },
    "profession": {
        "dev": {
            "ss": 0.5,
            "lms": 0.8296460176991151,
            "icat": 0.8296460176991151
        },
        "test": {
            "ss": 0.588495575221239,
            "lms": 0.834070796460177,
            "icat": 0.6864476466442164
        },
        "dev_count": 678,
        "test_count": 678
    },
    "race": {
        "dev": {
            "ss": 0.5017421602787456,
            "lms": 0.8797909407665505,
            "icat": 0.876725467105343
        },
        "test": {
            "ss": 0.5609756097560976,
            "lms": 0.8641114982578397,
            "icat": 0.758732047250786
        },
        "dev_count": 861,
        "test_count": 861
    },
    "religion": {
        "dev": {
            "ss": 0.6,
            "lms": 0.825,
            "icat": 0.66
        },
        "test": {
            "ss": 0.6,
            "lms": 0.775,
            "icat": 0.6200000000000001
        },
        "dev_count": 60,
        "test_count": 60
    }
}
12/07/2025 16:25:11 - INFO - __main__ - ====================================================================================================
12/07/2025 16:25:11 - INFO - __main__ - Evaluating model at ./models/roberta-base/notall/inp/adv/2e-06/64/22000/model_15
12/07/2025 16:25:11 - INFO - __main__ - ==================================================6/15==================================================
12/07/2025 16:25:12 - INFO - __main__ - Got result: {
    "path": "./models/roberta-base/notall/inp/adv/2e-06/64/22000/model_15",
    "gender": {
        "dev": {
            "ss": 0.7391304347826086,
            "lms": 0.8478260869565217,
            "icat": 0.4423440453686201
        },
        "test": {
            "ss": 0.6086956521739131,
            "lms": 0.8478260869565217,
            "icat": 0.66351606805293
        },
        "dev_count": 207,
        "test_count": 207
    },
    "profession": {
        "dev": {
            "ss": 0.4911504424778761,
            "lms": 0.827433628318584,
            "icat": 0.8127887853394941
        },
        "test": {
            "ss": 0.5707964601769911,
            "lms": 0.834070796460177,
            "icat": 0.7159722766074086
        },
        "dev_count": 678,
        "test_count": 678
    },
    "race": {
        "dev": {
            "ss": 0.4912891986062718,
            "lms": 0.8780487804878049,
            "icat": 0.8627517634061358
        },
        "test": {
            "ss": 0.554006968641115,
            "lms": 0.8641114982578397,
            "icat": 0.7707754130801636
        },
        "dev_count": 861,
        "test_count": 861
    },
    "religion": {
        "dev": {
            "ss": 0.6,
            "lms": 0.825,
            "icat": 0.66
        },
        "test": {
            "ss": 0.6,
            "lms": 0.775,
            "icat": 0.6200000000000001
        },
        "dev_count": 60,
        "test_count": 60
    }
}
12/07/2025 16:25:12 - INFO - __main__ - ====================================================================================================
12/07/2025 16:25:12 - INFO - __main__ - Evaluating model at ./models/roberta-base/notall/inp/adv/2e-06/64/22000/model_5
12/07/2025 16:25:12 - INFO - __main__ - ==================================================7/15==================================================
12/07/2025 16:25:12 - INFO - __main__ - Got result: {
    "path": "./models/roberta-base/notall/inp/adv/2e-06/64/22000/model_5",
    "gender": {
        "dev": {
            "ss": 0.7681159420289855,
            "lms": 0.8840579710144928,
            "icat": 0.40999789960092425
        },
        "test": {
            "ss": 0.5797101449275363,
            "lms": 0.8768115942028986,
            "icat": 0.7370300357067843
        },
        "dev_count": 207,
        "test_count": 207
    },
    "profession": {
        "dev": {
            "ss": 0.5796460176991151,
            "lms": 0.8495575221238938,
            "icat": 0.7142297752369018
        },
        "test": {
            "ss": 0.6106194690265486,
            "lms": 0.8517699115044248,
            "icat": 0.6633252408176052
        },
        "dev_count": 678,
        "test_count": 678
    },
    "race": {
        "dev": {
            "ss": 0.5296167247386759,
            "lms": 0.8867595818815331,
            "icat": 0.8342337529895957
        },
        "test": {
            "ss": 0.5435540069686411,
            "lms": 0.8745644599303136,
            "icat": 0.7983828867656522
        },
        "dev_count": 861,
        "test_count": 861
    },
    "religion": {
        "dev": {
            "ss": 0.6,
            "lms": 0.85,
            "icat": 0.68
        },
        "test": {
            "ss": 0.55,
            "lms": 0.8,
            "icat": 0.72
        },
        "dev_count": 60,
        "test_count": 60
    }
}
12/07/2025 16:25:12 - INFO - __main__ - ====================================================================================================
12/07/2025 16:25:12 - INFO - __main__ - Evaluating model at ./models/roberta-base/notall/inp/adv/2e-06/64/22000/model_4
12/07/2025 16:25:12 - INFO - __main__ - ==================================================8/15==================================================
12/07/2025 16:25:13 - INFO - __main__ - Got result: {
    "path": "./models/roberta-base/notall/inp/adv/2e-06/64/22000/model_4",
    "gender": {
        "dev": {
            "ss": 0.7391304347826086,
            "lms": 0.8985507246376812,
            "icat": 0.46880907372400765
        },
        "test": {
            "ss": 0.6231884057971014,
            "lms": 0.8840579710144928,
            "icat": 0.6662465868515018
        },
        "dev_count": 207,
        "test_count": 207
    },
    "profession": {
        "dev": {
            "ss": 0.588495575221239,
            "lms": 0.8584070796460177,
            "icat": 0.7064766230715013
        },
        "test": {
            "ss": 0.5929203539823009,
            "lms": 0.8694690265486725,
            "icat": 0.7078862871015741
        },
        "dev_count": 678,
        "test_count": 678
    },
    "race": {
        "dev": {
            "ss": 0.5296167247386759,
            "lms": 0.8885017421602788,
            "icat": 0.8358727191054888
        },
        "test": {
            "ss": 0.5435540069686411,
            "lms": 0.8832752613240418,
            "icat": 0.8063349075501706
        },
        "dev_count": 861,
        "test_count": 861
    },
    "religion": {
        "dev": {
            "ss": 0.6,
            "lms": 0.875,
            "icat": 0.7000000000000001
        },
        "test": {
            "ss": 0.55,
            "lms": 0.85,
            "icat": 0.7649999999999999
        },
        "dev_count": 60,
        "test_count": 60
    }
}
12/07/2025 16:25:13 - INFO - __main__ - ====================================================================================================
12/07/2025 16:25:13 - INFO - __main__ - Evaluating model at ./models/roberta-base/notall/inp/adv/2e-06/64/22000/model_10
12/07/2025 16:25:13 - INFO - __main__ - ==================================================9/15==================================================
12/07/2025 16:25:14 - INFO - __main__ - Got result: {
    "path": "./models/roberta-base/notall/inp/adv/2e-06/64/22000/model_10",
    "gender": {
        "dev": {
            "ss": 0.7536231884057971,
            "lms": 0.8623188405797102,
            "icat": 0.42491073303927746
        },
        "test": {
            "ss": 0.6231884057971014,
            "lms": 0.8623188405797102,
            "icat": 0.6498634740600715
        },
        "dev_count": 207,
        "test_count": 207
    },
    "profession": {
        "dev": {
            "ss": 0.5132743362831859,
            "lms": 0.838495575221239,
            "icat": 0.8162346307463387
        },
        "test": {
            "ss": 0.5973451327433629,
            "lms": 0.8407079646017699,
            "icat": 0.6770303077766465
        },
        "dev_count": 678,
        "test_count": 678
    },
    "race": {
        "dev": {
            "ss": 0.519163763066202,
            "lms": 0.8745644599303136,
            "icat": 0.8410445677378626
        },
        "test": {
            "ss": 0.5505226480836237,
            "lms": 0.8623693379790941,
            "icat": 0.7752309728174435
        },
        "dev_count": 861,
        "test_count": 861
    },
    "religion": {
        "dev": {
            "ss": 0.6,
            "lms": 0.825,
            "icat": 0.66
        },
        "test": {
            "ss": 0.6,
            "lms": 0.775,
            "icat": 0.6200000000000001
        },
        "dev_count": 60,
        "test_count": 60
    }
}
12/07/2025 16:25:14 - INFO - __main__ - ====================================================================================================
12/07/2025 16:25:14 - INFO - __main__ - Evaluating model at ./models/roberta-base/notall/inp/adv/2e-06/64/22000/model_1
12/07/2025 16:25:14 - INFO - __main__ - ==================================================10/15==================================================
12/07/2025 16:25:15 - INFO - __main__ - Got result: {
    "path": "./models/roberta-base/notall/inp/adv/2e-06/64/22000/model_1",
    "gender": {
        "dev": {
            "ss": 0.782608695652174,
            "lms": 0.9057971014492754,
            "icat": 0.3938248267170762
        },
        "test": {
            "ss": 0.6376811594202898,
            "lms": 0.9130434782608695,
            "icat": 0.6616257088846882
        },
        "dev_count": 207,
        "test_count": 207
    },
    "profession": {
        "dev": {
            "ss": 0.5752212389380531,
            "lms": 0.8915929203539823,
            "icat": 0.7574594721591353
        },
        "test": {
            "ss": 0.6283185840707964,
            "lms": 0.911504424778761,
            "icat": 0.6775785104550083
        },
        "dev_count": 678,
        "test_count": 678
    },
    "race": {
        "dev": {
            "ss": 0.5958188153310104,
            "lms": 0.9024390243902439,
            "icat": 0.7294977479391519
        },
        "test": {
            "ss": 0.5993031358885017,
            "lms": 0.9128919860627178,
            "icat": 0.7315859121756972
        },
        "dev_count": 861,
        "test_count": 861
    },
    "religion": {
        "dev": {
            "ss": 0.55,
            "lms": 0.85,
            "icat": 0.7649999999999999
        },
        "test": {
            "ss": 0.65,
            "lms": 0.9,
            "icat": 0.63
        },
        "dev_count": 60,
        "test_count": 60
    }
}
12/07/2025 16:25:15 - INFO - __main__ - ====================================================================================================
12/07/2025 16:25:15 - INFO - __main__ - Evaluating model at ./models/roberta-base/notall/inp/adv/2e-06/64/22000/model_9
12/07/2025 16:25:15 - INFO - __main__ - ==================================================11/15==================================================
12/07/2025 16:25:16 - INFO - __main__ - Got result: {
    "path": "./models/roberta-base/notall/inp/adv/2e-06/64/22000/model_9",
    "gender": {
        "dev": {
            "ss": 0.7681159420289855,
            "lms": 0.8623188405797102,
            "icat": 0.3999159840369671
        },
        "test": {
            "ss": 0.6231884057971014,
            "lms": 0.8623188405797102,
            "icat": 0.6498634740600715
        },
        "dev_count": 207,
        "test_count": 207
    },
    "profession": {
        "dev": {
            "ss": 0.5221238938053098,
            "lms": 0.8429203539823009,
            "icat": 0.8056229931866238
        },
        "test": {
            "ss": 0.6106194690265486,
            "lms": 0.8407079646017699,
            "icat": 0.6547106273004935
        },
        "dev_count": 678,
        "test_count": 678
    },
    "race": {
        "dev": {
            "ss": 0.519163763066202,
            "lms": 0.8780487804878049,
            "icat": 0.844395342908133
        },
        "test": {
            "ss": 0.554006968641115,
            "lms": 0.8658536585365854,
            "icat": 0.7723293957678252
        },
        "dev_count": 861,
        "test_count": 861
    },
    "religion": {
        "dev": {
            "ss": 0.6,
            "lms": 0.825,
            "icat": 0.66
        },
        "test": {
            "ss": 0.6,
            "lms": 0.775,
            "icat": 0.6200000000000001
        },
        "dev_count": 60,
        "test_count": 60
    }
}
12/07/2025 16:25:16 - INFO - __main__ - ====================================================================================================
12/07/2025 16:25:16 - INFO - __main__ - Evaluating model at ./models/roberta-base/notall/inp/adv/2e-06/64/22000/model_11
12/07/2025 16:25:16 - INFO - __main__ - ==================================================12/15==================================================
12/07/2025 16:25:17 - INFO - __main__ - Got result: {
    "path": "./models/roberta-base/notall/inp/adv/2e-06/64/22000/model_11",
    "gender": {
        "dev": {
            "ss": 0.7391304347826086,
            "lms": 0.855072463768116,
            "icat": 0.44612476370510407
        },
        "test": {
            "ss": 0.6086956521739131,
            "lms": 0.855072463768116,
            "icat": 0.6691871455576559
        },
        "dev_count": 207,
        "test_count": 207
    },
    "profession": {
        "dev": {
            "ss": 0.5176991150442478,
            "lms": 0.8407079646017699,
            "icat": 0.8109483906335656
        },
        "test": {
            "ss": 0.6061946902654868,
            "lms": 0.8362831858407079,
            "icat": 0.658665518051531
        },
        "dev_count": 678,
        "test_count": 678
    },
    "race": {
        "dev": {
            "ss": 0.5121951219512195,
            "lms": 0.8745644599303136,
            "icat": 0.8532336194442084
        },
        "test": {
            "ss": 0.5574912891986062,
            "lms": 0.8588850174216028,
            "icat": 0.7601282035717322
        },
        "dev_count": 861,
        "test_count": 861
    },
    "religion": {
        "dev": {
            "ss": 0.6,
            "lms": 0.825,
            "icat": 0.66
        },
        "test": {
            "ss": 0.6,
            "lms": 0.775,
            "icat": 0.6200000000000001
        },
        "dev_count": 60,
        "test_count": 60
    }
}
12/07/2025 16:25:17 - INFO - __main__ - ====================================================================================================
12/07/2025 16:25:17 - INFO - __main__ - Evaluating model at ./models/roberta-base/notall/inp/adv/2e-06/64/22000/model_13
12/07/2025 16:25:17 - INFO - __main__ - ==================================================13/15==================================================
12/07/2025 16:25:18 - INFO - __main__ - Got result: {
    "path": "./models/roberta-base/notall/inp/adv/2e-06/64/22000/model_13",
    "gender": {
        "dev": {
            "ss": 0.7391304347826086,
            "lms": 0.8405797101449275,
            "icat": 0.4385633270321362
        },
        "test": {
            "ss": 0.6086956521739131,
            "lms": 0.8478260869565217,
            "icat": 0.66351606805293
        },
        "dev_count": 207,
        "test_count": 207
    },
    "profession": {
        "dev": {
            "ss": 0.504424778761062,
            "lms": 0.8407079646017699,
            "icat": 0.8332680711097188
        },
        "test": {
            "ss": 0.5929203539823009,
            "lms": 0.834070796460177,
            "icat": 0.6790664891534184
        },
        "dev_count": 678,
        "test_count": 678
    },
    "race": {
        "dev": {
            "ss": 0.5087108013937283,
            "lms": 0.8780487804878049,
            "icat": 0.8627517634061357
        },
        "test": {
            "ss": 0.554006968641115,
            "lms": 0.8606271777003485,
            "icat": 0.7676674477048404
        },
        "dev_count": 861,
        "test_count": 861
    },
    "religion": {
        "dev": {
            "ss": 0.6,
            "lms": 0.825,
            "icat": 0.66
        },
        "test": {
            "ss": 0.6,
            "lms": 0.775,
            "icat": 0.6200000000000001
        },
        "dev_count": 60,
        "test_count": 60
    }
}
12/07/2025 16:25:18 - INFO - __main__ - ====================================================================================================
12/07/2025 16:25:18 - INFO - __main__ - Evaluating model at ./models/roberta-base/notall/inp/adv/2e-06/64/22000/model_2
12/07/2025 16:25:18 - INFO - __main__ - ==================================================14/15==================================================
12/07/2025 16:25:19 - INFO - __main__ - Got result: {
    "path": "./models/roberta-base/notall/inp/adv/2e-06/64/22000/model_2",
    "gender": {
        "dev": {
            "ss": 0.782608695652174,
            "lms": 0.8913043478260869,
            "icat": 0.38752362948960295
        },
        "test": {
            "ss": 0.6231884057971014,
            "lms": 0.8913043478260869,
            "icat": 0.6717076244486452
        },
        "dev_count": 207,
        "test_count": 207
    },
    "profession": {
        "dev": {
            "ss": 0.588495575221239,
            "lms": 0.8694690265486725,
            "icat": 0.7155807032657215
        },
        "test": {
            "ss": 0.6106194690265486,
            "lms": 0.8893805309734514,
            "icat": 0.6926149267757852
        },
        "dev_count": 678,
        "test_count": 678
    },
    "race": {
        "dev": {
            "ss": 0.5470383275261324,
            "lms": 0.8989547038327527,
            "icat": 0.814384052252668
        },
        "test": {
            "ss": 0.5644599303135889,
            "lms": 0.9041811846689896,
            "icat": 0.7876142723597469
        },
        "dev_count": 861,
        "test_count": 861
    },
    "religion": {
        "dev": {
            "ss": 0.6,
            "lms": 0.875,
            "icat": 0.7000000000000001
        },
        "test": {
            "ss": 0.55,
            "lms": 0.875,
            "icat": 0.7874999999999999
        },
        "dev_count": 60,
        "test_count": 60
    }
}
12/07/2025 16:25:19 - INFO - __main__ - ====================================================================================================
12/07/2025 16:25:19 - INFO - __main__ - Evaluating model at ./models/roberta-base/notall/inp/adv/2e-06/64/22000/model_12
12/07/2025 16:25:19 - INFO - __main__ - ==================================================15/15==================================================
12/07/2025 16:25:20 - INFO - __main__ - Got result: {
    "path": "./models/roberta-base/notall/inp/adv/2e-06/64/22000/model_12",
    "gender": {
        "dev": {
            "ss": 0.7536231884057971,
            "lms": 0.855072463768116,
            "icat": 0.42134005461037594
        },
        "test": {
            "ss": 0.6086956521739131,
            "lms": 0.8478260869565217,
            "icat": 0.66351606805293
        },
        "dev_count": 207,
        "test_count": 207
    },
    "profession": {
        "dev": {
            "ss": 0.5176991150442478,
            "lms": 0.834070796460177,
            "icat": 0.8045461664969848
        },
        "test": {
            "ss": 0.588495575221239,
            "lms": 0.8362831858407079,
            "icat": 0.6882684626830604
        },
        "dev_count": 678,
        "test_count": 678
    },
    "race": {
        "dev": {
            "ss": 0.5121951219512195,
            "lms": 0.8763066202090593,
            "icat": 0.8549332880088383
        },
        "test": {
            "ss": 0.554006968641115,
            "lms": 0.8588850174216028,
            "icat": 0.7661134650171788
        },
        "dev_count": 861,
        "test_count": 861
    },
    "religion": {
        "dev": {
            "ss": 0.6,
            "lms": 0.825,
            "icat": 0.66
        },
        "test": {
            "ss": 0.6,
            "lms": 0.775,
            "icat": 0.6200000000000001
        },
        "dev_count": 60,
        "test_count": 60
    }
}
12/07/2025 16:25:20 - INFO - __main__ - ====================================================================================================
12/07/2025 16:25:20 - INFO - __main__ - Got results map {
    "notall": {
        "inp": {
            "adv": {
                "2e-06": {
                    "64": {
                        "22000": {
                            "model_7": {
                                "path": "./models/roberta-base/notall/inp/adv/2e-06/64/22000/model_7",
                                "gender": {
                                    "dev": {
                                        "ss": 0.7681159420289855,
                                        "lms": 0.8840579710144928,
                                        "icat": 0.40999789960092425
                                    },
                                    "test": {
                                        "ss": 0.6231884057971014,
                                        "lms": 0.8623188405797102,
                                        "icat": 0.6498634740600715
                                    },
                                    "dev_count": 207,
                                    "test_count": 207
                                },
                                "profession": {
                                    "dev": {
                                        "ss": 0.5575221238938053,
                                        "lms": 0.8451327433628318,
                                        "icat": 0.7479050826219751
                                    },
                                    "test": {
                                        "ss": 0.5929203539823009,
                                        "lms": 0.8495575221238938,
                                        "icat": 0.6916751507557365
                                    },
                                    "dev_count": 678,
                                    "test_count": 678
                                },
                                "race": {
                                    "dev": {
                                        "ss": 0.5226480836236934,
                                        "lms": 0.8850174216027874,
                                        "icat": 0.8449295244570165
                                    },
                                    "test": {
                                        "ss": 0.5435540069686411,
                                        "lms": 0.8763066202090593,
                                        "icat": 0.7999732909225559
                                    },
                                    "dev_count": 861,
                                    "test_count": 861
                                },
                                "religion": {
                                    "dev": {
                                        "ss": 0.6,
                                        "lms": 0.825,
                                        "icat": 0.66
                                    },
                                    "test": {
                                        "ss": 0.6,
                                        "lms": 0.8,
                                        "icat": 0.6400000000000001
                                    },
                                    "dev_count": 60,
                                    "test_count": 60
                                }
                            },
                            "model_6": {
                                "path": "./models/roberta-base/notall/inp/adv/2e-06/64/22000/model_6",
                                "gender": {
                                    "dev": {
                                        "ss": 0.7681159420289855,
                                        "lms": 0.8840579710144928,
                                        "icat": 0.40999789960092425
                                    },
                                    "test": {
                                        "ss": 0.5942028985507246,
                                        "lms": 0.8623188405797102,
                                        "icat": 0.6998529720646924
                                    },
                                    "dev_count": 207,
                                    "test_count": 207
                                },
                                "profession": {
                                    "dev": {
                                        "ss": 0.5707964601769911,
                                        "lms": 0.8429203539823009,
                                        "icat": 0.7235687994361344
                                    },
                                    "test": {
                                        "ss": 0.6061946902654868,
                                        "lms": 0.8539823008849557,
                                        "icat": 0.6726055290155846
                                    },
                                    "dev_count": 678,
                                    "test_count": 678
                                },
                                "race": {
                                    "dev": {
                                        "ss": 0.5226480836236934,
                                        "lms": 0.8867595818815331,
                                        "icat": 0.8465927715524044
                                    },
                                    "test": {
                                        "ss": 0.5365853658536586,
                                        "lms": 0.8710801393728222,
                                        "icat": 0.807342568199201
                                    },
                                    "dev_count": 861,
                                    "test_count": 861
                                },
                                "religion": {
                                    "dev": {
                                        "ss": 0.6,
                                        "lms": 0.85,
                                        "icat": 0.68
                                    },
                                    "test": {
                                        "ss": 0.6,
                                        "lms": 0.8,
                                        "icat": 0.6400000000000001
                                    },
                                    "dev_count": 60,
                                    "test_count": 60
                                }
                            },
                            "model_3": {
                                "path": "./models/roberta-base/notall/inp/adv/2e-06/64/22000/model_3",
                                "gender": {
                                    "dev": {
                                        "ss": 0.7681159420289855,
                                        "lms": 0.8985507246376812,
                                        "icat": 0.41671917664356234
                                    },
                                    "test": {
                                        "ss": 0.6086956521739131,
                                        "lms": 0.8913043478260869,
                                        "icat": 0.6975425330812853
                                    },
                                    "dev_count": 207,
                                    "test_count": 207
                                },
                                "profession": {
                                    "dev": {
                                        "ss": 0.584070796460177,
                                        "lms": 0.8650442477876106,
                                        "icat": 0.7195943300180123
                                    },
                                    "test": {
                                        "ss": 0.6017699115044248,
                                        "lms": 0.8783185840707964,
                                        "icat": 0.6995457749236431
                                    },
                                    "dev_count": 678,
                                    "test_count": 678
                                },
                                "race": {
                                    "dev": {
                                        "ss": 0.5470383275261324,
                                        "lms": 0.8867595818815331,
                                        "icat": 0.8033362065825737
                                    },
                                    "test": {
                                        "ss": 0.5470383275261324,
                                        "lms": 0.89198606271777,
                                        "icat": 0.8080709975840427
                                    },
                                    "dev_count": 861,
                                    "test_count": 861
                                },
                                "religion": {
                                    "dev": {
                                        "ss": 0.6,
                                        "lms": 0.875,
                                        "icat": 0.7000000000000001
                                    },
                                    "test": {
                                        "ss": 0.55,
                                        "lms": 0.875,
                                        "icat": 0.7874999999999999
                                    },
                                    "dev_count": 60,
                                    "test_count": 60
                                }
                            },
                            "model_8": {
                                "path": "./models/roberta-base/notall/inp/adv/2e-06/64/22000/model_8",
                                "gender": {
                                    "dev": {
                                        "ss": 0.7681159420289855,
                                        "lms": 0.8768115942028986,
                                        "icat": 0.4066372610796052
                                    },
                                    "test": {
                                        "ss": 0.6231884057971014,
                                        "lms": 0.8695652173913043,
                                        "icat": 0.6553245116572148
                                    },
                                    "dev_count": 207,
                                    "test_count": 207
                                },
                                "profession": {
                                    "dev": {
                                        "ss": 0.5309734513274337,
                                        "lms": 0.8451327433628318,
                                        "icat": 0.7927793875792934
                                    },
                                    "test": {
                                        "ss": 0.6106194690265486,
                                        "lms": 0.8473451327433629,
                                        "icat": 0.6598793954107606
                                    },
                                    "dev_count": 678,
                                    "test_count": 678
                                },
                                "race": {
                                    "dev": {
                                        "ss": 0.519163763066202,
                                        "lms": 0.8815331010452961,
                                        "icat": 0.8477461180784034
                                    },
                                    "test": {
                                        "ss": 0.554006968641115,
                                        "lms": 0.872822299651568,
                                        "icat": 0.7785453265184717
                                    },
                                    "dev_count": 861,
                                    "test_count": 861
                                },
                                "religion": {
                                    "dev": {
                                        "ss": 0.6,
                                        "lms": 0.825,
                                        "icat": 0.66
                                    },
                                    "test": {
                                        "ss": 0.6,
                                        "lms": 0.8,
                                        "icat": 0.6400000000000001
                                    },
                                    "dev_count": 60,
                                    "test_count": 60
                                }
                            },
                            "model_14": {
                                "path": "./models/roberta-base/notall/inp/adv/2e-06/64/22000/model_14",
                                "gender": {
                                    "dev": {
                                        "ss": 0.7391304347826086,
                                        "lms": 0.8405797101449275,
                                        "icat": 0.4385633270321362
                                    },
                                    "test": {
                                        "ss": 0.6086956521739131,
                                        "lms": 0.8478260869565217,
                                        "icat": 0.66351606805293
                                    },
                                    "dev_count": 207,
                                    "test_count": 207
                                },
                                "profession": {
                                    "dev": {
                                        "ss": 0.5,
                                        "lms": 0.8296460176991151,
                                        "icat": 0.8296460176991151
                                    },
                                    "test": {
                                        "ss": 0.588495575221239,
                                        "lms": 0.834070796460177,
                                        "icat": 0.6864476466442164
                                    },
                                    "dev_count": 678,
                                    "test_count": 678
                                },
                                "race": {
                                    "dev": {
                                        "ss": 0.5017421602787456,
                                        "lms": 0.8797909407665505,
                                        "icat": 0.876725467105343
                                    },
                                    "test": {
                                        "ss": 0.5609756097560976,
                                        "lms": 0.8641114982578397,
                                        "icat": 0.758732047250786
                                    },
                                    "dev_count": 861,
                                    "test_count": 861
                                },
                                "religion": {
                                    "dev": {
                                        "ss": 0.6,
                                        "lms": 0.825,
                                        "icat": 0.66
                                    },
                                    "test": {
                                        "ss": 0.6,
                                        "lms": 0.775,
                                        "icat": 0.6200000000000001
                                    },
                                    "dev_count": 60,
                                    "test_count": 60
                                }
                            },
                            "model_15": {
                                "path": "./models/roberta-base/notall/inp/adv/2e-06/64/22000/model_15",
                                "gender": {
                                    "dev": {
                                        "ss": 0.7391304347826086,
                                        "lms": 0.8478260869565217,
                                        "icat": 0.4423440453686201
                                    },
                                    "test": {
                                        "ss": 0.6086956521739131,
                                        "lms": 0.8478260869565217,
                                        "icat": 0.66351606805293
                                    },
                                    "dev_count": 207,
                                    "test_count": 207
                                },
                                "profession": {
                                    "dev": {
                                        "ss": 0.4911504424778761,
                                        "lms": 0.827433628318584,
                                        "icat": 0.8127887853394941
                                    },
                                    "test": {
                                        "ss": 0.5707964601769911,
                                        "lms": 0.834070796460177,
                                        "icat": 0.7159722766074086
                                    },
                                    "dev_count": 678,
                                    "test_count": 678
                                },
                                "race": {
                                    "dev": {
                                        "ss": 0.4912891986062718,
                                        "lms": 0.8780487804878049,
                                        "icat": 0.8627517634061358
                                    },
                                    "test": {
                                        "ss": 0.554006968641115,
                                        "lms": 0.8641114982578397,
                                        "icat": 0.7707754130801636
                                    },
                                    "dev_count": 861,
                                    "test_count": 861
                                },
                                "religion": {
                                    "dev": {
                                        "ss": 0.6,
                                        "lms": 0.825,
                                        "icat": 0.66
                                    },
                                    "test": {
                                        "ss": 0.6,
                                        "lms": 0.775,
                                        "icat": 0.6200000000000001
                                    },
                                    "dev_count": 60,
                                    "test_count": 60
                                }
                            },
                            "model_5": {
                                "path": "./models/roberta-base/notall/inp/adv/2e-06/64/22000/model_5",
                                "gender": {
                                    "dev": {
                                        "ss": 0.7681159420289855,
                                        "lms": 0.8840579710144928,
                                        "icat": 0.40999789960092425
                                    },
                                    "test": {
                                        "ss": 0.5797101449275363,
                                        "lms": 0.8768115942028986,
                                        "icat": 0.7370300357067843
                                    },
                                    "dev_count": 207,
                                    "test_count": 207
                                },
                                "profession": {
                                    "dev": {
                                        "ss": 0.5796460176991151,
                                        "lms": 0.8495575221238938,
                                        "icat": 0.7142297752369018
                                    },
                                    "test": {
                                        "ss": 0.6106194690265486,
                                        "lms": 0.8517699115044248,
                                        "icat": 0.6633252408176052
                                    },
                                    "dev_count": 678,
                                    "test_count": 678
                                },
                                "race": {
                                    "dev": {
                                        "ss": 0.5296167247386759,
                                        "lms": 0.8867595818815331,
                                        "icat": 0.8342337529895957
                                    },
                                    "test": {
                                        "ss": 0.5435540069686411,
                                        "lms": 0.8745644599303136,
                                        "icat": 0.7983828867656522
                                    },
                                    "dev_count": 861,
                                    "test_count": 861
                                },
                                "religion": {
                                    "dev": {
                                        "ss": 0.6,
                                        "lms": 0.85,
                                        "icat": 0.68
                                    },
                                    "test": {
                                        "ss": 0.55,
                                        "lms": 0.8,
                                        "icat": 0.72
                                    },
                                    "dev_count": 60,
                                    "test_count": 60
                                }
                            },
                            "model_4": {
                                "path": "./models/roberta-base/notall/inp/adv/2e-06/64/22000/model_4",
                                "gender": {
                                    "dev": {
                                        "ss": 0.7391304347826086,
                                        "lms": 0.8985507246376812,
                                        "icat": 0.46880907372400765
                                    },
                                    "test": {
                                        "ss": 0.6231884057971014,
                                        "lms": 0.8840579710144928,
                                        "icat": 0.6662465868515018
                                    },
                                    "dev_count": 207,
                                    "test_count": 207
                                },
                                "profession": {
                                    "dev": {
                                        "ss": 0.588495575221239,
                                        "lms": 0.8584070796460177,
                                        "icat": 0.7064766230715013
                                    },
                                    "test": {
                                        "ss": 0.5929203539823009,
                                        "lms": 0.8694690265486725,
                                        "icat": 0.7078862871015741
                                    },
                                    "dev_count": 678,
                                    "test_count": 678
                                },
                                "race": {
                                    "dev": {
                                        "ss": 0.5296167247386759,
                                        "lms": 0.8885017421602788,
                                        "icat": 0.8358727191054888
                                    },
                                    "test": {
                                        "ss": 0.5435540069686411,
                                        "lms": 0.8832752613240418,
                                        "icat": 0.8063349075501706
                                    },
                                    "dev_count": 861,
                                    "test_count": 861
                                },
                                "religion": {
                                    "dev": {
                                        "ss": 0.6,
                                        "lms": 0.875,
                                        "icat": 0.7000000000000001
                                    },
                                    "test": {
                                        "ss": 0.55,
                                        "lms": 0.85,
                                        "icat": 0.7649999999999999
                                    },
                                    "dev_count": 60,
                                    "test_count": 60
                                }
                            },
                            "model_10": {
                                "path": "./models/roberta-base/notall/inp/adv/2e-06/64/22000/model_10",
                                "gender": {
                                    "dev": {
                                        "ss": 0.7536231884057971,
                                        "lms": 0.8623188405797102,
                                        "icat": 0.42491073303927746
                                    },
                                    "test": {
                                        "ss": 0.6231884057971014,
                                        "lms": 0.8623188405797102,
                                        "icat": 0.6498634740600715
                                    },
                                    "dev_count": 207,
                                    "test_count": 207
                                },
                                "profession": {
                                    "dev": {
                                        "ss": 0.5132743362831859,
                                        "lms": 0.838495575221239,
                                        "icat": 0.8162346307463387
                                    },
                                    "test": {
                                        "ss": 0.5973451327433629,
                                        "lms": 0.8407079646017699,
                                        "icat": 0.6770303077766465
                                    },
                                    "dev_count": 678,
                                    "test_count": 678
                                },
                                "race": {
                                    "dev": {
                                        "ss": 0.519163763066202,
                                        "lms": 0.8745644599303136,
                                        "icat": 0.8410445677378626
                                    },
                                    "test": {
                                        "ss": 0.5505226480836237,
                                        "lms": 0.8623693379790941,
                                        "icat": 0.7752309728174435
                                    },
                                    "dev_count": 861,
                                    "test_count": 861
                                },
                                "religion": {
                                    "dev": {
                                        "ss": 0.6,
                                        "lms": 0.825,
                                        "icat": 0.66
                                    },
                                    "test": {
                                        "ss": 0.6,
                                        "lms": 0.775,
                                        "icat": 0.6200000000000001
                                    },
                                    "dev_count": 60,
                                    "test_count": 60
                                }
                            },
                            "model_1": {
                                "path": "./models/roberta-base/notall/inp/adv/2e-06/64/22000/model_1",
                                "gender": {
                                    "dev": {
                                        "ss": 0.782608695652174,
                                        "lms": 0.9057971014492754,
                                        "icat": 0.3938248267170762
                                    },
                                    "test": {
                                        "ss": 0.6376811594202898,
                                        "lms": 0.9130434782608695,
                                        "icat": 0.6616257088846882
                                    },
                                    "dev_count": 207,
                                    "test_count": 207
                                },
                                "profession": {
                                    "dev": {
                                        "ss": 0.5752212389380531,
                                        "lms": 0.8915929203539823,
                                        "icat": 0.7574594721591353
                                    },
                                    "test": {
                                        "ss": 0.6283185840707964,
                                        "lms": 0.911504424778761,
                                        "icat": 0.6775785104550083
                                    },
                                    "dev_count": 678,
                                    "test_count": 678
                                },
                                "race": {
                                    "dev": {
                                        "ss": 0.5958188153310104,
                                        "lms": 0.9024390243902439,
                                        "icat": 0.7294977479391519
                                    },
                                    "test": {
                                        "ss": 0.5993031358885017,
                                        "lms": 0.9128919860627178,
                                        "icat": 0.7315859121756972
                                    },
                                    "dev_count": 861,
                                    "test_count": 861
                                },
                                "religion": {
                                    "dev": {
                                        "ss": 0.55,
                                        "lms": 0.85,
                                        "icat": 0.7649999999999999
                                    },
                                    "test": {
                                        "ss": 0.65,
                                        "lms": 0.9,
                                        "icat": 0.63
                                    },
                                    "dev_count": 60,
                                    "test_count": 60
                                }
                            },
                            "model_9": {
                                "path": "./models/roberta-base/notall/inp/adv/2e-06/64/22000/model_9",
                                "gender": {
                                    "dev": {
                                        "ss": 0.7681159420289855,
                                        "lms": 0.8623188405797102,
                                        "icat": 0.3999159840369671
                                    },
                                    "test": {
                                        "ss": 0.6231884057971014,
                                        "lms": 0.8623188405797102,
                                        "icat": 0.6498634740600715
                                    },
                                    "dev_count": 207,
                                    "test_count": 207
                                },
                                "profession": {
                                    "dev": {
                                        "ss": 0.5221238938053098,
                                        "lms": 0.8429203539823009,
                                        "icat": 0.8056229931866238
                                    },
                                    "test": {
                                        "ss": 0.6106194690265486,
                                        "lms": 0.8407079646017699,
                                        "icat": 0.6547106273004935
                                    },
                                    "dev_count": 678,
                                    "test_count": 678
                                },
                                "race": {
                                    "dev": {
                                        "ss": 0.519163763066202,
                                        "lms": 0.8780487804878049,
                                        "icat": 0.844395342908133
                                    },
                                    "test": {
                                        "ss": 0.554006968641115,
                                        "lms": 0.8658536585365854,
                                        "icat": 0.7723293957678252
                                    },
                                    "dev_count": 861,
                                    "test_count": 861
                                },
                                "religion": {
                                    "dev": {
                                        "ss": 0.6,
                                        "lms": 0.825,
                                        "icat": 0.66
                                    },
                                    "test": {
                                        "ss": 0.6,
                                        "lms": 0.775,
                                        "icat": 0.6200000000000001
                                    },
                                    "dev_count": 60,
                                    "test_count": 60
                                }
                            },
                            "model_11": {
                                "path": "./models/roberta-base/notall/inp/adv/2e-06/64/22000/model_11",
                                "gender": {
                                    "dev": {
                                        "ss": 0.7391304347826086,
                                        "lms": 0.855072463768116,
                                        "icat": 0.44612476370510407
                                    },
                                    "test": {
                                        "ss": 0.6086956521739131,
                                        "lms": 0.855072463768116,
                                        "icat": 0.6691871455576559
                                    },
                                    "dev_count": 207,
                                    "test_count": 207
                                },
                                "profession": {
                                    "dev": {
                                        "ss": 0.5176991150442478,
                                        "lms": 0.8407079646017699,
                                        "icat": 0.8109483906335656
                                    },
                                    "test": {
                                        "ss": 0.6061946902654868,
                                        "lms": 0.8362831858407079,
                                        "icat": 0.658665518051531
                                    },
                                    "dev_count": 678,
                                    "test_count": 678
                                },
                                "race": {
                                    "dev": {
                                        "ss": 0.5121951219512195,
                                        "lms": 0.8745644599303136,
                                        "icat": 0.8532336194442084
                                    },
                                    "test": {
                                        "ss": 0.5574912891986062,
                                        "lms": 0.8588850174216028,
                                        "icat": 0.7601282035717322
                                    },
                                    "dev_count": 861,
                                    "test_count": 861
                                },
                                "religion": {
                                    "dev": {
                                        "ss": 0.6,
                                        "lms": 0.825,
                                        "icat": 0.66
                                    },
                                    "test": {
                                        "ss": 0.6,
                                        "lms": 0.775,
                                        "icat": 0.6200000000000001
                                    },
                                    "dev_count": 60,
                                    "test_count": 60
                                }
                            },
                            "model_13": {
                                "path": "./models/roberta-base/notall/inp/adv/2e-06/64/22000/model_13",
                                "gender": {
                                    "dev": {
                                        "ss": 0.7391304347826086,
                                        "lms": 0.8405797101449275,
                                        "icat": 0.4385633270321362
                                    },
                                    "test": {
                                        "ss": 0.6086956521739131,
                                        "lms": 0.8478260869565217,
                                        "icat": 0.66351606805293
                                    },
                                    "dev_count": 207,
                                    "test_count": 207
                                },
                                "profession": {
                                    "dev": {
                                        "ss": 0.504424778761062,
                                        "lms": 0.8407079646017699,
                                        "icat": 0.8332680711097188
                                    },
                                    "test": {
                                        "ss": 0.5929203539823009,
                                        "lms": 0.834070796460177,
                                        "icat": 0.6790664891534184
                                    },
                                    "dev_count": 678,
                                    "test_count": 678
                                },
                                "race": {
                                    "dev": {
                                        "ss": 0.5087108013937283,
                                        "lms": 0.8780487804878049,
                                        "icat": 0.8627517634061357
                                    },
                                    "test": {
                                        "ss": 0.554006968641115,
                                        "lms": 0.8606271777003485,
                                        "icat": 0.7676674477048404
                                    },
                                    "dev_count": 861,
                                    "test_count": 861
                                },
                                "religion": {
                                    "dev": {
                                        "ss": 0.6,
                                        "lms": 0.825,
                                        "icat": 0.66
                                    },
                                    "test": {
                                        "ss": 0.6,
                                        "lms": 0.775,
                                        "icat": 0.6200000000000001
                                    },
                                    "dev_count": 60,
                                    "test_count": 60
                                }
                            },
                            "model_2": {
                                "path": "./models/roberta-base/notall/inp/adv/2e-06/64/22000/model_2",
                                "gender": {
                                    "dev": {
                                        "ss": 0.782608695652174,
                                        "lms": 0.8913043478260869,
                                        "icat": 0.38752362948960295
                                    },
                                    "test": {
                                        "ss": 0.6231884057971014,
                                        "lms": 0.8913043478260869,
                                        "icat": 0.6717076244486452
                                    },
                                    "dev_count": 207,
                                    "test_count": 207
                                },
                                "profession": {
                                    "dev": {
                                        "ss": 0.588495575221239,
                                        "lms": 0.8694690265486725,
                                        "icat": 0.7155807032657215
                                    },
                                    "test": {
                                        "ss": 0.6106194690265486,
                                        "lms": 0.8893805309734514,
                                        "icat": 0.6926149267757852
                                    },
                                    "dev_count": 678,
                                    "test_count": 678
                                },
                                "race": {
                                    "dev": {
                                        "ss": 0.5470383275261324,
                                        "lms": 0.8989547038327527,
                                        "icat": 0.814384052252668
                                    },
                                    "test": {
                                        "ss": 0.5644599303135889,
                                        "lms": 0.9041811846689896,
                                        "icat": 0.7876142723597469
                                    },
                                    "dev_count": 861,
                                    "test_count": 861
                                },
                                "religion": {
                                    "dev": {
                                        "ss": 0.6,
                                        "lms": 0.875,
                                        "icat": 0.7000000000000001
                                    },
                                    "test": {
                                        "ss": 0.55,
                                        "lms": 0.875,
                                        "icat": 0.7874999999999999
                                    },
                                    "dev_count": 60,
                                    "test_count": 60
                                }
                            },
                            "model_12": {
                                "path": "./models/roberta-base/notall/inp/adv/2e-06/64/22000/model_12",
                                "gender": {
                                    "dev": {
                                        "ss": 0.7536231884057971,
                                        "lms": 0.855072463768116,
                                        "icat": 0.42134005461037594
                                    },
                                    "test": {
                                        "ss": 0.6086956521739131,
                                        "lms": 0.8478260869565217,
                                        "icat": 0.66351606805293
                                    },
                                    "dev_count": 207,
                                    "test_count": 207
                                },
                                "profession": {
                                    "dev": {
                                        "ss": 0.5176991150442478,
                                        "lms": 0.834070796460177,
                                        "icat": 0.8045461664969848
                                    },
                                    "test": {
                                        "ss": 0.588495575221239,
                                        "lms": 0.8362831858407079,
                                        "icat": 0.6882684626830604
                                    },
                                    "dev_count": 678,
                                    "test_count": 678
                                },
                                "race": {
                                    "dev": {
                                        "ss": 0.5121951219512195,
                                        "lms": 0.8763066202090593,
                                        "icat": 0.8549332880088383
                                    },
                                    "test": {
                                        "ss": 0.554006968641115,
                                        "lms": 0.8588850174216028,
                                        "icat": 0.7661134650171788
                                    },
                                    "dev_count": 861,
                                    "test_count": 861
                                },
                                "religion": {
                                    "dev": {
                                        "ss": 0.6,
                                        "lms": 0.825,
                                        "icat": 0.66
                                    },
                                    "test": {
                                        "ss": 0.6,
                                        "lms": 0.775,
                                        "icat": 0.6200000000000001
                                    },
                                    "dev_count": 60,
                                    "test_count": 60
                                }
                            }
                        }
                    }
                }
            }
        }
    }
}
12/07/2025 16:25:20 - INFO - __main__ - Got best results {
    "best_model": {
        "path": "./models/roberta-base/notall/inp/adv/2e-06/64/22000/model_15",
        "gender": {
            "dev": {
                "ss": 0.7391304347826086,
                "lms": 0.8478260869565217,
                "icat": 0.4423440453686201
            },
            "test": {
                "ss": 0.6086956521739131,
                "lms": 0.8478260869565217,
                "icat": 0.66351606805293
            },
            "dev_count": 207,
            "test_count": 207
        },
        "profession": {
            "dev": {
                "ss": 0.4911504424778761,
                "lms": 0.827433628318584,
                "icat": 0.8127887853394941
            },
            "test": {
                "ss": 0.5707964601769911,
                "lms": 0.834070796460177,
                "icat": 0.7159722766074086
            },
            "dev_count": 678,
            "test_count": 678
        },
        "race": {
            "dev": {
                "ss": 0.4912891986062718,
                "lms": 0.8780487804878049,
                "icat": 0.8627517634061358
            },
            "test": {
                "ss": 0.554006968641115,
                "lms": 0.8641114982578397,
                "icat": 0.7707754130801636
            },
            "dev_count": 861,
            "test_count": 861
        },
        "religion": {
            "dev": {
                "ss": 0.6,
                "lms": 0.825,
                "icat": 0.66
            },
            "test": {
                "ss": 0.6,
                "lms": 0.775,
                "icat": 0.6200000000000001
            },
            "dev_count": 60,
            "test_count": 60
        },
        "dev_criterion_score": -0.5491525423728814,
        "test_criterion_score": -0.5796610169491525
    },
    "notall": {
        "best_model": {
            "path": "./models/roberta-base/notall/inp/adv/2e-06/64/22000/model_15",
            "gender": {
                "dev": {
                    "ss": 0.7391304347826086,
                    "lms": 0.8478260869565217,
                    "icat": 0.4423440453686201
                },
                "test": {
                    "ss": 0.6086956521739131,
                    "lms": 0.8478260869565217,
                    "icat": 0.66351606805293
                },
                "dev_count": 207,
                "test_count": 207
            },
            "profession": {
                "dev": {
                    "ss": 0.4911504424778761,
                    "lms": 0.827433628318584,
                    "icat": 0.8127887853394941
                },
                "test": {
                    "ss": 0.5707964601769911,
                    "lms": 0.834070796460177,
                    "icat": 0.7159722766074086
                },
                "dev_count": 678,
                "test_count": 678
            },
            "race": {
                "dev": {
                    "ss": 0.4912891986062718,
                    "lms": 0.8780487804878049,
                    "icat": 0.8627517634061358
                },
                "test": {
                    "ss": 0.554006968641115,
                    "lms": 0.8641114982578397,
                    "icat": 0.7707754130801636
                },
                "dev_count": 861,
                "test_count": 861
            },
            "religion": {
                "dev": {
                    "ss": 0.6,
                    "lms": 0.825,
                    "icat": 0.66
                },
                "test": {
                    "ss": 0.6,
                    "lms": 0.775,
                    "icat": 0.6200000000000001
                },
                "dev_count": 60,
                "test_count": 60
            },
            "dev_criterion_score": -0.5491525423728814,
            "test_criterion_score": -0.5796610169491525
        },
        "inp": {
            "best_model": {
                "path": "./models/roberta-base/notall/inp/adv/2e-06/64/22000/model_15",
                "gender": {
                    "dev": {
                        "ss": 0.7391304347826086,
                        "lms": 0.8478260869565217,
                        "icat": 0.4423440453686201
                    },
                    "test": {
                        "ss": 0.6086956521739131,
                        "lms": 0.8478260869565217,
                        "icat": 0.66351606805293
                    },
                    "dev_count": 207,
                    "test_count": 207
                },
                "profession": {
                    "dev": {
                        "ss": 0.4911504424778761,
                        "lms": 0.827433628318584,
                        "icat": 0.8127887853394941
                    },
                    "test": {
                        "ss": 0.5707964601769911,
                        "lms": 0.834070796460177,
                        "icat": 0.7159722766074086
                    },
                    "dev_count": 678,
                    "test_count": 678
                },
                "race": {
                    "dev": {
                        "ss": 0.4912891986062718,
                        "lms": 0.8780487804878049,
                        "icat": 0.8627517634061358
                    },
                    "test": {
                        "ss": 0.554006968641115,
                        "lms": 0.8641114982578397,
                        "icat": 0.7707754130801636
                    },
                    "dev_count": 861,
                    "test_count": 861
                },
                "religion": {
                    "dev": {
                        "ss": 0.6,
                        "lms": 0.825,
                        "icat": 0.66
                    },
                    "test": {
                        "ss": 0.6,
                        "lms": 0.775,
                        "icat": 0.6200000000000001
                    },
                    "dev_count": 60,
                    "test_count": 60
                },
                "dev_criterion_score": -0.5491525423728814,
                "test_criterion_score": -0.5796610169491525
            },
            "adv": {
                "best_model": {
                    "path": "./models/roberta-base/notall/inp/adv/2e-06/64/22000/model_15",
                    "gender": {
                        "dev": {
                            "ss": 0.7391304347826086,
                            "lms": 0.8478260869565217,
                            "icat": 0.4423440453686201
                        },
                        "test": {
                            "ss": 0.6086956521739131,
                            "lms": 0.8478260869565217,
                            "icat": 0.66351606805293
                        },
                        "dev_count": 207,
                        "test_count": 207
                    },
                    "profession": {
                        "dev": {
                            "ss": 0.4911504424778761,
                            "lms": 0.827433628318584,
                            "icat": 0.8127887853394941
                        },
                        "test": {
                            "ss": 0.5707964601769911,
                            "lms": 0.834070796460177,
                            "icat": 0.7159722766074086
                        },
                        "dev_count": 678,
                        "test_count": 678
                    },
                    "race": {
                        "dev": {
                            "ss": 0.4912891986062718,
                            "lms": 0.8780487804878049,
                            "icat": 0.8627517634061358
                        },
                        "test": {
                            "ss": 0.554006968641115,
                            "lms": 0.8641114982578397,
                            "icat": 0.7707754130801636
                        },
                        "dev_count": 861,
                        "test_count": 861
                    },
                    "religion": {
                        "dev": {
                            "ss": 0.6,
                            "lms": 0.825,
                            "icat": 0.66
                        },
                        "test": {
                            "ss": 0.6,
                            "lms": 0.775,
                            "icat": 0.6200000000000001
                        },
                        "dev_count": 60,
                        "test_count": 60
                    },
                    "dev_criterion_score": -0.5491525423728814,
                    "test_criterion_score": -0.5796610169491525
                },
                "2e-06": {
                    "best_model": {
                        "path": "./models/roberta-base/notall/inp/adv/2e-06/64/22000/model_15",
                        "gender": {
                            "dev": {
                                "ss": 0.7391304347826086,
                                "lms": 0.8478260869565217,
                                "icat": 0.4423440453686201
                            },
                            "test": {
                                "ss": 0.6086956521739131,
                                "lms": 0.8478260869565217,
                                "icat": 0.66351606805293
                            },
                            "dev_count": 207,
                            "test_count": 207
                        },
                        "profession": {
                            "dev": {
                                "ss": 0.4911504424778761,
                                "lms": 0.827433628318584,
                                "icat": 0.8127887853394941
                            },
                            "test": {
                                "ss": 0.5707964601769911,
                                "lms": 0.834070796460177,
                                "icat": 0.7159722766074086
                            },
                            "dev_count": 678,
                            "test_count": 678
                        },
                        "race": {
                            "dev": {
                                "ss": 0.4912891986062718,
                                "lms": 0.8780487804878049,
                                "icat": 0.8627517634061358
                            },
                            "test": {
                                "ss": 0.554006968641115,
                                "lms": 0.8641114982578397,
                                "icat": 0.7707754130801636
                            },
                            "dev_count": 861,
                            "test_count": 861
                        },
                        "religion": {
                            "dev": {
                                "ss": 0.6,
                                "lms": 0.825,
                                "icat": 0.66
                            },
                            "test": {
                                "ss": 0.6,
                                "lms": 0.775,
                                "icat": 0.6200000000000001
                            },
                            "dev_count": 60,
                            "test_count": 60
                        },
                        "dev_criterion_score": -0.5491525423728814,
                        "test_criterion_score": -0.5796610169491525
                    },
                    "64": {
                        "best_model": {
                            "path": "./models/roberta-base/notall/inp/adv/2e-06/64/22000/model_15",
                            "gender": {
                                "dev": {
                                    "ss": 0.7391304347826086,
                                    "lms": 0.8478260869565217,
                                    "icat": 0.4423440453686201
                                },
                                "test": {
                                    "ss": 0.6086956521739131,
                                    "lms": 0.8478260869565217,
                                    "icat": 0.66351606805293
                                },
                                "dev_count": 207,
                                "test_count": 207
                            },
                            "profession": {
                                "dev": {
                                    "ss": 0.4911504424778761,
                                    "lms": 0.827433628318584,
                                    "icat": 0.8127887853394941
                                },
                                "test": {
                                    "ss": 0.5707964601769911,
                                    "lms": 0.834070796460177,
                                    "icat": 0.7159722766074086
                                },
                                "dev_count": 678,
                                "test_count": 678
                            },
                            "race": {
                                "dev": {
                                    "ss": 0.4912891986062718,
                                    "lms": 0.8780487804878049,
                                    "icat": 0.8627517634061358
                                },
                                "test": {
                                    "ss": 0.554006968641115,
                                    "lms": 0.8641114982578397,
                                    "icat": 0.7707754130801636
                                },
                                "dev_count": 861,
                                "test_count": 861
                            },
                            "religion": {
                                "dev": {
                                    "ss": 0.6,
                                    "lms": 0.825,
                                    "icat": 0.66
                                },
                                "test": {
                                    "ss": 0.6,
                                    "lms": 0.775,
                                    "icat": 0.6200000000000001
                                },
                                "dev_count": 60,
                                "test_count": 60
                            },
                            "dev_criterion_score": -0.5491525423728814,
                            "test_criterion_score": -0.5796610169491525
                        },
                        "22000": {
                            "best_model": {
                                "path": "./models/roberta-base/notall/inp/adv/2e-06/64/22000/model_15",
                                "gender": {
                                    "dev": {
                                        "ss": 0.7391304347826086,
                                        "lms": 0.8478260869565217,
                                        "icat": 0.4423440453686201
                                    },
                                    "test": {
                                        "ss": 0.6086956521739131,
                                        "lms": 0.8478260869565217,
                                        "icat": 0.66351606805293
                                    },
                                    "dev_count": 207,
                                    "test_count": 207
                                },
                                "profession": {
                                    "dev": {
                                        "ss": 0.4911504424778761,
                                        "lms": 0.827433628318584,
                                        "icat": 0.8127887853394941
                                    },
                                    "test": {
                                        "ss": 0.5707964601769911,
                                        "lms": 0.834070796460177,
                                        "icat": 0.7159722766074086
                                    },
                                    "dev_count": 678,
                                    "test_count": 678
                                },
                                "race": {
                                    "dev": {
                                        "ss": 0.4912891986062718,
                                        "lms": 0.8780487804878049,
                                        "icat": 0.8627517634061358
                                    },
                                    "test": {
                                        "ss": 0.554006968641115,
                                        "lms": 0.8641114982578397,
                                        "icat": 0.7707754130801636
                                    },
                                    "dev_count": 861,
                                    "test_count": 861
                                },
                                "religion": {
                                    "dev": {
                                        "ss": 0.6,
                                        "lms": 0.825,
                                        "icat": 0.66
                                    },
                                    "test": {
                                        "ss": 0.6,
                                        "lms": 0.775,
                                        "icat": 0.6200000000000001
                                    },
                                    "dev_count": 60,
                                    "test_count": 60
                                },
                                "dev_criterion_score": -0.5491525423728814,
                                "test_criterion_score": -0.5796610169491525
                            },
                            "model_7": {
                                "best_model": {
                                    "path": "./models/roberta-base/notall/inp/adv/2e-06/64/22000/model_7",
                                    "gender": {
                                        "dev": {
                                            "ss": 0.7681159420289855,
                                            "lms": 0.8840579710144928,
                                            "icat": 0.40999789960092425
                                        },
                                        "test": {
                                            "ss": 0.6231884057971014,
                                            "lms": 0.8623188405797102,
                                            "icat": 0.6498634740600715
                                        },
                                        "dev_count": 207,
                                        "test_count": 207
                                    },
                                    "profession": {
                                        "dev": {
                                            "ss": 0.5575221238938053,
                                            "lms": 0.8451327433628318,
                                            "icat": 0.7479050826219751
                                        },
                                        "test": {
                                            "ss": 0.5929203539823009,
                                            "lms": 0.8495575221238938,
                                            "icat": 0.6916751507557365
                                        },
                                        "dev_count": 678,
                                        "test_count": 678
                                    },
                                    "race": {
                                        "dev": {
                                            "ss": 0.5226480836236934,
                                            "lms": 0.8850174216027874,
                                            "icat": 0.8449295244570165
                                        },
                                        "test": {
                                            "ss": 0.5435540069686411,
                                            "lms": 0.8763066202090593,
                                            "icat": 0.7999732909225559
                                        },
                                        "dev_count": 861,
                                        "test_count": 861
                                    },
                                    "religion": {
                                        "dev": {
                                            "ss": 0.6,
                                            "lms": 0.825,
                                            "icat": 0.66
                                        },
                                        "test": {
                                            "ss": 0.6,
                                            "lms": 0.8,
                                            "icat": 0.6400000000000001
                                        },
                                        "dev_count": 60,
                                        "test_count": 60
                                    },
                                    "dev_criterion_score": -0.6067796610169491,
                                    "test_criterion_score": -0.6
                                }
                            },
                            "model_6": {
                                "best_model": {
                                    "path": "./models/roberta-base/notall/inp/adv/2e-06/64/22000/model_6",
                                    "gender": {
                                        "dev": {
                                            "ss": 0.7681159420289855,
                                            "lms": 0.8840579710144928,
                                            "icat": 0.40999789960092425
                                        },
                                        "test": {
                                            "ss": 0.5942028985507246,
                                            "lms": 0.8623188405797102,
                                            "icat": 0.6998529720646924
                                        },
                                        "dev_count": 207,
                                        "test_count": 207
                                    },
                                    "profession": {
                                        "dev": {
                                            "ss": 0.5707964601769911,
                                            "lms": 0.8429203539823009,
                                            "icat": 0.7235687994361344
                                        },
                                        "test": {
                                            "ss": 0.6061946902654868,
                                            "lms": 0.8539823008849557,
                                            "icat": 0.6726055290155846
                                        },
                                        "dev_count": 678,
                                        "test_count": 678
                                    },
                                    "race": {
                                        "dev": {
                                            "ss": 0.5226480836236934,
                                            "lms": 0.8867595818815331,
                                            "icat": 0.8465927715524044
                                        },
                                        "test": {
                                            "ss": 0.5365853658536586,
                                            "lms": 0.8710801393728222,
                                            "icat": 0.807342568199201
                                        },
                                        "dev_count": 861,
                                        "test_count": 861
                                    },
                                    "religion": {
                                        "dev": {
                                            "ss": 0.6,
                                            "lms": 0.85,
                                            "icat": 0.68
                                        },
                                        "test": {
                                            "ss": 0.6,
                                            "lms": 0.8,
                                            "icat": 0.6400000000000001
                                        },
                                        "dev_count": 60,
                                        "test_count": 60
                                    },
                                    "dev_criterion_score": -0.6169491525423729,
                                    "test_criterion_score": -0.6033898305084746
                                }
                            },
                            "model_3": {
                                "best_model": {
                                    "path": "./models/roberta-base/notall/inp/adv/2e-06/64/22000/model_3",
                                    "gender": {
                                        "dev": {
                                            "ss": 0.7681159420289855,
                                            "lms": 0.8985507246376812,
                                            "icat": 0.41671917664356234
                                        },
                                        "test": {
                                            "ss": 0.6086956521739131,
                                            "lms": 0.8913043478260869,
                                            "icat": 0.6975425330812853
                                        },
                                        "dev_count": 207,
                                        "test_count": 207
                                    },
                                    "profession": {
                                        "dev": {
                                            "ss": 0.584070796460177,
                                            "lms": 0.8650442477876106,
                                            "icat": 0.7195943300180123
                                        },
                                        "test": {
                                            "ss": 0.6017699115044248,
                                            "lms": 0.8783185840707964,
                                            "icat": 0.6995457749236431
                                        },
                                        "dev_count": 678,
                                        "test_count": 678
                                    },
                                    "race": {
                                        "dev": {
                                            "ss": 0.5470383275261324,
                                            "lms": 0.8867595818815331,
                                            "icat": 0.8033362065825737
                                        },
                                        "test": {
                                            "ss": 0.5470383275261324,
                                            "lms": 0.89198606271777,
                                            "icat": 0.8080709975840427
                                        },
                                        "dev_count": 861,
                                        "test_count": 861
                                    },
                                    "religion": {
                                        "dev": {
                                            "ss": 0.6,
                                            "lms": 0.875,
                                            "icat": 0.7000000000000001
                                        },
                                        "test": {
                                            "ss": 0.55,
                                            "lms": 0.875,
                                            "icat": 0.7874999999999999
                                        },
                                        "dev_count": 60,
                                        "test_count": 60
                                    },
                                    "dev_criterion_score": -0.6271186440677966,
                                    "test_criterion_score": -0.6033898305084747
                                }
                            },
                            "model_8": {
                                "best_model": {
                                    "path": "./models/roberta-base/notall/inp/adv/2e-06/64/22000/model_8",
                                    "gender": {
                                        "dev": {
                                            "ss": 0.7681159420289855,
                                            "lms": 0.8768115942028986,
                                            "icat": 0.4066372610796052
                                        },
                                        "test": {
                                            "ss": 0.6231884057971014,
                                            "lms": 0.8695652173913043,
                                            "icat": 0.6553245116572148
                                        },
                                        "dev_count": 207,
                                        "test_count": 207
                                    },
                                    "profession": {
                                        "dev": {
                                            "ss": 0.5309734513274337,
                                            "lms": 0.8451327433628318,
                                            "icat": 0.7927793875792934
                                        },
                                        "test": {
                                            "ss": 0.6106194690265486,
                                            "lms": 0.8473451327433629,
                                            "icat": 0.6598793954107606
                                        },
                                        "dev_count": 678,
                                        "test_count": 678
                                    },
                                    "race": {
                                        "dev": {
                                            "ss": 0.519163763066202,
                                            "lms": 0.8815331010452961,
                                            "icat": 0.8477461180784034
                                        },
                                        "test": {
                                            "ss": 0.554006968641115,
                                            "lms": 0.872822299651568,
                                            "icat": 0.7785453265184717
                                        },
                                        "dev_count": 861,
                                        "test_count": 861
                                    },
                                    "religion": {
                                        "dev": {
                                            "ss": 0.6,
                                            "lms": 0.825,
                                            "icat": 0.66
                                        },
                                        "test": {
                                            "ss": 0.6,
                                            "lms": 0.8,
                                            "icat": 0.6400000000000001
                                        },
                                        "dev_count": 60,
                                        "test_count": 60
                                    },
                                    "dev_criterion_score": -0.5864406779661017,
                                    "test_criterion_score": -0.6135593220338983
                                }
                            },
                            "model_14": {
                                "best_model": {
                                    "path": "./models/roberta-base/notall/inp/adv/2e-06/64/22000/model_14",
                                    "gender": {
                                        "dev": {
                                            "ss": 0.7391304347826086,
                                            "lms": 0.8405797101449275,
                                            "icat": 0.4385633270321362
                                        },
                                        "test": {
                                            "ss": 0.6086956521739131,
                                            "lms": 0.8478260869565217,
                                            "icat": 0.66351606805293
                                        },
                                        "dev_count": 207,
                                        "test_count": 207
                                    },
                                    "profession": {
                                        "dev": {
                                            "ss": 0.5,
                                            "lms": 0.8296460176991151,
                                            "icat": 0.8296460176991151
                                        },
                                        "test": {
                                            "ss": 0.588495575221239,
                                            "lms": 0.834070796460177,
                                            "icat": 0.6864476466442164
                                        },
                                        "dev_count": 678,
                                        "test_count": 678
                                    },
                                    "race": {
                                        "dev": {
                                            "ss": 0.5017421602787456,
                                            "lms": 0.8797909407665505,
                                            "icat": 0.876725467105343
                                        },
                                        "test": {
                                            "ss": 0.5609756097560976,
                                            "lms": 0.8641114982578397,
                                            "icat": 0.758732047250786
                                        },
                                        "dev_count": 861,
                                        "test_count": 861
                                    },
                                    "religion": {
                                        "dev": {
                                            "ss": 0.6,
                                            "lms": 0.825,
                                            "icat": 0.66
                                        },
                                        "test": {
                                            "ss": 0.6,
                                            "lms": 0.775,
                                            "icat": 0.6200000000000001
                                        },
                                        "dev_count": 60,
                                        "test_count": 60
                                    },
                                    "dev_criterion_score": -0.5559322033898305,
                                    "test_criterion_score": -0.5932203389830508
                                }
                            },
                            "model_15": {
                                "best_model": {
                                    "path": "./models/roberta-base/notall/inp/adv/2e-06/64/22000/model_15",
                                    "gender": {
                                        "dev": {
                                            "ss": 0.7391304347826086,
                                            "lms": 0.8478260869565217,
                                            "icat": 0.4423440453686201
                                        },
                                        "test": {
                                            "ss": 0.6086956521739131,
                                            "lms": 0.8478260869565217,
                                            "icat": 0.66351606805293
                                        },
                                        "dev_count": 207,
                                        "test_count": 207
                                    },
                                    "profession": {
                                        "dev": {
                                            "ss": 0.4911504424778761,
                                            "lms": 0.827433628318584,
                                            "icat": 0.8127887853394941
                                        },
                                        "test": {
                                            "ss": 0.5707964601769911,
                                            "lms": 0.834070796460177,
                                            "icat": 0.7159722766074086
                                        },
                                        "dev_count": 678,
                                        "test_count": 678
                                    },
                                    "race": {
                                        "dev": {
                                            "ss": 0.4912891986062718,
                                            "lms": 0.8780487804878049,
                                            "icat": 0.8627517634061358
                                        },
                                        "test": {
                                            "ss": 0.554006968641115,
                                            "lms": 0.8641114982578397,
                                            "icat": 0.7707754130801636
                                        },
                                        "dev_count": 861,
                                        "test_count": 861
                                    },
                                    "religion": {
                                        "dev": {
                                            "ss": 0.6,
                                            "lms": 0.825,
                                            "icat": 0.66
                                        },
                                        "test": {
                                            "ss": 0.6,
                                            "lms": 0.775,
                                            "icat": 0.6200000000000001
                                        },
                                        "dev_count": 60,
                                        "test_count": 60
                                    },
                                    "dev_criterion_score": -0.5491525423728814,
                                    "test_criterion_score": -0.5796610169491525
                                }
                            },
                            "model_5": {
                                "best_model": {
                                    "path": "./models/roberta-base/notall/inp/adv/2e-06/64/22000/model_5",
                                    "gender": {
                                        "dev": {
                                            "ss": 0.7681159420289855,
                                            "lms": 0.8840579710144928,
                                            "icat": 0.40999789960092425
                                        },
                                        "test": {
                                            "ss": 0.5797101449275363,
                                            "lms": 0.8768115942028986,
                                            "icat": 0.7370300357067843
                                        },
                                        "dev_count": 207,
                                        "test_count": 207
                                    },
                                    "profession": {
                                        "dev": {
                                            "ss": 0.5796460176991151,
                                            "lms": 0.8495575221238938,
                                            "icat": 0.7142297752369018
                                        },
                                        "test": {
                                            "ss": 0.6106194690265486,
                                            "lms": 0.8517699115044248,
                                            "icat": 0.6633252408176052
                                        },
                                        "dev_count": 678,
                                        "test_count": 678
                                    },
                                    "race": {
                                        "dev": {
                                            "ss": 0.5296167247386759,
                                            "lms": 0.8867595818815331,
                                            "icat": 0.8342337529895957
                                        },
                                        "test": {
                                            "ss": 0.5435540069686411,
                                            "lms": 0.8745644599303136,
                                            "icat": 0.7983828867656522
                                        },
                                        "dev_count": 861,
                                        "test_count": 861
                                    },
                                    "religion": {
                                        "dev": {
                                            "ss": 0.6,
                                            "lms": 0.85,
                                            "icat": 0.68
                                        },
                                        "test": {
                                            "ss": 0.55,
                                            "lms": 0.8,
                                            "icat": 0.72
                                        },
                                        "dev_count": 60,
                                        "test_count": 60
                                    },
                                    "dev_criterion_score": -0.6237288135593221,
                                    "test_criterion_score": -0.6033898305084746
                                }
                            },
                            "model_4": {
                                "best_model": {
                                    "path": "./models/roberta-base/notall/inp/adv/2e-06/64/22000/model_4",
                                    "gender": {
                                        "dev": {
                                            "ss": 0.7391304347826086,
                                            "lms": 0.8985507246376812,
                                            "icat": 0.46880907372400765
                                        },
                                        "test": {
                                            "ss": 0.6231884057971014,
                                            "lms": 0.8840579710144928,
                                            "icat": 0.6662465868515018
                                        },
                                        "dev_count": 207,
                                        "test_count": 207
                                    },
                                    "profession": {
                                        "dev": {
                                            "ss": 0.588495575221239,
                                            "lms": 0.8584070796460177,
                                            "icat": 0.7064766230715013
                                        },
                                        "test": {
                                            "ss": 0.5929203539823009,
                                            "lms": 0.8694690265486725,
                                            "icat": 0.7078862871015741
                                        },
                                        "dev_count": 678,
                                        "test_count": 678
                                    },
                                    "race": {
                                        "dev": {
                                            "ss": 0.5296167247386759,
                                            "lms": 0.8885017421602788,
                                            "icat": 0.8358727191054888
                                        },
                                        "test": {
                                            "ss": 0.5435540069686411,
                                            "lms": 0.8832752613240418,
                                            "icat": 0.8063349075501706
                                        },
                                        "dev_count": 861,
                                        "test_count": 861
                                    },
                                    "religion": {
                                        "dev": {
                                            "ss": 0.6,
                                            "lms": 0.875,
                                            "icat": 0.7000000000000001
                                        },
                                        "test": {
                                            "ss": 0.55,
                                            "lms": 0.85,
                                            "icat": 0.7649999999999999
                                        },
                                        "dev_count": 60,
                                        "test_count": 60
                                    },
                                    "dev_criterion_score": -0.6237288135593221,
                                    "test_criterion_score": -0.6
                                }
                            },
                            "model_10": {
                                "best_model": {
                                    "path": "./models/roberta-base/notall/inp/adv/2e-06/64/22000/model_10",
                                    "gender": {
                                        "dev": {
                                            "ss": 0.7536231884057971,
                                            "lms": 0.8623188405797102,
                                            "icat": 0.42491073303927746
                                        },
                                        "test": {
                                            "ss": 0.6231884057971014,
                                            "lms": 0.8623188405797102,
                                            "icat": 0.6498634740600715
                                        },
                                        "dev_count": 207,
                                        "test_count": 207
                                    },
                                    "profession": {
                                        "dev": {
                                            "ss": 0.5132743362831859,
                                            "lms": 0.838495575221239,
                                            "icat": 0.8162346307463387
                                        },
                                        "test": {
                                            "ss": 0.5973451327433629,
                                            "lms": 0.8407079646017699,
                                            "icat": 0.6770303077766465
                                        },
                                        "dev_count": 678,
                                        "test_count": 678
                                    },
                                    "race": {
                                        "dev": {
                                            "ss": 0.519163763066202,
                                            "lms": 0.8745644599303136,
                                            "icat": 0.8410445677378626
                                        },
                                        "test": {
                                            "ss": 0.5505226480836237,
                                            "lms": 0.8623693379790941,
                                            "icat": 0.7752309728174435
                                        },
                                        "dev_count": 861,
                                        "test_count": 861
                                    },
                                    "religion": {
                                        "dev": {
                                            "ss": 0.6,
                                            "lms": 0.825,
                                            "icat": 0.66
                                        },
                                        "test": {
                                            "ss": 0.6,
                                            "lms": 0.775,
                                            "icat": 0.6200000000000001
                                        },
                                        "dev_count": 60,
                                        "test_count": 60
                                    },
                                    "dev_criterion_score": -0.5694915254237288,
                                    "test_criterion_score": -0.6033898305084746
                                }
                            },
                            "model_1": {
                                "best_model": {
                                    "path": "./models/roberta-base/notall/inp/adv/2e-06/64/22000/model_1",
                                    "gender": {
                                        "dev": {
                                            "ss": 0.782608695652174,
                                            "lms": 0.9057971014492754,
                                            "icat": 0.3938248267170762
                                        },
                                        "test": {
                                            "ss": 0.6376811594202898,
                                            "lms": 0.9130434782608695,
                                            "icat": 0.6616257088846882
                                        },
                                        "dev_count": 207,
                                        "test_count": 207
                                    },
                                    "profession": {
                                        "dev": {
                                            "ss": 0.5752212389380531,
                                            "lms": 0.8915929203539823,
                                            "icat": 0.7574594721591353
                                        },
                                        "test": {
                                            "ss": 0.6283185840707964,
                                            "lms": 0.911504424778761,
                                            "icat": 0.6775785104550083
                                        },
                                        "dev_count": 678,
                                        "test_count": 678
                                    },
                                    "race": {
                                        "dev": {
                                            "ss": 0.5958188153310104,
                                            "lms": 0.9024390243902439,
                                            "icat": 0.7294977479391519
                                        },
                                        "test": {
                                            "ss": 0.5993031358885017,
                                            "lms": 0.9128919860627178,
                                            "icat": 0.7315859121756972
                                        },
                                        "dev_count": 861,
                                        "test_count": 861
                                    },
                                    "religion": {
                                        "dev": {
                                            "ss": 0.55,
                                            "lms": 0.85,
                                            "icat": 0.7649999999999999
                                        },
                                        "test": {
                                            "ss": 0.65,
                                            "lms": 0.9,
                                            "icat": 0.63
                                        },
                                        "dev_count": 60,
                                        "test_count": 60
                                    },
                                    "dev_criterion_score": -0.6237288135593221,
                                    "test_criterion_score": -0.6305084745762712
                                }
                            },
                            "model_9": {
                                "best_model": {
                                    "path": "./models/roberta-base/notall/inp/adv/2e-06/64/22000/model_9",
                                    "gender": {
                                        "dev": {
                                            "ss": 0.7681159420289855,
                                            "lms": 0.8623188405797102,
                                            "icat": 0.3999159840369671
                                        },
                                        "test": {
                                            "ss": 0.6231884057971014,
                                            "lms": 0.8623188405797102,
                                            "icat": 0.6498634740600715
                                        },
                                        "dev_count": 207,
                                        "test_count": 207
                                    },
                                    "profession": {
                                        "dev": {
                                            "ss": 0.5221238938053098,
                                            "lms": 0.8429203539823009,
                                            "icat": 0.8056229931866238
                                        },
                                        "test": {
                                            "ss": 0.6106194690265486,
                                            "lms": 0.8407079646017699,
                                            "icat": 0.6547106273004935
                                        },
                                        "dev_count": 678,
                                        "test_count": 678
                                    },
                                    "race": {
                                        "dev": {
                                            "ss": 0.519163763066202,
                                            "lms": 0.8780487804878049,
                                            "icat": 0.844395342908133
                                        },
                                        "test": {
                                            "ss": 0.554006968641115,
                                            "lms": 0.8658536585365854,
                                            "icat": 0.7723293957678252
                                        },
                                        "dev_count": 861,
                                        "test_count": 861
                                    },
                                    "religion": {
                                        "dev": {
                                            "ss": 0.6,
                                            "lms": 0.825,
                                            "icat": 0.66
                                        },
                                        "test": {
                                            "ss": 0.6,
                                            "lms": 0.775,
                                            "icat": 0.6200000000000001
                                        },
                                        "dev_count": 60,
                                        "test_count": 60
                                    },
                                    "dev_criterion_score": -0.5796610169491525,
                                    "test_criterion_score": -0.6135593220338983
                                }
                            },
                            "model_11": {
                                "best_model": {
                                    "path": "./models/roberta-base/notall/inp/adv/2e-06/64/22000/model_11",
                                    "gender": {
                                        "dev": {
                                            "ss": 0.7391304347826086,
                                            "lms": 0.855072463768116,
                                            "icat": 0.44612476370510407
                                        },
                                        "test": {
                                            "ss": 0.6086956521739131,
                                            "lms": 0.855072463768116,
                                            "icat": 0.6691871455576559
                                        },
                                        "dev_count": 207,
                                        "test_count": 207
                                    },
                                    "profession": {
                                        "dev": {
                                            "ss": 0.5176991150442478,
                                            "lms": 0.8407079646017699,
                                            "icat": 0.8109483906335656
                                        },
                                        "test": {
                                            "ss": 0.6061946902654868,
                                            "lms": 0.8362831858407079,
                                            "icat": 0.658665518051531
                                        },
                                        "dev_count": 678,
                                        "test_count": 678
                                    },
                                    "race": {
                                        "dev": {
                                            "ss": 0.5121951219512195,
                                            "lms": 0.8745644599303136,
                                            "icat": 0.8532336194442084
                                        },
                                        "test": {
                                            "ss": 0.5574912891986062,
                                            "lms": 0.8588850174216028,
                                            "icat": 0.7601282035717322
                                        },
                                        "dev_count": 861,
                                        "test_count": 861
                                    },
                                    "religion": {
                                        "dev": {
                                            "ss": 0.6,
                                            "lms": 0.825,
                                            "icat": 0.66
                                        },
                                        "test": {
                                            "ss": 0.6,
                                            "lms": 0.775,
                                            "icat": 0.6200000000000001
                                        },
                                        "dev_count": 60,
                                        "test_count": 60
                                    },
                                    "dev_criterion_score": -0.5694915254237288,
                                    "test_criterion_score": -0.6067796610169492
                                }
                            },
                            "model_13": {
                                "best_model": {
                                    "path": "./models/roberta-base/notall/inp/adv/2e-06/64/22000/model_13",
                                    "gender": {
                                        "dev": {
                                            "ss": 0.7391304347826086,
                                            "lms": 0.8405797101449275,
                                            "icat": 0.4385633270321362
                                        },
                                        "test": {
                                            "ss": 0.6086956521739131,
                                            "lms": 0.8478260869565217,
                                            "icat": 0.66351606805293
                                        },
                                        "dev_count": 207,
                                        "test_count": 207
                                    },
                                    "profession": {
                                        "dev": {
                                            "ss": 0.504424778761062,
                                            "lms": 0.8407079646017699,
                                            "icat": 0.8332680711097188
                                        },
                                        "test": {
                                            "ss": 0.5929203539823009,
                                            "lms": 0.834070796460177,
                                            "icat": 0.6790664891534184
                                        },
                                        "dev_count": 678,
                                        "test_count": 678
                                    },
                                    "race": {
                                        "dev": {
                                            "ss": 0.5087108013937283,
                                            "lms": 0.8780487804878049,
                                            "icat": 0.8627517634061357
                                        },
                                        "test": {
                                            "ss": 0.554006968641115,
                                            "lms": 0.8606271777003485,
                                            "icat": 0.7676674477048404
                                        },
                                        "dev_count": 861,
                                        "test_count": 861
                                    },
                                    "religion": {
                                        "dev": {
                                            "ss": 0.6,
                                            "lms": 0.825,
                                            "icat": 0.66
                                        },
                                        "test": {
                                            "ss": 0.6,
                                            "lms": 0.775,
                                            "icat": 0.6200000000000001
                                        },
                                        "dev_count": 60,
                                        "test_count": 60
                                    },
                                    "dev_criterion_score": -0.559322033898305,
                                    "test_criterion_score": -0.5966101694915255
                                }
                            },
                            "model_2": {
                                "best_model": {
                                    "path": "./models/roberta-base/notall/inp/adv/2e-06/64/22000/model_2",
                                    "gender": {
                                        "dev": {
                                            "ss": 0.782608695652174,
                                            "lms": 0.8913043478260869,
                                            "icat": 0.38752362948960295
                                        },
                                        "test": {
                                            "ss": 0.6231884057971014,
                                            "lms": 0.8913043478260869,
                                            "icat": 0.6717076244486452
                                        },
                                        "dev_count": 207,
                                        "test_count": 207
                                    },
                                    "profession": {
                                        "dev": {
                                            "ss": 0.588495575221239,
                                            "lms": 0.8694690265486725,
                                            "icat": 0.7155807032657215
                                        },
                                        "test": {
                                            "ss": 0.6106194690265486,
                                            "lms": 0.8893805309734514,
                                            "icat": 0.6926149267757852
                                        },
                                        "dev_count": 678,
                                        "test_count": 678
                                    },
                                    "race": {
                                        "dev": {
                                            "ss": 0.5470383275261324,
                                            "lms": 0.8989547038327527,
                                            "icat": 0.814384052252668
                                        },
                                        "test": {
                                            "ss": 0.5644599303135889,
                                            "lms": 0.9041811846689896,
                                            "icat": 0.7876142723597469
                                        },
                                        "dev_count": 861,
                                        "test_count": 861
                                    },
                                    "religion": {
                                        "dev": {
                                            "ss": 0.6,
                                            "lms": 0.875,
                                            "icat": 0.7000000000000001
                                        },
                                        "test": {
                                            "ss": 0.55,
                                            "lms": 0.875,
                                            "icat": 0.7874999999999999
                                        },
                                        "dev_count": 60,
                                        "test_count": 60
                                    },
                                    "dev_criterion_score": -0.6338983050847458,
                                    "test_criterion_score": -0.6135593220338983
                                }
                            },
                            "model_12": {
                                "best_model": {
                                    "path": "./models/roberta-base/notall/inp/adv/2e-06/64/22000/model_12",
                                    "gender": {
                                        "dev": {
                                            "ss": 0.7536231884057971,
                                            "lms": 0.855072463768116,
                                            "icat": 0.42134005461037594
                                        },
                                        "test": {
                                            "ss": 0.6086956521739131,
                                            "lms": 0.8478260869565217,
                                            "icat": 0.66351606805293
                                        },
                                        "dev_count": 207,
                                        "test_count": 207
                                    },
                                    "profession": {
                                        "dev": {
                                            "ss": 0.5176991150442478,
                                            "lms": 0.834070796460177,
                                            "icat": 0.8045461664969848
                                        },
                                        "test": {
                                            "ss": 0.588495575221239,
                                            "lms": 0.8362831858407079,
                                            "icat": 0.6882684626830604
                                        },
                                        "dev_count": 678,
                                        "test_count": 678
                                    },
                                    "race": {
                                        "dev": {
                                            "ss": 0.5121951219512195,
                                            "lms": 0.8763066202090593,
                                            "icat": 0.8549332880088383
                                        },
                                        "test": {
                                            "ss": 0.554006968641115,
                                            "lms": 0.8588850174216028,
                                            "icat": 0.7661134650171788
                                        },
                                        "dev_count": 861,
                                        "test_count": 861
                                    },
                                    "religion": {
                                        "dev": {
                                            "ss": 0.6,
                                            "lms": 0.825,
                                            "icat": 0.66
                                        },
                                        "test": {
                                            "ss": 0.6,
                                            "lms": 0.775,
                                            "icat": 0.6200000000000001
                                        },
                                        "dev_count": 60,
                                        "test_count": 60
                                    },
                                    "dev_criterion_score": -0.5728813559322034,
                                    "test_criterion_score": -0.5932203389830508
                                }
                            }
                        }
                    }
                }
            }
        }
    }
}
12/07/2025 16:25:20 - INFO - __main__ - Got all results {
    "./models/roberta-base/notall/inp/adv/2e-06/64/22000/model_7": {
        "path": "./models/roberta-base/notall/inp/adv/2e-06/64/22000/model_7",
        "gender": {
            "dev": {
                "ss": 0.7681159420289855,
                "lms": 0.8840579710144928,
                "icat": 0.40999789960092425
            },
            "test": {
                "ss": 0.6231884057971014,
                "lms": 0.8623188405797102,
                "icat": 0.6498634740600715
            },
            "dev_count": 207,
            "test_count": 207
        },
        "profession": {
            "dev": {
                "ss": 0.5575221238938053,
                "lms": 0.8451327433628318,
                "icat": 0.7479050826219751
            },
            "test": {
                "ss": 0.5929203539823009,
                "lms": 0.8495575221238938,
                "icat": 0.6916751507557365
            },
            "dev_count": 678,
            "test_count": 678
        },
        "race": {
            "dev": {
                "ss": 0.5226480836236934,
                "lms": 0.8850174216027874,
                "icat": 0.8449295244570165
            },
            "test": {
                "ss": 0.5435540069686411,
                "lms": 0.8763066202090593,
                "icat": 0.7999732909225559
            },
            "dev_count": 861,
            "test_count": 861
        },
        "religion": {
            "dev": {
                "ss": 0.6,
                "lms": 0.825,
                "icat": 0.66
            },
            "test": {
                "ss": 0.6,
                "lms": 0.8,
                "icat": 0.6400000000000001
            },
            "dev_count": 60,
            "test_count": 60
        },
        "dev_criterion_score": -0.6067796610169491,
        "test_criterion_score": -0.6
    },
    "./models/roberta-base/notall/inp/adv/2e-06/64/22000/model_6": {
        "path": "./models/roberta-base/notall/inp/adv/2e-06/64/22000/model_6",
        "gender": {
            "dev": {
                "ss": 0.7681159420289855,
                "lms": 0.8840579710144928,
                "icat": 0.40999789960092425
            },
            "test": {
                "ss": 0.5942028985507246,
                "lms": 0.8623188405797102,
                "icat": 0.6998529720646924
            },
            "dev_count": 207,
            "test_count": 207
        },
        "profession": {
            "dev": {
                "ss": 0.5707964601769911,
                "lms": 0.8429203539823009,
                "icat": 0.7235687994361344
            },
            "test": {
                "ss": 0.6061946902654868,
                "lms": 0.8539823008849557,
                "icat": 0.6726055290155846
            },
            "dev_count": 678,
            "test_count": 678
        },
        "race": {
            "dev": {
                "ss": 0.5226480836236934,
                "lms": 0.8867595818815331,
                "icat": 0.8465927715524044
            },
            "test": {
                "ss": 0.5365853658536586,
                "lms": 0.8710801393728222,
                "icat": 0.807342568199201
            },
            "dev_count": 861,
            "test_count": 861
        },
        "religion": {
            "dev": {
                "ss": 0.6,
                "lms": 0.85,
                "icat": 0.68
            },
            "test": {
                "ss": 0.6,
                "lms": 0.8,
                "icat": 0.6400000000000001
            },
            "dev_count": 60,
            "test_count": 60
        },
        "dev_criterion_score": -0.6169491525423729,
        "test_criterion_score": -0.6033898305084746
    },
    "./models/roberta-base/notall/inp/adv/2e-06/64/22000/model_3": {
        "path": "./models/roberta-base/notall/inp/adv/2e-06/64/22000/model_3",
        "gender": {
            "dev": {
                "ss": 0.7681159420289855,
                "lms": 0.8985507246376812,
                "icat": 0.41671917664356234
            },
            "test": {
                "ss": 0.6086956521739131,
                "lms": 0.8913043478260869,
                "icat": 0.6975425330812853
            },
            "dev_count": 207,
            "test_count": 207
        },
        "profession": {
            "dev": {
                "ss": 0.584070796460177,
                "lms": 0.8650442477876106,
                "icat": 0.7195943300180123
            },
            "test": {
                "ss": 0.6017699115044248,
                "lms": 0.8783185840707964,
                "icat": 0.6995457749236431
            },
            "dev_count": 678,
            "test_count": 678
        },
        "race": {
            "dev": {
                "ss": 0.5470383275261324,
                "lms": 0.8867595818815331,
                "icat": 0.8033362065825737
            },
            "test": {
                "ss": 0.5470383275261324,
                "lms": 0.89198606271777,
                "icat": 0.8080709975840427
            },
            "dev_count": 861,
            "test_count": 861
        },
        "religion": {
            "dev": {
                "ss": 0.6,
                "lms": 0.875,
                "icat": 0.7000000000000001
            },
            "test": {
                "ss": 0.55,
                "lms": 0.875,
                "icat": 0.7874999999999999
            },
            "dev_count": 60,
            "test_count": 60
        },
        "dev_criterion_score": -0.6271186440677966,
        "test_criterion_score": -0.6033898305084747
    },
    "./models/roberta-base/notall/inp/adv/2e-06/64/22000/model_8": {
        "path": "./models/roberta-base/notall/inp/adv/2e-06/64/22000/model_8",
        "gender": {
            "dev": {
                "ss": 0.7681159420289855,
                "lms": 0.8768115942028986,
                "icat": 0.4066372610796052
            },
            "test": {
                "ss": 0.6231884057971014,
                "lms": 0.8695652173913043,
                "icat": 0.6553245116572148
            },
            "dev_count": 207,
            "test_count": 207
        },
        "profession": {
            "dev": {
                "ss": 0.5309734513274337,
                "lms": 0.8451327433628318,
                "icat": 0.7927793875792934
            },
            "test": {
                "ss": 0.6106194690265486,
                "lms": 0.8473451327433629,
                "icat": 0.6598793954107606
            },
            "dev_count": 678,
            "test_count": 678
        },
        "race": {
            "dev": {
                "ss": 0.519163763066202,
                "lms": 0.8815331010452961,
                "icat": 0.8477461180784034
            },
            "test": {
                "ss": 0.554006968641115,
                "lms": 0.872822299651568,
                "icat": 0.7785453265184717
            },
            "dev_count": 861,
            "test_count": 861
        },
        "religion": {
            "dev": {
                "ss": 0.6,
                "lms": 0.825,
                "icat": 0.66
            },
            "test": {
                "ss": 0.6,
                "lms": 0.8,
                "icat": 0.6400000000000001
            },
            "dev_count": 60,
            "test_count": 60
        },
        "dev_criterion_score": -0.5864406779661017,
        "test_criterion_score": -0.6135593220338983
    },
    "./models/roberta-base/notall/inp/adv/2e-06/64/22000/model_14": {
        "path": "./models/roberta-base/notall/inp/adv/2e-06/64/22000/model_14",
        "gender": {
            "dev": {
                "ss": 0.7391304347826086,
                "lms": 0.8405797101449275,
                "icat": 0.4385633270321362
            },
            "test": {
                "ss": 0.6086956521739131,
                "lms": 0.8478260869565217,
                "icat": 0.66351606805293
            },
            "dev_count": 207,
            "test_count": 207
        },
        "profession": {
            "dev": {
                "ss": 0.5,
                "lms": 0.8296460176991151,
                "icat": 0.8296460176991151
            },
            "test": {
                "ss": 0.588495575221239,
                "lms": 0.834070796460177,
                "icat": 0.6864476466442164
            },
            "dev_count": 678,
            "test_count": 678
        },
        "race": {
            "dev": {
                "ss": 0.5017421602787456,
                "lms": 0.8797909407665505,
                "icat": 0.876725467105343
            },
            "test": {
                "ss": 0.5609756097560976,
                "lms": 0.8641114982578397,
                "icat": 0.758732047250786
            },
            "dev_count": 861,
            "test_count": 861
        },
        "religion": {
            "dev": {
                "ss": 0.6,
                "lms": 0.825,
                "icat": 0.66
            },
            "test": {
                "ss": 0.6,
                "lms": 0.775,
                "icat": 0.6200000000000001
            },
            "dev_count": 60,
            "test_count": 60
        },
        "dev_criterion_score": -0.5559322033898305,
        "test_criterion_score": -0.5932203389830508
    },
    "./models/roberta-base/notall/inp/adv/2e-06/64/22000/model_15": {
        "path": "./models/roberta-base/notall/inp/adv/2e-06/64/22000/model_15",
        "gender": {
            "dev": {
                "ss": 0.7391304347826086,
                "lms": 0.8478260869565217,
                "icat": 0.4423440453686201
            },
            "test": {
                "ss": 0.6086956521739131,
                "lms": 0.8478260869565217,
                "icat": 0.66351606805293
            },
            "dev_count": 207,
            "test_count": 207
        },
        "profession": {
            "dev": {
                "ss": 0.4911504424778761,
                "lms": 0.827433628318584,
                "icat": 0.8127887853394941
            },
            "test": {
                "ss": 0.5707964601769911,
                "lms": 0.834070796460177,
                "icat": 0.7159722766074086
            },
            "dev_count": 678,
            "test_count": 678
        },
        "race": {
            "dev": {
                "ss": 0.4912891986062718,
                "lms": 0.8780487804878049,
                "icat": 0.8627517634061358
            },
            "test": {
                "ss": 0.554006968641115,
                "lms": 0.8641114982578397,
                "icat": 0.7707754130801636
            },
            "dev_count": 861,
            "test_count": 861
        },
        "religion": {
            "dev": {
                "ss": 0.6,
                "lms": 0.825,
                "icat": 0.66
            },
            "test": {
                "ss": 0.6,
                "lms": 0.775,
                "icat": 0.6200000000000001
            },
            "dev_count": 60,
            "test_count": 60
        },
        "dev_criterion_score": -0.5491525423728814,
        "test_criterion_score": -0.5796610169491525
    },
    "./models/roberta-base/notall/inp/adv/2e-06/64/22000/model_5": {
        "path": "./models/roberta-base/notall/inp/adv/2e-06/64/22000/model_5",
        "gender": {
            "dev": {
                "ss": 0.7681159420289855,
                "lms": 0.8840579710144928,
                "icat": 0.40999789960092425
            },
            "test": {
                "ss": 0.5797101449275363,
                "lms": 0.8768115942028986,
                "icat": 0.7370300357067843
            },
            "dev_count": 207,
            "test_count": 207
        },
        "profession": {
            "dev": {
                "ss": 0.5796460176991151,
                "lms": 0.8495575221238938,
                "icat": 0.7142297752369018
            },
            "test": {
                "ss": 0.6106194690265486,
                "lms": 0.8517699115044248,
                "icat": 0.6633252408176052
            },
            "dev_count": 678,
            "test_count": 678
        },
        "race": {
            "dev": {
                "ss": 0.5296167247386759,
                "lms": 0.8867595818815331,
                "icat": 0.8342337529895957
            },
            "test": {
                "ss": 0.5435540069686411,
                "lms": 0.8745644599303136,
                "icat": 0.7983828867656522
            },
            "dev_count": 861,
            "test_count": 861
        },
        "religion": {
            "dev": {
                "ss": 0.6,
                "lms": 0.85,
                "icat": 0.68
            },
            "test": {
                "ss": 0.55,
                "lms": 0.8,
                "icat": 0.72
            },
            "dev_count": 60,
            "test_count": 60
        },
        "dev_criterion_score": -0.6237288135593221,
        "test_criterion_score": -0.6033898305084746
    },
    "./models/roberta-base/notall/inp/adv/2e-06/64/22000/model_4": {
        "path": "./models/roberta-base/notall/inp/adv/2e-06/64/22000/model_4",
        "gender": {
            "dev": {
                "ss": 0.7391304347826086,
                "lms": 0.8985507246376812,
                "icat": 0.46880907372400765
            },
            "test": {
                "ss": 0.6231884057971014,
                "lms": 0.8840579710144928,
                "icat": 0.6662465868515018
            },
            "dev_count": 207,
            "test_count": 207
        },
        "profession": {
            "dev": {
                "ss": 0.588495575221239,
                "lms": 0.8584070796460177,
                "icat": 0.7064766230715013
            },
            "test": {
                "ss": 0.5929203539823009,
                "lms": 0.8694690265486725,
                "icat": 0.7078862871015741
            },
            "dev_count": 678,
            "test_count": 678
        },
        "race": {
            "dev": {
                "ss": 0.5296167247386759,
                "lms": 0.8885017421602788,
                "icat": 0.8358727191054888
            },
            "test": {
                "ss": 0.5435540069686411,
                "lms": 0.8832752613240418,
                "icat": 0.8063349075501706
            },
            "dev_count": 861,
            "test_count": 861
        },
        "religion": {
            "dev": {
                "ss": 0.6,
                "lms": 0.875,
                "icat": 0.7000000000000001
            },
            "test": {
                "ss": 0.55,
                "lms": 0.85,
                "icat": 0.7649999999999999
            },
            "dev_count": 60,
            "test_count": 60
        },
        "dev_criterion_score": -0.6237288135593221,
        "test_criterion_score": -0.6
    },
    "./models/roberta-base/notall/inp/adv/2e-06/64/22000/model_10": {
        "path": "./models/roberta-base/notall/inp/adv/2e-06/64/22000/model_10",
        "gender": {
            "dev": {
                "ss": 0.7536231884057971,
                "lms": 0.8623188405797102,
                "icat": 0.42491073303927746
            },
            "test": {
                "ss": 0.6231884057971014,
                "lms": 0.8623188405797102,
                "icat": 0.6498634740600715
            },
            "dev_count": 207,
            "test_count": 207
        },
        "profession": {
            "dev": {
                "ss": 0.5132743362831859,
                "lms": 0.838495575221239,
                "icat": 0.8162346307463387
            },
            "test": {
                "ss": 0.5973451327433629,
                "lms": 0.8407079646017699,
                "icat": 0.6770303077766465
            },
            "dev_count": 678,
            "test_count": 678
        },
        "race": {
            "dev": {
                "ss": 0.519163763066202,
                "lms": 0.8745644599303136,
                "icat": 0.8410445677378626
            },
            "test": {
                "ss": 0.5505226480836237,
                "lms": 0.8623693379790941,
                "icat": 0.7752309728174435
            },
            "dev_count": 861,
            "test_count": 861
        },
        "religion": {
            "dev": {
                "ss": 0.6,
                "lms": 0.825,
                "icat": 0.66
            },
            "test": {
                "ss": 0.6,
                "lms": 0.775,
                "icat": 0.6200000000000001
            },
            "dev_count": 60,
            "test_count": 60
        },
        "dev_criterion_score": -0.5694915254237288,
        "test_criterion_score": -0.6033898305084746
    },
    "./models/roberta-base/notall/inp/adv/2e-06/64/22000/model_1": {
        "path": "./models/roberta-base/notall/inp/adv/2e-06/64/22000/model_1",
        "gender": {
            "dev": {
                "ss": 0.782608695652174,
                "lms": 0.9057971014492754,
                "icat": 0.3938248267170762
            },
            "test": {
                "ss": 0.6376811594202898,
                "lms": 0.9130434782608695,
                "icat": 0.6616257088846882
            },
            "dev_count": 207,
            "test_count": 207
        },
        "profession": {
            "dev": {
                "ss": 0.5752212389380531,
                "lms": 0.8915929203539823,
                "icat": 0.7574594721591353
            },
            "test": {
                "ss": 0.6283185840707964,
                "lms": 0.911504424778761,
                "icat": 0.6775785104550083
            },
            "dev_count": 678,
            "test_count": 678
        },
        "race": {
            "dev": {
                "ss": 0.5958188153310104,
                "lms": 0.9024390243902439,
                "icat": 0.7294977479391519
            },
            "test": {
                "ss": 0.5993031358885017,
                "lms": 0.9128919860627178,
                "icat": 0.7315859121756972
            },
            "dev_count": 861,
            "test_count": 861
        },
        "religion": {
            "dev": {
                "ss": 0.55,
                "lms": 0.85,
                "icat": 0.7649999999999999
            },
            "test": {
                "ss": 0.65,
                "lms": 0.9,
                "icat": 0.63
            },
            "dev_count": 60,
            "test_count": 60
        },
        "dev_criterion_score": -0.6237288135593221,
        "test_criterion_score": -0.6305084745762712
    },
    "./models/roberta-base/notall/inp/adv/2e-06/64/22000/model_9": {
        "path": "./models/roberta-base/notall/inp/adv/2e-06/64/22000/model_9",
        "gender": {
            "dev": {
                "ss": 0.7681159420289855,
                "lms": 0.8623188405797102,
                "icat": 0.3999159840369671
            },
            "test": {
                "ss": 0.6231884057971014,
                "lms": 0.8623188405797102,
                "icat": 0.6498634740600715
            },
            "dev_count": 207,
            "test_count": 207
        },
        "profession": {
            "dev": {
                "ss": 0.5221238938053098,
                "lms": 0.8429203539823009,
                "icat": 0.8056229931866238
            },
            "test": {
                "ss": 0.6106194690265486,
                "lms": 0.8407079646017699,
                "icat": 0.6547106273004935
            },
            "dev_count": 678,
            "test_count": 678
        },
        "race": {
            "dev": {
                "ss": 0.519163763066202,
                "lms": 0.8780487804878049,
                "icat": 0.844395342908133
            },
            "test": {
                "ss": 0.554006968641115,
                "lms": 0.8658536585365854,
                "icat": 0.7723293957678252
            },
            "dev_count": 861,
            "test_count": 861
        },
        "religion": {
            "dev": {
                "ss": 0.6,
                "lms": 0.825,
                "icat": 0.66
            },
            "test": {
                "ss": 0.6,
                "lms": 0.775,
                "icat": 0.6200000000000001
            },
            "dev_count": 60,
            "test_count": 60
        },
        "dev_criterion_score": -0.5796610169491525,
        "test_criterion_score": -0.6135593220338983
    },
    "./models/roberta-base/notall/inp/adv/2e-06/64/22000/model_11": {
        "path": "./models/roberta-base/notall/inp/adv/2e-06/64/22000/model_11",
        "gender": {
            "dev": {
                "ss": 0.7391304347826086,
                "lms": 0.855072463768116,
                "icat": 0.44612476370510407
            },
            "test": {
                "ss": 0.6086956521739131,
                "lms": 0.855072463768116,
                "icat": 0.6691871455576559
            },
            "dev_count": 207,
            "test_count": 207
        },
        "profession": {
            "dev": {
                "ss": 0.5176991150442478,
                "lms": 0.8407079646017699,
                "icat": 0.8109483906335656
            },
            "test": {
                "ss": 0.6061946902654868,
                "lms": 0.8362831858407079,
                "icat": 0.658665518051531
            },
            "dev_count": 678,
            "test_count": 678
        },
        "race": {
            "dev": {
                "ss": 0.5121951219512195,
                "lms": 0.8745644599303136,
                "icat": 0.8532336194442084
            },
            "test": {
                "ss": 0.5574912891986062,
                "lms": 0.8588850174216028,
                "icat": 0.7601282035717322
            },
            "dev_count": 861,
            "test_count": 861
        },
        "religion": {
            "dev": {
                "ss": 0.6,
                "lms": 0.825,
                "icat": 0.66
            },
            "test": {
                "ss": 0.6,
                "lms": 0.775,
                "icat": 0.6200000000000001
            },
            "dev_count": 60,
            "test_count": 60
        },
        "dev_criterion_score": -0.5694915254237288,
        "test_criterion_score": -0.6067796610169492
    },
    "./models/roberta-base/notall/inp/adv/2e-06/64/22000/model_13": {
        "path": "./models/roberta-base/notall/inp/adv/2e-06/64/22000/model_13",
        "gender": {
            "dev": {
                "ss": 0.7391304347826086,
                "lms": 0.8405797101449275,
                "icat": 0.4385633270321362
            },
            "test": {
                "ss": 0.6086956521739131,
                "lms": 0.8478260869565217,
                "icat": 0.66351606805293
            },
            "dev_count": 207,
            "test_count": 207
        },
        "profession": {
            "dev": {
                "ss": 0.504424778761062,
                "lms": 0.8407079646017699,
                "icat": 0.8332680711097188
            },
            "test": {
                "ss": 0.5929203539823009,
                "lms": 0.834070796460177,
                "icat": 0.6790664891534184
            },
            "dev_count": 678,
            "test_count": 678
        },
        "race": {
            "dev": {
                "ss": 0.5087108013937283,
                "lms": 0.8780487804878049,
                "icat": 0.8627517634061357
            },
            "test": {
                "ss": 0.554006968641115,
                "lms": 0.8606271777003485,
                "icat": 0.7676674477048404
            },
            "dev_count": 861,
            "test_count": 861
        },
        "religion": {
            "dev": {
                "ss": 0.6,
                "lms": 0.825,
                "icat": 0.66
            },
            "test": {
                "ss": 0.6,
                "lms": 0.775,
                "icat": 0.6200000000000001
            },
            "dev_count": 60,
            "test_count": 60
        },
        "dev_criterion_score": -0.559322033898305,
        "test_criterion_score": -0.5966101694915255
    },
    "./models/roberta-base/notall/inp/adv/2e-06/64/22000/model_2": {
        "path": "./models/roberta-base/notall/inp/adv/2e-06/64/22000/model_2",
        "gender": {
            "dev": {
                "ss": 0.782608695652174,
                "lms": 0.8913043478260869,
                "icat": 0.38752362948960295
            },
            "test": {
                "ss": 0.6231884057971014,
                "lms": 0.8913043478260869,
                "icat": 0.6717076244486452
            },
            "dev_count": 207,
            "test_count": 207
        },
        "profession": {
            "dev": {
                "ss": 0.588495575221239,
                "lms": 0.8694690265486725,
                "icat": 0.7155807032657215
            },
            "test": {
                "ss": 0.6106194690265486,
                "lms": 0.8893805309734514,
                "icat": 0.6926149267757852
            },
            "dev_count": 678,
            "test_count": 678
        },
        "race": {
            "dev": {
                "ss": 0.5470383275261324,
                "lms": 0.8989547038327527,
                "icat": 0.814384052252668
            },
            "test": {
                "ss": 0.5644599303135889,
                "lms": 0.9041811846689896,
                "icat": 0.7876142723597469
            },
            "dev_count": 861,
            "test_count": 861
        },
        "religion": {
            "dev": {
                "ss": 0.6,
                "lms": 0.875,
                "icat": 0.7000000000000001
            },
            "test": {
                "ss": 0.55,
                "lms": 0.875,
                "icat": 0.7874999999999999
            },
            "dev_count": 60,
            "test_count": 60
        },
        "dev_criterion_score": -0.6338983050847458,
        "test_criterion_score": -0.6135593220338983
    },
    "./models/roberta-base/notall/inp/adv/2e-06/64/22000/model_12": {
        "path": "./models/roberta-base/notall/inp/adv/2e-06/64/22000/model_12",
        "gender": {
            "dev": {
                "ss": 0.7536231884057971,
                "lms": 0.855072463768116,
                "icat": 0.42134005461037594
            },
            "test": {
                "ss": 0.6086956521739131,
                "lms": 0.8478260869565217,
                "icat": 0.66351606805293
            },
            "dev_count": 207,
            "test_count": 207
        },
        "profession": {
            "dev": {
                "ss": 0.5176991150442478,
                "lms": 0.834070796460177,
                "icat": 0.8045461664969848
            },
            "test": {
                "ss": 0.588495575221239,
                "lms": 0.8362831858407079,
                "icat": 0.6882684626830604
            },
            "dev_count": 678,
            "test_count": 678
        },
        "race": {
            "dev": {
                "ss": 0.5121951219512195,
                "lms": 0.8763066202090593,
                "icat": 0.8549332880088383
            },
            "test": {
                "ss": 0.554006968641115,
                "lms": 0.8588850174216028,
                "icat": 0.7661134650171788
            },
            "dev_count": 861,
            "test_count": 861
        },
        "religion": {
            "dev": {
                "ss": 0.6,
                "lms": 0.825,
                "icat": 0.66
            },
            "test": {
                "ss": 0.6,
                "lms": 0.775,
                "icat": 0.6200000000000001
            },
            "dev_count": 60,
            "test_count": 60
        },
        "dev_criterion_score": -0.5728813559322034,
        "test_criterion_score": -0.5932203389830508
    }
}
